blink_rate,yawning_rate,steering_variation,reaction_time,driving_duration,state
6.178345245889051,3.664249401161219,9.633543261715603,1.2411866338462996,135.82016197190117,1
9.245542480466684,7.991778212224007,14.293514237330228,1.6226774295310005,233.8003609749817,2
17.28989640089871,3.691220199292879,1.5546289302824512,1.1391094970556344,143.33972976278898,1
9.438213256285927,5.365937733867495,10.928248555426151,1.030709116256812,128.96071807940058,1
19.243518436891865,1.7373200895395675,4.744901759244931,0.8266732395371021,64.72938373607124,0
7.9199292710682165,3.744568140692359,7.11558455946848,1.1844861628319185,192.0883066739475,1
14.41992935016825,3.72588169472037,7.7971720861317415,1.0040908273625835,216.07670208133524,1
18.123409119220263,1.4215499301054324,8.241066890331755,0.8355741952891708,83.1540342000881,0
9.30217372062402,7.440014635068361,13.722271954220428,1.9033476734870713,196.9575293392992,2
7.9100901884844435,9.733589248827096,19.259591673696466,2.0569480100206485,232.10733323915665,2
16.830320316000154,0.7536307762887677,1.2127706660924287,0.6319940561059407,18.45482828037799,0
10.224531369884142,3.727206895222797,14.672170472948999,0.887190777245014,166.52992364724258,1
8.4649530584762,6.233834212143291,16.263892832422826,2.173138330735552,183.7962740655519,2
20.920222446182002,1.098777851606832,3.491915016664905,0.8916161555288242,14.936911811998982,0
10.530089386506887,1.2830165047131117,3.041399539434729,0.62450405323737,119.66895530938062,0
5.621534855729336,7.4012311131007635,17.677598810322625,1.5837739360512395,191.79884005103565,2
16.3349035977451,2.0843542408843967,7.3403974183932075,0.6201444745871689,115.33948108998467,0
6.166279658576495,6.383906665033803,19.314329104167456,2.5065144958462784,201.12337833452722,2
10.247312720423743,7.648824344991329,7.095961106232157,1.5443408375279257,191.66838780441606,1
8.51118303944126,3.57110194219516,12.85902849464215,1.1100367576510164,137.20673236365266,1
12.12156882695103,4.913408846861966,9.638070897610495,1.095034395263099,99.99043004196045,1
12.074063291656975,1.6441925081424102,13.591283578776869,0.9745834491951376,160.70618054404332,1
5.377462533038008,6.890633548263762,20.12801945909156,1.5992943670208493,294.3859236607424,2
8.882323731493502,5.217427191765921,17.27121903052403,1.9946866992485148,198.63959607818256,2
6.36823799030124,6.786179143207888,16.354243299696368,1.8905454822458583,192.6327674647606,2
19.178863922014994,1.8948399554042608,3.946936625807914,0.5214636017390125,94.56405987932764,0
16.727627428505908,3.9426408995382523,7.819677586498471,0.9367147929411284,121.55294828381581,1
23.78723026604748,1.0440023488266996,5.84486994580288,0.5300717082080666,97.11571159133874,0
5.649687249499789,5.6800474635902365,18.32622860321192,2.3634714096127434,281.49151753413656,2
16.103512615134527,1.562742333429847,2.385260435538072,0.3603191798257743,117.41021823789512,0
10.070667433277027,5.704647460435162,13.653439767993703,1.9468975431866329,257.1712269862797,2
9.421551043869593,6.917372868074382,19.433998471827014,2.0647125434043194,274.3636723922896,2
24.148189154959717,1.5924726944824377,3.095642386521301,0.6633982598252406,106.34713918687628,0
6.114418124144304,6.054252228629871,13.068193415130981,1.8693885397544605,299.237636150228,2
7.4051970489521475,3.7905586546696597,17.31751127329698,2.0931739030888465,280.22996448194806,2
4.752979309233105,6.5566827981114795,10.286426441294061,2.0063236785132585,238.71270239713007,2
10.500382708767445,4.651638735147583,9.298306598639218,1.1411720367969187,107.98921313044939,1
7.611348186781704,4.517751949272658,8.284669274171838,0.6434764009539781,104.90319266614189,1
7.128910166455989,8.610762741927402,11.189068807382213,1.6983655146287375,191.79182469759843,2
7.078924398607861,5.410867889376915,14.52203544035979,2.405191609020801,258.29497781855446,2
15.877129988793907,0.9601867922807321,5.749955876679418,0.4863900724652536,57.3336484389409,0
23.9234137965499,0.40621638384669245,0.6768793333616134,0.6383360480568553,50.89132243969633,0
13.003412115175456,4.286774101676515,9.215016741872626,1.1876856628080699,204.31181570445779,1
7.620307652203014,7.20464037710092,12.622147311593817,1.5272139565165253,282.5669512942123,2
20.866732475857145,0.7573199460182927,4.562267496528748,0.7149364462560764,79.36988244813885,0
7.976815743108586,2.9351087646386294,5.070396760430242,0.8079296313153845,127.0240486524416,1
14.576199405478004,5.02289009219197,13.469854101745039,1.6124331866762855,121.6832271817784,1
7.9053583523201265,6.354328991985355,16.209494824882857,2.230466395016965,289.50693262543916,2
20.701147115735694,0.0,4.176353262072685,0.6197891950157935,114.05679788301592,0
18.464501034676868,1.1618243260969754,4.9642100459833,0.4535399927004304,27.678468411008424,0
9.284109184704494,6.208603986131424,8.46933357687876,1.8884044693518023,292.61062225185236,2
7.3441178447325175,6.117457653539833,16.038442913699484,1.5494527323702199,198.6896318224133,2
12.623581503201242,4.159117206431321,5.190349460157711,0.6555348511555782,181.34152382207478,1
8.348288010239978,8.074393744702794,12.234552798384527,1.4601885395653382,266.88917061484835,2
9.378566906879286,9.000158749049447,16.374335739032237,1.9773584851884878,275.55622757079374,2
17.12637093772321,1.7159395015555532,4.410100643415944,0.78716131090106,83.43048892206176,0
18.591308065601638,1.1940163404900155,5.359690837456118,0.549772159143583,64.50404478268183,0
19.64662936396362,1.7370796823891972,7.821136010010317,0.782171870086102,108.462951477719,0
11.713976726409951,6.076386177828603,3.2632423073045116,1.258620966384996,150.45459221498746,1
18.892442576924786,0.46262336859353814,2.4916780260087923,0.5167474947683836,74.36338270198371,0
6.66233560364096,7.938400494336962,16.953522872574712,2.067989272082745,192.80236610718958,2
8.898991310561467,9.16177835020888,11.671030813712632,1.986599684963788,234.1049077682688,2
19.56744403843433,1.8896804953770707,6.3705801694219355,0.8103013988878682,98.33832065715194,0
10.310370797872139,3.157651242045854,11.155637956778062,1.5362057119267785,208.7219305334811,1
21.359283856746575,0.9940958800443416,6.534593677412808,0.4275311133758462,93.77815768615893,0
16.81878114218002,2.6314650558759367,8.685781429656078,0.7253435847374574,97.37296797668932,1
22.39495606397256,0.2638091761788982,0.9491638333590409,0.7213387083418517,110.24731090864938,0
16.719034682205194,0.9807777135355168,1.719466721549368,0.355116239551186,17.261082855426572,0
10.151363794450585,8.05330647088392,18.86838712387977,1.593735489402547,271.5933461912373,2
21.229626791236402,1.6525897700314376,6.720946976719491,0.5125383842146592,104.75069959997796,0
7.468745526676807,6.674731092151682,15.544126313326505,2.0016324471698823,283.3343002035325,2
6.277071341673077,6.430781115982383,16.58451645695679,1.690876326159791,281.8366077543671,2
13.557781063073135,3.263356932311539,11.136651363408507,1.1500661971590187,131.2028875226261,1
19.038687050267942,0.0,6.487803353760587,0.4750942172091821,111.11288341590976,0
7.26224106770251,3.517493887902579,6.335588568630026,0.8171346950696546,214.7121075860678,1
18.168606455270044,0.8725102142832748,4.258834475198435,0.3977929332089749,34.15984214540259,0
1.3121126704564645,4.905656304645714,17.875868537626204,1.909085090965889,252.46743601737268,2
19.73780957287598,2.585353445120023,8.137557208205697,0.40078556063493775,87.42428007977644,0
11.753908091072526,4.892036273808297,10.022729979334185,1.7221563689512178,168.56699174495662,1
6.3809932344804094,6.70955896056453,18.893252374361047,1.857029337425932,236.1048314720243,2
11.790894242646532,4.170670240835659,14.95898700654595,1.4486114962821026,141.08184965361488,1
23.06432111353876,1.9815465791074462,4.799691847040094,0.569448937473455,38.787625210949656,0
12.141896229386184,4.833602948942302,8.69045541020337,1.5215041121671768,103.02747537656819,1
18.604172136863802,1.5253862743022237,5.361166243055763,1.5972555711436673,141.06213402273164,1
22.13214875724794,4.81180897172797,8.771978274344127,0.883166529243874,145.11430333022406,1
22.412378739795333,0.31957177700236483,9.970379833357782,0.6397162966466969,60.69881720272401,0
15.989383095615228,1.9893034604510866,7.580440502630315,1.7031601529898288,116.79900083642133,1
11.223706764382865,3.4035370157971814,10.164084596123878,1.3324259279678852,138.52402516380494,1
25.836089393167555,2.0723251360913744,6.740898339482615,0.9128115933138223,118.50554203311778,0
8.161056297835678,6.527641642122684,15.48776473499601,1.5043944817221417,250.56572620147654,2
22.122732492040193,0.4692510742244096,5.075149718671732,0.5527963756817861,51.740751865281126,0
5.676537251455849,7.514946536386232,17.556745128536935,2.0962688519490214,202.35683018091288,2
8.111994103142887,6.5367030541402675,18.5363815989231,1.3586191271832329,208.80403012491962,2
24.50539012973991,0.8740629329812712,4.997464293025006,0.6901407571067589,112.46885540707882,0
12.26172431346183,2.207883116758329,11.194186524559015,1.6958249110542676,210.77271514318414,1
22.942487988982986,2.425439127016848,1.6867535846444524,0.5213327795606022,94.54394640045223,0
10.871828101444825,6.0591138057076455,17.83158518262798,1.948790340970053,242.12599995630256,2
6.5907397147646325,4.118535325061271,9.228351889465914,0.84532607940348,107.03189207636987,1
12.316317678544113,4.69638301271146,9.02968914057179,1.612237617750648,148.99892456340746,1
16.630616794142394,2.577540845559417,10.525463321999421,0.9849948276191767,211.05921869325675,1
8.859234749679281,4.813563965075834,6.145816700747599,1.1006926997375759,91.07962934603286,1
13.506704161055922,2.0532152640474814,9.659935617678101,1.2394654920532486,124.43793515471661,1
9.012481494623273,8.228362459520927,20.660784431349484,2.0155324096379137,283.1735585964596,2
9.62059600915819,2.571105039115994,8.618823002030034,1.1916091756539053,101.9519316697089,1
5.639330977641869,6.726489455074571,16.979684291014387,2.2847476111823806,208.29138154362877,2
14.144230617503121,3.069501356432127,11.514252065713992,1.131683699076574,175.37395183937497,1
12.295205000444605,3.1040417931556923,7.544164743848944,0.9586569785785198,218.79425718218866,1
8.492633045118252,8.149755650508368,18.35251052117343,1.9086617440523403,211.65409229379287,2
13.068505393417482,2.5208965850140856,8.14719927846517,0.5136333367613939,85.4463902595111,0
5.092167716008158,9.057808879743554,16.959350621679015,2.1539005653987653,265.5647130310358,2
7.960458523811406,8.07379694435672,14.48690439885818,1.9897550382441394,212.5003245234799,2
10.942638805086775,6.577956236544351,9.718289293860858,1.5489002909115912,202.92166216634695,1
14.408778086302812,1.962061204180182,5.359828739092833,0.7256745802844221,19.39427327199612,0
18.62555004002752,5.567273754211271,11.698560809263169,1.1628021078877293,191.03416822714925,1
10.566631787809266,4.36258028491823,9.078423671858934,1.185606019824432,94.36269361414264,1
4.250034081829309,8.706755995396957,19.502284222122366,2.1168876268775323,251.0982697143345,2
9.429768060366069,5.612932179398243,16.921928061209016,2.450329399942026,273.2847755052659,2
7.6737847293908965,9.368284180560225,15.550113931311188,2.1037576425772535,283.15108694968626,2
9.9967899148377,8.290601435133329,18.428080216031503,1.988803615941443,244.24770329105723,2
12.826989592902775,4.679365970454844,10.785581977870821,1.5702509576374126,129.78769576810288,1
21.673592883554736,2.1212788743571434,6.300900185072278,0.3745379547360273,42.621590342652375,0
12.569741912760334,3.9211252667770804,9.983840480157737,0.9142040311801586,145.6462129524697,1
7.036468815261762,4.57941849489773,10.944287684365491,0.884603455728231,153.59339500111471,1
6.744732249630351,5.354599296332136,10.152515579829517,1.2629937842273349,113.8503530159503,1
11.030497002892545,4.322574827694585,8.444086007546272,1.7155091987291626,128.30435739812506,1
5.930264765809305,6.865423256811618,13.544365630624583,2.118153794741067,292.70549919479504,2
8.163762599152081,4.992435197746348,16.83292398260327,2.1597955998886587,297.29045695282434,2
13.829727367963931,3.8266145902666846,10.100702944207018,1.5268139508463823,163.479429552208,1
4.845666347682944,7.995074573271078,16.056333170163843,1.9818380158857938,214.67723954976384,2
14.16691645134822,4.248515416410835,7.147735034248132,1.1739071707119828,149.51577451100124,1
24.809910990612032,1.2537175877683802,4.9082774812619565,0.4753093839071534,79.31024395478298,0
16.912723688972978,2.3290413844865236,4.331505817699265,0.5523229640234125,37.526718798105485,0
27.883457082871196,0.9844250407383224,3.324581136210061,0.43809113143509687,77.50016932883221,0
9.002652269599185,6.865411635508332,14.791995366289806,1.7478915211626929,181.34867791984524,2
5.805404166949075,5.466165621972042,8.800688465670827,1.2471437351107604,106.11209525437712,1
7.350827283652823,7.5205994083004155,11.628085693043392,2.0270374995491167,181.84507488533964,2
21.409161776665144,0.3025834495667382,3.9169819991075174,0.5892529671282527,49.852283900022535,0
10.614764875961619,2.4351961865960345,13.37930115023809,1.6805977963840237,182.08666168502594,1
20.398605460350566,0.5972194767070407,1.8986731378677346,0.610284446220904,80.96900694503948,0
6.562155453175976,6.534383442610035,19.86037300735903,1.9042958523391689,197.6980769684721,2
3.0317438664847822,7.790995119221008,17.581213596034345,1.7087260426367392,227.99713789045705,2
13.396776526185596,2.649941128543224,12.824960172821516,1.8443354481721537,122.56518521047215,1
4.605666814619539,9.509484554267429,14.136595603611278,1.6171109882650707,255.20761040265424,2
22.317770291469046,1.1181594601814215,4.032377736917807,0.5502815553413042,31.721753884593106,0
18.54018908182846,0.3286322661287948,2.910381611957933,0.30504651159359975,58.33454886638974,0
9.551873997034047,3.6744744166516523,7.3242422015359825,1.547199688702065,124.49212910840674,1
5.854571672869599,5.877806682090316,14.289868022748971,1.2667957457234755,258.370470114765,2
10.282118991913464,4.174981717625547,13.277882695519324,1.205710252864823,117.74999709806595,1
19.367968405684042,0.6584951440420639,2.975791249479665,0.3517714992201346,69.11351632317152,0
2.8997219148892937,8.900773197608325,17.489098730904896,2.0087533034032514,220.90047292203562,2
11.413565449230202,4.470204910464495,12.745730697523559,2.1319395591409673,280.31346448929725,2
19.113460453716783,1.2287095738054339,4.348539089499106,0.7110818048811655,44.60463967554731,0
20.580322598036975,0.4737700885635382,3.351432884642497,0.7024890584254988,102.57842082970515,0
6.740966153873999,11.823920864667498,17.465198687087337,1.5575629602377083,250.8524736934698,2
20.163676701582883,0.19825003537482178,6.4816486908402515,0.5230179650292622,11.616272752044923,0
7.96949781052644,3.792134282377882,10.004631905236758,1.8839536448923542,103.42906211572638,1
11.96833069535744,5.123384312953853,12.101786191831382,1.2370372668507428,132.0015371482918,1
20.04141047937352,0.0,2.869772673849255,0.5542162943467999,50.42878645206846,0
20.990047666304818,1.120324350540931,5.201040189016324,0.6881597478719913,49.283327523055306,0
18.11061651538745,3.7338577587059296,15.30759423663233,0.6123679016113219,97.5460238124055,1
23.19339220539643,1.1404576493723906,2.462616046313654,0.8679895535890043,104.5839939368634,0
14.189458086802892,5.670305065215903,10.065666463494505,1.2950856020952346,104.70374834522357,1
18.96163459454558,0.0,4.508513871828112,0.5590914645378494,64.82045500134276,0
7.976308529077647,6.225927765847333,17.639573248160538,1.9285792193130145,207.77442147884597,2
9.997999856350559,1.3097008785893043,10.616367061108908,0.9673180186192827,127.46755589825378,1
9.837808138950367,7.798043254176032,16.3737722738262,2.018543299947072,297.9131989685693,2
5.848433141313983,6.298423685173837,20.717135899133922,1.678268875029239,185.1052181915881,2
14.30351035336825,0.634877453727914,1.3592039038563288,0.778146170903836,59.38028948520691,0
22.00579332609922,1.9265493223456223,5.514233740112559,0.6471769343794758,30.52270647746394,0
7.692928455762029,5.730800637176353,19.032883557583467,1.6619615591106525,208.84487448377595,2
6.840716043588429,7.34524930536909,18.476242354746212,2.4894223004947817,271.38087716118287,2
11.621255556751237,3.2636425139436587,10.217832502708657,1.0069808813398873,129.9481736214981,1
20.06449915160189,1.114645044000003,3.9681893737353198,0.46119116135355653,56.69421159441887,0
7.00126970576803,4.201249601309016,14.841769056909383,2.006721882286864,297.2701674287134,2
22.610585628708314,0.08985003475941278,7.425216474840913,0.8602247836840842,11.786778753039908,0
10.718737607078307,1.6261038610532146,4.951534332260616,0.7803676871974607,61.909276162097534,0
5.195123277676989,9.638533022805582,13.282798866648097,2.3962691554839854,193.70205215855512,2
23.05791288122316,0.21562437206248175,5.56811314105974,0.6386362456333792,55.661789454042584,0
20.125966249047984,1.5520589410692902,7.175420852315732,0.7037427862682082,24.411608051551216,0
5.6027734923772705,4.171127090514278,15.672073910257687,2.01251584310353,225.73198195111553,2
6.966671733404113,6.473570886792868,16.70759519724871,2.2454545437799003,256.0358924719336,2
7.96865087540541,6.013614576565293,13.24091404371607,2.09642416574844,281.6308101731754,2
7.835362810034495,7.140047789397392,14.021719338351057,1.9012003780709785,206.54623872929474,2
28.57202821833964,0.6241884285302906,5.317512101875086,0.773401000417669,31.70453676336659,0
14.034954819402483,4.247531687013882,8.319391922979314,0.9358778092240798,216.8526137247349,1
15.422357401357424,4.351610568710386,11.756564598570604,0.6986003197095684,106.02050684127451,1
17.584080453571104,0.11881299441843429,0.9306366546106553,0.5456095749480457,93.04342201741619,0
25.404291569652557,1.7089529508678365,4.87472084534553,0.6364685187769339,98.20241852980865,0
20.638591077631613,1.4571267101750243,6.569563168028378,0.6932282772923835,102.95436137863068,0
15.567679383767356,4.800694176915091,9.915346363188311,1.60929787325126,116.6978640096981,1
19.399777651869893,1.1004611627772338,4.65385635143226,0.6023368571372201,45.70444128902973,0
22.8145664631727,1.1273271562656846,4.587038029646306,0.6840722098207402,68.04452128438645,0
8.471104270960446,5.127465283432467,13.607480258562976,1.930346288409869,243.18318398102105,2
23.902853510677,1.0006044059636765,6.3717156372168375,0.27694041393128077,26.29108784898402,0
4.377712356426048,8.320321209436266,22.738564040674795,2.067038784048334,256.77260652167575,2
6.848326559509561,6.41481896586791,21.017218096360473,2.101462580035446,277.1934010983483,2
1.2116298848568325,8.789153502470645,21.38406684148765,1.7162800421182862,234.271531502833,2
13.334408994058725,2.168465207398012,7.708892022463129,1.4911642353456593,143.1710057757155,1
10.059995962162532,7.5521109198566165,14.548227964682264,2.0180329141850195,243.0606171780953,2
26.72596982967206,0.29290488388741653,5.294596000778168,0.49792589283539285,94.92349645695903,0
13.144054743464748,4.049455330033602,9.427042574566086,1.0868960151039628,121.58968707190787,1
9.253568912729122,4.151751062872828,8.491393738987131,1.5536597811110817,174.3094406743345,1
19.730890140345863,0.14027116845370946,3.435292154996013,0.7279747959619787,62.88647849977,0
8.710588426404627,9.000623572941276,17.51348703056592,1.7326456434239688,215.90346073580704,2
11.941408831598693,3.1436453281546393,8.368049759881949,1.328212813641239,169.4991072999206,1
11.798082990096853,4.661982722294889,12.433990956764253,1.4475551173660104,124.52074402442138,1
4.70358541605658,9.758131751368172,20.81707032346253,1.6374029297226862,268.8006646330855,2
5.06113511342336,6.594561523563257,25.0,1.4291930971824418,204.2282584079927,2
8.720368240436153,6.827774440527361,15.090874537158776,1.7363338658765417,244.50777798992567,2
12.153611731721893,2.525981481714515,7.007867887752742,1.8847027014679694,134.29925361535533,1
22.456451868792428,0.0,3.6637281399367794,0.4828091250458409,98.64964267867855,0
11.581001977123941,2.6337423284277848,5.310649998398803,0.6597220897683805,17.13892074922504,0
10.305668372678054,8.670282030187508,14.06104810690775,1.5784121089461767,182.5398537134489,2
15.594992380611552,1.390138619938635,6.494736063223603,0.5563961537953435,62.13578042891596,0
13.048845993085155,4.160199302873646,1.080081486122328,0.8203090664730567,175.09602402488983,1
16.542435716343277,0.8872576685779041,5.633080653217264,0.6284491315595131,57.742306997963475,0
11.565399734561717,4.486988904008577,10.04912272579388,0.9039171790495328,101.15540032222705,1
21.135004094646003,0.2097013272794006,3.306298067749271,0.7874428357945,62.63812069114748,0
6.278928341790524,3.954904490261291,9.31058889005268,0.9113007697664748,93.70740420846803,1
7.4585084962654395,4.757050724315387,15.294741416652315,2.0376626603729884,210.16606500519407,1
6.395289497374712,7.002968227011456,18.1673732125887,1.9581515611464517,193.32311378540268,2
5.971317478858775,6.462070075955422,18.39465086071198,2.222014034541589,253.18525527697273,2
8.752425158643327,8.485449320649286,17.3371274204061,1.3597687894232091,255.28981335243543,2
6.256639322657042,7.958662488247227,13.925408772735047,1.9033720701583086,208.89052977813685,2
20.13099493300468,4.623845221722294,10.630024924067767,1.384549195283574,143.9156543288992,1
22.938004259520184,0.23640219043086352,3.497641150672143,0.43043579203192045,92.11405456298266,0
11.44906867754242,7.134694130484916,16.791008034048104,2.0561177873678,185.45510707084614,2
8.04378246827017,6.582002842863118,17.688159580246236,1.6065777212009342,290.9573655098897,2
21.634429230807072,0.7537532230888927,3.3228284031055377,0.46699786165748136,10.071872983742951,0
28.17328195872922,2.295689724349849,6.866024280776699,0.4857397626408271,30.574812341327572,0
7.881014345207247,6.766987668825986,15.924120420672981,1.664376402003203,251.6549252613059,2
2.3957638978618974,6.771182578544323,20.15230009267031,1.7685655218085248,181.76150820812822,2
9.635354498094255,2.730476005589309,10.257779827997219,1.3516258677223474,218.38745068672654,1
13.005812060169895,0.0,6.768201673118359,0.45739743128920096,64.54633085866479,0
6.984870680650702,8.415275227229063,21.281884103873477,1.6478695711990878,196.0087777533856,2
8.473550817806334,7.780602644103037,16.46972124699021,2.16328944137808,270.43024307993943,2
7.594334294449816,8.407893704762667,18.613135879435653,1.1854026180590025,294.4758279990329,2
5.763206294078695,7.310323794635186,19.992411746919586,1.7981992466751817,213.81425959254705,2
9.994925508027334,2.326565874561428,9.879888377436702,1.6599037626747548,205.5978217451448,1
21.928266909341545,1.2949865178540159,5.787594596432503,0.3108491130981585,102.41188862831198,0
13.836470420866656,2.9213514269472043,1.1385295437981267,1.043068707934651,216.52992033504896,1
9.912571168121502,3.8088057069887786,15.353676666560759,1.1503727843454319,141.12204042296491,1
3.05636966453612,8.765175073261481,10.602997479365778,1.9751327780547858,222.02581561578114,2
7.415531757983807,7.72841887022428,16.08346865688329,1.7913998383028487,255.50627665063362,2
7.719042124280944,6.399665571400648,13.578735820787255,1.799972887515276,237.0840025506591,2
23.317622324733957,0.0,5.471229116217132,0.715629779083045,22.858784477920047,0
4.6517912392476575,6.128624234208822,11.692135065915952,1.835481389181741,239.8080510794423,2
5.984937312948463,8.251150857865102,18.735440780712405,1.6993665283656632,292.5284963874507,2
13.707867969810192,4.086002264656293,9.272873625684666,1.4886631735743294,127.89680158476594,1
13.232495889372451,4.642714476212857,10.511665461838318,1.0161031533199363,120.59232162476745,1
17.48605717475698,0.7658955037358358,3.620168043942151,0.6062660486047368,22.159748293943856,0
13.82914418596053,4.336600027503799,13.629364563531432,0.6568749649926765,91.58438163152653,1
2.138134705969013,5.704952857347061,14.269756523593367,1.4924868194487875,243.34756608520712,2
13.594996787815784,4.547919818438202,10.640683599067735,1.1390050398510811,179.27981342763206,1
13.47194045989433,0.276041733649547,1.3859172101363675,0.5587732048995312,115.77725864798916,0
6.628526473163003,5.330853882518419,18.845017837987566,1.6655320422326245,192.80280846591256,2
6.060359820994167,6.71810593479889,16.594505449546762,1.9191068357822083,279.2454589371396,2
8.603210319452742,5.881910001943405,15.663208698426107,1.9088686860616304,253.0042308835483,2
5.469027091727858,7.162702217258142,22.42509399209146,2.4469123751817734,284.93265421928925,2
31.020870974879607,0.7555115086769573,6.461917952752432,0.5024010258947424,63.51310423056652,0
11.595029316068816,3.138833034867351,6.688724312193051,1.277878694009686,189.50618817682033,1
18.55613533672368,1.9274638426913984,2.8378733448002054,0.6923903410416395,42.24625032871146,0
22.889525431311085,0.7017334783265864,8.45392770246681,0.5400545721578096,107.4815358511582,0
18.506402926493724,0.0611438343902998,6.591813009694948,0.7572796407761401,26.928549697384057,0
10.515029403275802,2.944433280732477,10.896575391251739,1.3905759194544212,218.17666129911754,1
15.524442172757075,1.7452228662954075,9.01661483236761,1.1875019929855994,219.21970534377724,1
15.38973851335994,0.0,5.330045596218677,0.4716106623255948,13.95365011764163,0
10.34748750796685,9.19946770437679,17.89919964249168,1.5463011481129312,271.85501366962365,2
8.652580249244552,6.9618829460176075,20.40764031918097,2.133252600179769,220.35166555950178,2
10.71125506322485,2.3703879291501933,8.387469187464868,1.0433075017580924,183.22553311919802,1
17.12264666796528,5.1000477671068225,11.64257959130686,1.4176770526446965,172.3461640666548,1
18.22782391548607,0.6164056260806052,5.593151090281523,0.6694777192901377,109.90513375703551,0
15.88761436871228,0.9223054391398859,5.2978201516927435,0.49808386156024304,91.27533448463359,0
7.414242554141747,7.279071568226818,21.74936296304906,2.174147996843665,246.86077998659286,2
8.275863920110577,4.665194598697562,14.24412840605089,1.8026574527510724,262.1037292169617,2
19.027755204476534,1.0018303489148033,7.140730320459859,0.7907838632907984,14.2240965058979,0
21.920238320346733,0.0,5.379695672424929,0.6865137099289608,56.33728586234792,0
5.681401926299099,6.64576814821416,13.588184869818509,2.13935554764349,242.78964902879758,2
16.03644890365176,3.2217314520536187,15.584119213954665,1.2827622019125446,123.81507779200189,1
10.848066999600986,6.895741075031467,15.8547602223638,1.748373989483517,198.11579917563537,2
17.508581987594866,0.6654855727925825,2.4231052404853504,0.6151226133381078,39.95380591713058,0
4.861112027208886,5.215314030976353,15.585495561160302,1.9009827721308945,225.00707329357274,2
15.451284896789758,0.28573632214553635,8.065866741071115,0.6049061634403151,104.41552327667438,0
9.107470635297867,8.241197201874268,20.058406449041534,2.1276517169079487,290.1392464508634,2
15.300825540435719,5.895840346726609,15.889473960976648,1.2997965214431324,172.86081054852892,1
7.079696479030647,5.135760912505263,12.712186660988792,1.7916572696164512,286.6261659244042,2
10.629907154930262,4.406792216571303,11.368748465585599,0.28660303822705147,179.3606886491429,1
12.209663987608225,5.409757232057957,7.702287967161856,1.2682079760362484,146.23994127336593,1
13.110626572520857,0.0,7.138288527871827,0.483984376219851,112.97942205831558,0
11.44616701668885,2.610744491270477,11.53220664882182,0.8946151661594548,110.53302841482986,1
18.400400039562733,0.4038657837461196,4.790064584872752,0.6919186112374934,11.024131983858904,0
10.56783721321497,6.993621854920087,23.768169152167147,1.9434058391575109,271.2857553443597,2
22.6836449931075,1.4830324162223154,4.216246469226268,0.447335353638457,51.068847713501484,0
16.917769550225255,1.6926738735251967,11.731216551505419,1.1465930129808484,97.13763581840067,1
4.843310415127958,9.264969415623234,19.773030933559614,2.0776095428183847,271.32031533120283,2
9.73724684539702,5.958245257922785,16.686547624287723,2.305587191619537,180.2046037802718,2
12.824440383592464,3.5517107636164376,14.048327516916476,0.9663930110624817,156.68724944886443,1
8.569618618914784,8.039286811895458,20.69287079058104,2.1012154967307324,295.30633550699685,2
12.581255498027625,2.329064168196174,14.822258041244051,1.651571606821924,140.4635301359383,1
10.306915339316522,4.219568032366314,10.85461305223253,1.711213943946575,115.81578716939084,1
16.317668423976485,0.6060076873330676,4.230408931653869,0.6432948226347569,79.83973250684791,0
25.094934480558223,0.7664378633395039,0.0,0.6518276915833149,34.43185915178033,0
16.800237973192264,0.0,4.213894485877198,0.750244773781284,97.33286467970365,0
5.872167060771578,6.690271035300904,14.59426087134905,1.2976304278707798,294.6577073736996,2
17.573198820938813,1.1690269538235782,7.4001579128537225,0.5262146328740692,57.681945603119786,0
12.279063864664295,5.1011191243115555,12.629246099393919,1.3602343404891808,192.90033082331604,1
6.712133231967864,4.842734644906552,19.138339317542723,2.466433263643756,247.8061903548484,2
22.79692232288056,0.026672629978519047,8.257876451287151,0.3588157790356396,21.819560789179896,0
16.111390407189354,1.7858555862043546,4.804338375800113,0.4338087493627506,76.64864966974314,0
19.13685149468712,0.057790833606913505,7.939568517574991,0.5066594665659006,73.8810853777087,0
6.436922779685238,5.813125705348648,19.331337832567897,2.0489202990936084,270.3151988921139,2
22.00266288552484,1.039818949744768,5.014126317256353,0.500951829078983,89.02993420548052,0
12.035588037542352,2.823054389903729,12.219832154137949,1.7039242146664586,198.2612792330283,1
8.367722227863984,5.070295759645882,20.41895073288949,1.4739094659787915,216.5994621963223,2
18.538713794751565,1.1477442446919268,2.305747420940607,0.45425789422340224,48.46735527204345,0
5.175348971867284,6.306251270200046,17.028560397344943,2.4455393135144776,282.5502922571377,2
12.058933367882538,3.840269363779164,12.921300807817278,1.4588819133726671,207.64699463161855,1
16.698011212829954,0.7428913266776052,5.825862908551248,0.5154413170794038,78.00398696478872,0
5.083101237490385,6.137412705718945,13.806217080018865,1.1735860744368165,287.4433851423102,2
6.986292010197018,8.677704117165016,20.307220182804645,1.5450908004046449,220.9667666377149,2
14.380185605326673,3.5670803041643895,11.85665445359528,1.5374961319140492,201.3559777495695,1
16.12781696595902,0.7517538356920771,3.771353711807411,0.4935316511649697,42.98873522939898,0
13.117944559440165,4.199791752538149,14.628209101839328,1.273042523141031,101.59685264620529,1
23.758317649420714,0.2799566138686005,1.8531004797955628,0.4168383803867899,44.71965369038675,0
12.559723315682668,3.7267075231081987,1.5885528899262393,0.8810336277606537,145.10696775960977,1
8.925227149423264,7.0630585554958465,18.72170398017286,1.7842200620453306,186.46642181125966,2
12.972070302666197,4.762422173558968,8.71818225470339,0.6460735022842498,158.39855875958904,1
5.665869434940467,5.628152620011074,7.0053785245287585,1.7785848846453038,242.46841282438572,2
24.355078616866688,0.6989594200600031,5.037638099481197,0.4242518479023657,16.824555865220972,0
3.2769732786815995,5.8528475652212,16.72738891516813,1.997126520169448,255.1068258646593,2
23.539961868746662,0.6283762010840257,3.755525670187442,0.546676703862546,86.64108819005656,0
7.563663003133015,7.977080068280257,18.101108408943052,1.7807622490646093,269.709374337117,2
9.376080557555838,2.186735159304561,3.8413767389522953,0.8457492249023593,200.05160085658218,1
17.100926167018105,0.2997117111321622,4.0870054030632765,0.7926655579166075,64.14378016162135,0
20.563544987644814,0.0,5.646335428369563,0.5778596120551996,38.522643475235114,0
11.413220289452324,5.690855159694508,11.647380026675096,1.0410021204889572,110.43372130908855,1
9.275538154176989,3.4933591782343067,9.346147281269383,1.1298276043665316,95.92442780979664,1
14.333205141743564,4.089623011164263,10.067501164736319,1.429139931708978,129.7487333286556,1
19.400237123683564,0.0,3.9506751858663938,0.6740482271464726,22.084942511486126,0
8.15200690002568,9.716309850391738,14.685793243657018,1.8616294274504495,224.2963089556962,2
26.873628290593846,0.0,5.193352242280464,0.5514101248571672,18.95919341802751,0
10.791499714575588,3.7968053714619434,11.966663074865359,1.7417006634348795,135.42526465019245,1
18.067254150802505,2.2591894106320263,2.5484686739953175,0.380343767968527,118.64145201096636,0
12.082806787852679,0.8814451668939878,4.264595347564426,0.5309773557485387,21.60650110413212,0
16.18152759219976,1.4145751603563292,3.9876218778293278,0.573072813769128,39.69710005410083,0
6.007772040433247,7.1260326413996395,15.746689640933406,1.7041791143309462,210.34227239791366,2
8.807465568596822,9.094887343783371,21.244541374207778,2.187378059600871,257.8591051800737,2
24.75565348589857,1.566643077760851,5.702896415083166,0.7605225357474641,19.746518536664695,0
7.4295980299586075,6.440482522775287,18.336432305583667,1.4721882012048826,263.49100055906166,2
13.775403573435048,5.511140453723402,15.58860736420053,1.237399018022267,140.80836140473883,1
14.993842303238225,2.155011683258608,4.835697643214862,0.7675943747382191,116.5012770706194,0
6.023974393655828,7.273881706321505,15.362623824897192,1.9751290849003134,207.04349103843884,2
6.595113651633328,5.308743629370255,19.917329734862562,2.202697443079494,283.5688798308688,2
9.295560633424705,5.559902773674174,11.18476530162408,0.7440696351569882,198.56640123461654,1
11.85687552997231,3.300874575320635,14.241324182478781,1.076923189223674,136.14245538360143,1
11.71462536733959,2.3055092724212436,10.49647469239942,1.4898418982583146,178.5995500271012,1
10.01901221474588,4.362917374931346,8.354305148328624,1.1334914889723122,99.53689873719955,1
12.933045223134574,2.7945894028806118,10.32519474426463,0.8212426217841677,166.71513490478122,1
8.517658536551654,6.7286169585101945,18.88011754268628,1.786138330773422,288.3437752549969,2
15.552886803462233,0.22689672496634472,6.549160995463483,0.62686710170527,41.67275035025409,0
9.95585347231907,9.723516182620475,11.791212782760667,2.2875146822563717,217.89977941836685,2
4.777669402200029,6.483481142599437,14.345417799695111,1.9158818404704403,235.7371374860806,2
17.201097968029657,1.1711839285873777,4.77534390061834,0.5668545600700166,98.68214077723675,0
25.554329076161153,0.0,0.8432466901621138,0.41390398834686437,71.56043644390397,0
25.3335492008817,1.465499165458564,4.361019858854662,0.6814310022155506,100.50362673355652,0
8.508700666042058,6.133652730356746,14.118607016415494,1.5699713977095808,259.72304299855733,2
5.649292224130955,5.495096618342149,5.609120625903139,1.0859784099322638,149.26473649513338,1
19.6516610954274,2.5038996395368063,6.041512240717422,0.5508290310185215,73.47224418596142,0
6.8120952687354315,7.599376829811639,12.488455209613274,2.209528571349887,211.95747787175696,2
21.252447074295567,1.103865533030426,6.612730849315417,0.5099233472722254,16.089579863225048,0
22.12438640913843,2.2979986727208113,5.044407869085274,0.38086125920225133,44.34087102260423,0
14.123034732081729,4.607841269663101,8.024579214216232,1.2521770535925456,156.11512984293296,1
8.188535263254536,5.155871840672727,9.67604894196217,1.1661056630680169,173.12081516739022,1
9.794513069799098,6.330493612198241,12.89962124499824,1.6270772853060835,104.90421439288295,1
9.00404792895658,2.816350489537189,7.548396791493957,1.4671255756470623,130.3028400080933,1
15.566970152736053,0.0,3.3429691277250004,0.500582328180845,63.1343667314779,0
8.145611520204593,3.981714344199896,14.917911650107289,1.5236157152409044,142.2331771433373,1
4.8510744672879955,7.889756486497045,14.704703533019881,1.40098398659214,233.53536113030236,2
9.0344129764023,6.68911186744695,11.429290500151374,1.1540218339802084,168.37814548520913,1
21.515334530757915,1.5563017891213833,8.825453700613044,0.2739346643379012,103.45601924807039,0
10.67588405998455,7.633215538292894,15.253829727752402,2.1504968282135755,262.7294050116615,2
15.098922704742094,2.428028134750001,3.1502840961548815,1.1359701908736226,173.90743831385453,1
6.380630167447433,6.225690802965304,16.46400121022335,1.7035460941135678,299.775613910859,2
8.26385282459032,5.788651277909301,15.867525715626195,1.4426037830526166,230.40416479959384,2
6.27158694629623,4.826064316855372,10.581293735934462,1.1425328524595266,157.8079366888458,1
6.894891676159613,8.729991645095334,14.529427281313936,2.1724270894786417,220.6611541899625,2
20.783381020390728,0.21730177790797434,5.816505511428944,0.34461245936432394,81.65624271870506,0
13.818455614606084,3.5270506353306494,6.881885182207061,0.9395157804600118,139.58734067372916,1
7.432610822496633,7.174848485223004,18.238832780831228,2.1702373522084906,223.33086947943514,2
22.73864492217498,1.8559307483287775,6.460567638613929,0.6361500380095868,11.9835210807753,0
8.149385987415199,5.993628433472844,20.247731921478028,2.200319452771229,206.1379823142249,2
19.660440725990586,0.005340857275120903,3.0770232606889247,0.724627848641905,80.4676701903776,0
6.746407251758589,9.21025578254488,16.214822986801668,1.3134039412513026,240.24859287837882,2
21.488525564372644,1.3830977311454686,4.951646045803741,0.514349292054064,21.542319625999234,0
17.636687556370095,0.940016592737959,0.9611877424183968,0.6823253824527693,62.07784269534536,0
6.623166306182547,7.62349505880791,19.04756955697893,1.4598898145683843,271.39523673471535,2
14.887909666254496,0.0,3.229673002000305,0.8328842723234462,59.35629848847837,0
15.896527576122095,1.0498650796952984,5.214339830519193,0.4382230887953104,113.0227239877923,0
13.43905653334612,0.561747810618724,5.52505602464665,0.34434499375556016,59.40630230054338,0
7.149703624431236,7.410282351212526,11.55378017355272,1.9471117510590303,191.30309484997645,2
12.1955925438455,1.114870349204128,1.3640415492256905,0.7139568443226252,14.319635566581754,0
6.725670178251766,8.180910542224334,18.80282205290964,1.4854111645038985,229.88734791354364,2
6.32389928254299,3.9254367202368297,10.685446533154575,1.1741513687701517,113.75032565247976,1
8.826071969292524,7.578115265398072,15.360728794199016,1.5717593802388883,191.66693015117096,2
18.723784257333527,0.36317931455720875,7.152014277197196,0.6031967473007913,64.29012383741306,0
17.929229708523142,0.9295270047767413,9.339873176161085,0.38644760446741155,72.79977591273592,0
13.350164013555439,3.2925052048766466,11.460526206902474,1.7031718778923368,150.8694325320422,1
13.405246074566335,2.9801539943121664,10.343150425407801,1.3120336066333318,170.2199489008094,1
9.899439170722456,6.98111683202814,14.302398304075552,1.7926110930312449,231.01964935863793,2
18.93692165402407,2.1467379358601346,6.05613673549247,0.6733037929063826,104.33185714274121,0
9.986028577029066,3.4244303135276457,8.24139334417815,1.2832493917301597,211.9129972822816,1
12.53781959568751,1.822923503564712,5.859126000406959,0.6650082923600842,62.50854379346414,0
5.1236402975575155,7.535743878551906,13.312158989233662,1.9813102758583734,281.11526386351596,2
14.292562848406693,6.367029727656286,14.147300022716298,0.7966961985508345,125.25879764993536,1
16.490063911377472,0.0,4.559963944680652,0.580888969141506,21.415217949821475,0
9.274492465463426,4.724928946526853,5.148484329863367,1.303893813067466,214.2307793715763,1
12.400696246607934,4.810797343908372,7.609656301992474,1.0624804910361618,197.83801151509812,1
19.57787979199077,0.8525146794263233,4.120822577936453,0.26883736254261464,15.021362005262212,0
13.831533007077041,2.4178982318483326,8.325205372583055,1.1855707730872025,91.88118339537246,1
14.876236800002609,0.17838752941737734,4.869798922489392,1.0084423031586454,73.74900060649792,0
5.90091081837991,6.878518135896749,12.221311813390777,2.0071578636984815,239.82691683381313,2
7.527278001682258,7.6307853419254315,17.95251051065765,1.5303876199717505,290.68781979508816,2
12.576492708099796,2.116392249965832,10.3811280760447,0.9016322261005585,90.17337313380297,1
6.827734850988672,4.749648934745113,19.323947533160933,1.7452787581709774,290.7498892263857,2
16.927999553569045,2.65607303559446,14.418709736995535,1.1007806337605164,183.50490577331993,1
9.281345621421917,5.567864881281401,4.904648294799247,1.4352854259791255,219.88944368122566,1
18.0480267351711,1.6567735074947205,1.7247901650866564,0.6179400394000656,49.39536881820589,0
8.035441528054145,6.61489929477992,14.11052558726077,2.338597849260496,191.43144787505472,2
19.1158301458518,1.0554958421264555,5.3851938374626105,0.9588164452910988,70.03246477573792,0
21.46840906715227,0.5793556901496346,4.737923186002008,0.2947139639061744,94.74481595885726,0
23.482986578353614,1.7590504771772961,5.261380048928765,0.5787711369949577,27.026463833072317,0
28.86217846481906,1.4453886710687485,2.850070744548364,0.6186820203035781,51.340334090873505,0
7.979625313035642,3.4171855065099437,5.536414889528131,0.8624441694806515,112.90000862537181,1
5.937364577476137,8.475397484672055,20.502094832978393,1.8074070610935118,255.04708796562176,2
17.717364703088005,4.13119237955494,9.679423897632676,1.5465578520843755,198.54662953743573,1
7.874623556649442,6.0968291256570915,10.921276862665788,2.0075115934242587,239.3404756750686,2
8.854194957782273,5.702384616048824,14.625178253805682,1.1055288485960175,276.3002440638528,2
5.786349316427202,6.60849476597248,18.761188483763455,2.2203570031883197,220.76116062548027,2
10.258750672868446,1.5473305668871635,3.370487994352904,0.6264225677831537,57.408136913198426,0
9.31992441488212,5.953751214374708,15.266541188206093,1.7931995758816257,181.01573059407716,2
6.007385045575351,5.592484540101226,13.38442233895578,2.0622605335635744,237.12511763327285,2
7.458545908253504,6.672105180523695,7.526880133511076,1.568163269921949,274.1927218181482,2
17.693592893028118,0.4096331549399871,1.5670336465111077,0.39425330340691744,97.41291816376778,0
17.20341368763233,0.9929463630033539,0.8199645027394409,0.8655647274850078,107.64746010341297,0
7.7257030388355314,3.7450579567443327,9.093708876926183,1.676220180724661,214.60711575033875,1
24.402655779686445,0.6953495742834246,7.380704057912823,0.8358233219854072,46.75573246222484,0
20.5052567979328,0.6246953166316729,3.014267997828909,0.3832192103381662,94.67045601265681,0
6.221019792498725,7.865020520866399,16.246613008941114,1.3173963260401826,195.87546297026736,2
8.315778268723719,7.142585616985782,16.522443274017366,1.8720762971945413,276.5830698558859,2
11.11643372756209,3.2179756975705565,9.611231167977863,1.0327883014463983,114.51786106530696,1
19.910798865127788,0.4488915659396755,5.409517764803568,0.7148817419220922,70.10477816333453,0
8.778802059688873,8.868901687465547,15.777513961341743,1.6748540274890313,259.6825928063975,2
19.252513423354564,0.64821515338066,7.893955768707466,0.6294832164767362,45.06277532252769,0
17.775525012956876,0.895951765157104,8.338139051652663,0.45861629913121854,59.53854243588721,0
25.29097786754054,0.8647018514857469,5.159147069884332,0.7138236624245413,82.7612825856017,0
20.80338037246284,1.080632858115845,5.082574911174879,0.7555738347987364,95.21178817723194,0
15.076220175425966,2.116633056337818,7.195227755683468,1.628920579857021,177.27342404339072,1
8.019367681492433,7.911837263824803,19.473290256211364,2.1261320914987656,297.53104749983265,2
6.375010243717478,10.045818584836304,16.673771899749976,1.848242688001976,261.3421421168202,2
6.770961593416887,5.276347071104797,15.577355132479912,2.036999791806987,285.298084958104,2
12.040737924803413,0.46009720285590594,4.63253345046639,0.4353017148870304,64.59550484128167,0
25.036932959147194,1.9171526963205823,3.0532423239459305,0.7510700004709739,106.7727642523778,0
14.48550923946005,1.7589232762734923,15.955638456509655,1.0030623239093814,96.57482359027135,1
9.87529104250595,4.481033213760192,12.244841941445793,1.2965809332568912,145.31911382411482,1
10.083044837799967,2.7036795282631685,11.140202321721496,1.3713307885774104,118.4749870134676,1
21.367023903108638,2.500936671372709,6.9008476763721,0.5134644516506395,85.32042898092672,0
22.721061517181923,1.9262518736192078,4.097180684798722,0.534591976852518,20.823521468473704,0
9.797522482887164,4.9385596170447315,6.153658566600808,0.8736232864219031,207.7741772674197,1
11.03243364267883,5.341802258048769,6.609650102893155,1.1323955598860977,96.18118915455125,1
16.20871435188657,3.5867640031877674,12.14935957915791,1.3282497962676052,91.24574940271023,1
15.447766725378932,1.291583782277193,6.3056477510395705,0.7323170658113259,19.47493487039399,0
17.5725392885713,1.3661492688428416,0.0,0.5250404735772554,75.66017596013218,0
4.804713272842778,7.761899004943023,14.01865789597725,1.6661631396243302,201.47405283566127,2
21.31128469137234,1.739416111630264,2.9722080954149246,0.6128530742105038,76.62016782557527,0
12.218058375191102,5.272184697694901,9.030184180854198,1.421857440241288,98.06663684260626,1
22.53112746442514,2.816554286243517,5.36373251011699,0.6372330879450504,26.68423677060263,0
12.636503074673419,0.0,3.7503628446086426,0.6039136575316251,28.291170563168734,0
6.243214614612397,8.296171588074959,17.002984760600572,1.640942181086598,299.59210944658923,2
9.945563670783311,3.886877115082119,11.237067907257844,1.6728517583224134,148.2258748297802,1
1.0,9.169864680252678,15.93858039409213,1.522729921041905,229.39933262039838,2
11.77775201380143,5.708448772024928,6.637973297362013,1.2704245135224548,132.19492363181774,1
8.474159650211234,3.1906153907430737,8.03845379056252,1.8362522843847355,142.01891074699267,1
7.860155296734971,6.0194639695056145,16.669114074479424,1.9206793156925417,289.34824359097775,2
10.359484634415653,2.8145703116413108,13.812536863226644,1.2982878651985243,145.00536568120495,1
20.549409917628143,3.334538844048074,4.631708368633596,0.4304731905772975,46.75151172952196,0
5.911837377964838,4.904526108483414,18.41310558981381,1.8712386081212409,247.20052368927105,2
18.119025630786876,0.6567488984788337,4.507515756102565,0.6893553375263272,50.92904804591855,0
19.53740687044704,0.759117043528569,2.0429560192651453,0.49202336874079367,101.16112600671222,0
21.122545617960547,2.406896387356107,5.744210945213726,0.6583738793501893,102.76587845666715,0
10.52352727562389,3.720872916412891,10.231084062537617,1.40920522339142,192.4183144641146,1
13.959835152058991,0.82356941667477,4.612589240390076,0.6810431916053543,27.708287485611223,0
4.936551231910194,4.021902953027335,13.691380143279925,1.3582442499083192,126.47672807666797,1
11.172145644911586,3.5659313966879362,9.811318399300426,1.0656367065204124,126.11827694340505,1
17.142015634787608,1.122675814081692,6.177270919592545,0.7092517819604314,92.86442250671828,0
13.282314684250156,1.832128712518541,13.536219328015752,1.7320005171012982,208.97518248519364,1
9.787716945938698,8.329958081670608,17.906093383514214,2.281130006699432,208.46332213607226,2
11.095735532265246,3.4843367330810007,10.9870856374824,1.7904733365485317,100.81517799069594,1
13.5955620614214,3.9535422772641873,10.97717510273089,1.456442110695408,138.3341297032474,1
6.1170483893741805,8.340020893912218,18.211212011853014,1.8103187808940508,231.0980575814042,2
13.170835431178638,3.1190679385135107,8.62483576943894,1.2018063407450075,210.21717186236702,1
17.949644812085964,1.5465699232008552,7.7805106550239795,0.8681019621644738,50.67115919599576,0
13.204603200785417,2.1657566079649975,8.362184629860975,0.48736416753298284,10.354008996470656,0
10.686419174125398,7.008895747146768,19.60576075899644,1.9826990370203554,206.1675087424884,2
14.010969419285422,2.024751661333382,3.6691554037410787,0.7082855228157212,80.31220123289559,0
11.51210174135395,7.322159077737773,11.162875887907148,2.6681186454098738,233.178272814588,2
15.171130257496097,3.1650040643292696,13.587825722305922,1.4645239202280036,195.5354000270953,1
11.52239486524008,5.215531461603737,9.461410498072238,1.9032161336497877,203.43364738653526,1
6.557743544171756,7.270841407296205,19.002409130147658,1.687192327107274,243.04944851448076,2
10.363023020365704,5.022747627343374,4.251506856202163,0.8911426454412619,194.28877146626922,1
8.040352843200543,6.9826153235217685,17.698172376496203,1.7549548274788551,265.06285358451294,2
8.91091128110082,3.4191794516534983,9.987781488635695,1.187622104204982,135.8162551000494,1
18.8673924604805,0.0,5.316187797153572,0.6050165201959726,113.15410152500466,0
18.55060976981559,1.5934578355121012,4.816063067593907,0.43771284469303007,75.81366832656207,0
25.52863596415011,1.5189679100717142,4.665763839366291,0.6220070529649984,46.86307396850561,0
16.494725328103275,1.0301281865343501,4.461627736637222,0.5870792331774954,18.643634687052284,0
22.623603106119045,1.1557889557750198,4.962582487108206,0.5417222320366671,85.64942466736167,0
22.682963783800815,0.7661921904785844,4.06170193994838,0.6966942369476545,73.43726387435319,0
23.313818062780427,0.2586295180062548,7.575964947603877,0.5365782058371685,32.44391980917887,0
25.183308287090767,1.4531400223902127,0.5183065119545232,0.6008453745445279,40.51694082810771,0
20.3291359571017,1.852384300052281,3.9654230997992554,0.811402116027837,62.786318233429974,0
26.685390301749905,0.2788994560822604,6.011470864945598,0.5869948295777687,75.9205269605951,0
7.719771133132137,5.522185182068858,17.36718284348814,1.950670867728734,294.2447909455009,2
11.942045087184493,4.121956064240109,13.501653199913118,1.6765341528720334,192.4224135461207,1
14.848924495849602,1.9418879833809535,12.032911305774665,1.197697780894649,187.18470268703436,1
7.62372482240792,4.282162359239426,4.04593617566227,1.1198587542174736,124.67144598283785,1
4.865423173194587,6.062964051683845,14.381787656682858,1.3976259904508634,201.25814634072393,2
15.873695012519368,0.5765614099630241,6.237373095695811,0.7693986656309251,64.80152880984528,0
16.034055519691844,4.7815971423942445,11.419651197435948,1.3849182871591077,136.02064261356153,1
20.020974798872732,1.0375844750117937,4.099869057041513,0.6934274898521248,59.55985488411029,0
14.445829784675155,0.0,2.5654346155590413,0.6239193760206193,86.03713301645882,0
12.05815591832895,0.5119816180013153,6.354719043372844,0.48374487158644136,15.642323387933715,0
31.916219855205554,0.9109656739157544,8.532479720598811,0.6752981486083249,29.523001849011294,0
6.542731167074223,4.34115648691992,17.525571954787765,1.9626632927351022,196.96286917585246,2
9.93772868119241,6.903011433911226,14.315280531871139,2.097159484851917,185.81075357121333,2
9.901617379352167,3.5286992579235044,10.800932769614978,1.525553354451695,205.5820117723648,1
17.888023912937545,2.082455328133126,0.0,0.6593398252144413,37.873791831530994,0
14.41684319123006,1.4730793934067203,3.552019336514782,0.5706914473234463,26.187957620443985,0
17.929554803855314,1.1790303613111188,4.967154207854496,0.7782589910172126,62.86452350593128,0
10.192178584388483,6.1832078245979565,13.003554195431423,1.5273539947625168,183.25598698416795,2
20.00211183542639,1.4809653991432918,2.1122903677329163,0.2555728570294143,32.977099640568014,0
6.880780309222931,9.92023294351917,18.749883066168525,1.9853535947564933,268.83941817064306,2
4.860428595842988,7.987445837805922,14.91835292148394,1.235095313192218,252.55497266427045,2
5.411832586789107,6.889790418153673,13.067059488535584,2.208663232503683,185.86658754062222,2
9.070723380805205,5.1704028818665115,11.346828154578994,1.7244406717572853,104.14496072990852,1
2.1496216926454377,8.043267239895,16.237934429208423,1.993400254675214,282.78494648265536,2
19.61881787045219,1.2232172206162715,6.215793019433079,0.6279913684734537,21.27607007897472,0
12.47952173149619,2.5368563370087247,7.5944134694857555,1.2183258517794937,180.76800895428147,1
5.76075249062142,8.128654301226218,13.696812571694164,2.3336905139974258,286.126340094463,2
20.062746855182407,0.4170146549004774,1.931402747231083,0.7368652873888749,78.62854199208023,0
20.758326466394973,1.8008368740537128,0.0,0.7016812979296361,44.86412465702312,0
15.337692306224497,4.901948753255629,6.481915331021081,1.1064040547789034,116.52949759223489,1
20.32731743419026,0.9208882774470859,6.838152965975537,0.5564588183717023,105.48623591181953,0
6.551482417121029,8.003878846189243,15.799687546867762,2.115755014284786,295.7223475968199,2
8.146867583375965,8.31396075686887,18.366592647556374,2.2326329980921695,228.63896492119648,2
5.997232581213684,6.840795912441378,12.463060168568617,2.0992361450403694,222.6279638479848,2
11.30669204799254,3.944343416917513,8.506769123731496,1.5338317553445164,165.4543615514191,1
7.820303135427188,5.442927127863009,15.015672134919276,1.8857208264644478,244.77173845769943,2
25.896224209952322,0.7183895401172209,6.771606275203439,0.6345014285644255,58.77180158171065,0
15.232481433438494,3.448534822007057,13.981239254180213,0.3958166597778495,217.7181564161197,1
23.086794842593378,0.0,7.297531400744207,0.33904293318328504,27.987625984352505,0
10.9637537278085,3.7449627689875706,7.877138389393668,1.3636168442774022,138.34647994035288,1
10.657839350413049,5.929849898332709,17.710441973940885,1.603388165327785,227.2912378286481,2
8.287071821615914,4.786680878106204,11.174430162313461,0.8850268163943582,207.10880743670205,1
31.444546270534737,1.2386168836807905,2.7284983042834123,0.4448192053727569,90.67420342683963,0
19.92100362586149,0.610736087460954,3.4076585906125105,0.6508490527963869,41.777343280008225,0
11.53373270241672,2.6131509100997015,9.392182681245778,1.4940012708401682,199.14367184180486,1
15.946736657609097,1.5609490608562986,1.9481405624548085,0.6926812200696852,82.81658392732554,0
19.881033383378465,0.5631111978091443,6.193724362148526,0.5651543259395746,11.32033299999508,0
11.651891925591725,0.5323058154742404,4.937882134258196,0.46354748745272495,111.28136153768989,0
8.08763169510345,7.520491388688415,18.655714917220568,2.181288924154144,293.6531536974707,2
20.629033747141193,1.0049690844974288,5.7968982457157585,0.4757403817809526,53.56010630241767,0
24.670039291945784,0.42082821562577,3.7113194659560316,0.2,81.29123399871786,0
20.909983502928213,1.5087742005693903,3.355847976344145,0.4171073300216709,54.24864550518962,0
10.802230062162113,5.0882446415323415,8.87221526358593,1.2783553623838886,93.57307532781823,1
6.723164295320051,5.632303177508984,15.817394867739395,1.97238021257966,268.7467650119165,2
12.663734111966301,2.6188346053915152,12.306046410660159,1.43673630704706,158.3321488979355,1
6.085138324983211,5.04904944287733,16.893006745938383,1.8360658737721631,194.60814827631006,2
17.938153414242905,3.6520671203599853,6.876384588618135,1.7746926061978177,206.91764875972052,1
3.3481978117747886,7.545376410769285,17.96392597847351,1.780991146010438,197.40607689617116,2
17.779201893227206,2.504925655552472,2.103972199167512,0.2701791065069877,27.99862033108361,0
9.506081605079146,4.244686421613885,11.688519988964812,1.1554958463576537,166.6356999428053,1
25.508723746018244,1.816029205521672,4.273736706365844,0.728160300168108,94.67495381241442,0
15.43324354346598,0.8450724325762256,3.5663553587943904,0.320019507439041,19.746047264757895,0
13.39603198187363,2.614772925942239,6.585262161820211,0.9845403718482715,205.5689130123232,1
14.851345725663,0.0,3.8328013473079903,0.7557568276528974,32.99653110775306,0
11.77622196897577,4.41231704221386,5.690942628882518,1.3650385443653636,153.75973827047343,1
14.155235093329889,4.267624363554596,10.031463948021626,0.779983038850986,145.86110491561078,1
17.59212528441446,1.6082008757082882,7.212658209656885,0.7157457223952004,75.52026146686288,0
7.7108272709088865,2.2949272177318685,9.390494413045964,1.1518040140901775,186.23962279827765,1
12.098590121940639,3.54066591794853,9.650534942106896,1.3467635473992903,144.61749204380305,1
8.174226897311282,5.335704464416123,10.70463674434231,1.7570566476537834,230.2360627257575,2
16.440549230645594,4.610515997259165,5.115237856854477,0.6691469290942583,101.47672481603914,1
7.690172372030165,5.602013312074691,19.63379648947904,2.1395514713847006,266.42944809299786,2
15.751975928814813,2.5729312181051442,6.905576368267767,1.4005061903530374,201.48639784911222,1
21.650660092727286,1.2301580856093741,4.605705238083174,0.37408667324097367,61.7356452730927,0
8.251570534374297,3.216517617785861,14.028128316832284,1.3072727672487905,192.25969795832725,1
11.816708011296955,4.08338993526356,11.02771549459437,0.9133085445917271,129.1593472480963,1
11.610980843914199,2.156163171541554,9.145631771453814,0.9008205126094753,113.02760912309033,1
19.516346716070682,3.4580306929876636,15.68544583632691,1.121051618382052,146.38060130390474,1
7.942638340965835,7.696411970237448,15.702625625836433,1.9222402120154969,275.9614563929777,2
2.565432579492864,5.903747650453494,18.131273602274348,1.5832466087698478,266.18904315265445,2
5.134103059653959,6.058367519863766,14.94797981902421,1.7537082779504258,257.0792270340958,2
6.83571390885427,9.721973750984617,16.302411611379323,2.396400494760012,190.37813305819662,2
7.696572495333637,7.4249853888035,13.190440462583526,2.0738752665291216,183.72341309016386,2
11.991254545755616,3.0426134542686647,17.875916740806737,1.149368418168627,137.1666039612731,1
16.756569955158646,0.0,4.531960281786037,0.6699537561669502,61.698709497373024,0
15.23527858341884,2.802690660808774,6.244233218579643,1.77790362171634,121.07333278447699,1
6.425139583547584,6.56631935924976,18.47592255172094,1.8204328403648395,204.72328463051312,2
19.817951018795032,0.6606109332815652,3.8603341435224827,0.6494263103359513,76.91514500085489,0
5.85555768345141,4.10587521098501,14.57301972826456,1.7604928344692259,230.98344696162343,2
11.476907639243533,3.1874632649433594,7.978235867010876,1.630150346748047,132.93824281085745,1
9.222646022209135,6.120471489349241,9.089536721504693,1.7983034849159547,206.9687499978735,1
27.090426673256832,0.02255432546922842,7.144393431876974,0.7518336635180749,15.716270794429828,0
2.5368915592212673,8.986067221243207,15.496398814056661,1.977592350760698,191.7031188356171,2
22.535107523728392,1.3310392779611986,4.629424682244584,0.580526895039986,12.600244465097003,0
14.070175019426,3.758541426529491,11.690006509176717,1.069551962619679,108.09555974419513,1
25.668081651926506,1.5450716025484872,5.308673374128821,0.8567905793725545,17.530459126693586,0
18.40007188868436,0.17588618782173682,2.8435636597673986,0.6565635330640169,116.48243892503126,0
11.447132994501864,3.752992168094387,5.906587439148157,0.9215202484032012,169.9202239103141,1
12.250762096153432,4.716832575679599,12.856480670572374,1.3884884157262818,183.72979460583753,1
10.957499100882268,2.9892451398759174,9.760452539536612,1.0165184561386245,148.77215791074994,1
7.159361959690828,6.784795404543403,17.55891240480577,1.85765895354509,230.35224251209547,2
7.159576862864648,7.490278609391401,16.681941386476954,1.5728823403577683,252.42066041395435,2
13.241262608842163,4.2909402167629835,10.20462034780851,1.4453976297772009,156.49608741953304,1
10.64634351916837,3.8430392875276533,10.87848653076005,0.6358693367810756,143.06883693647018,1
24.6866492471222,0.7077312375900234,3.8012670123193617,0.43349946421711094,66.16388332055159,0
9.675593465593412,3.3608718919918044,15.686522037974065,1.154901487870887,119.5348629136881,1
1.3533640952646193,8.648326641988444,18.277438529593322,2.370627170575728,296.48568653056014,2
5.404418891358221,9.01914032866491,14.347359870385013,1.5915034653879494,247.63904395620182,2
14.147731248386428,5.094100148766718,7.114712737680394,1.330362029176287,124.83953834339728,1
18.688421133948328,1.1241525470871834,6.650196529335269,0.46993046764336494,44.789716470223745,0
28.822118273061655,1.9594694247426008,2.4818687481385076,0.7180524854461338,50.10230702718509,0
18.560925416843656,0.0,4.173069677753448,0.6390420759874329,40.56380536986835,0
19.587907194411137,1.9801058785342995,5.075900872580892,0.6203316888237945,23.8891215720953,0
19.105003627201313,5.027257713730616,4.947987946611506,0.9872913293055083,96.30934859485697,1
15.305213585358628,4.590392184203795,5.181229634794126,1.318487391096992,124.13152990260002,1
14.27085820838346,3.8397691174570143,8.43413330357231,0.9758691738998801,98.21916410258237,1
11.288063297414345,5.233550802709358,8.823856651998657,1.2084960791033292,110.6177407589455,1
14.008315114627406,3.865448267666386,4.259978995831592,0.9104863258271461,147.26976425603917,1
9.370818769575724,4.81641109358359,10.811224402624147,1.4684962308284422,145.7342684276926,1
16.24214703205607,1.895395934051277,4.411088484823932,0.8179133317689274,63.37934165768837,0
29.989660505679417,1.0368051093890727,3.71777147955071,1.0236495886504569,65.542608449834,0
12.02204872639425,5.104979039055994,10.298412874327452,1.19788772744079,154.15504732944015,1
11.750764677108348,3.762886517533169,12.017178909642626,1.7529948138377875,146.71761670818026,1
15.76132205399428,3.282324011621406,9.130692709813093,0.5933262572389799,140.50027353942954,1
15.464992681624853,4.232394117420159,10.008777900038313,1.2533725174234962,134.87652403517194,1
28.383374007236636,2.2755539133993574,6.3578939755244654,0.478139647659387,12.77190043031766,0
17.612420861072113,0.0,4.781953160073073,0.605156296353969,99.12850435690156,0
8.581283167775343,8.408979835348683,17.093278231406043,2.40077408271295,217.55870189926515,2
8.713330239738813,7.291031506758699,22.770257416506297,1.9482113653835385,249.1570583866868,2
13.820250613292966,0.5685559884293836,5.772765307696122,0.7256646332319884,59.28940360113842,0
11.098067880792104,1.7200468981996688,9.288568271691473,1.2985878346128308,178.21010174786886,1
15.481495468230094,3.97698564979943,3.2465943279697163,1.5528053075352186,104.01707760075311,1
7.614055035858725,6.43426632578309,14.292490666957633,1.7655138207264032,254.77328251056673,2
11.871970248458487,4.997475631527964,15.7437435015008,2.4825238366155107,222.53874609390357,2
21.63927462771405,0.8069938763051661,6.345147402405463,0.8849822902342823,22.208841613482917,0
13.686276786247852,4.468206631456102,10.846001627663533,1.3129165685667599,143.04184170977493,1
20.197312663179375,1.5779575881767836,4.26943828359223,0.9581951558287098,20.302319786822196,0
19.87395070230791,1.219793522197076,7.137919070550276,0.6136782410765673,119.51257905397566,0
8.663466276696354,6.7142714532923415,15.157392262607026,2.3496875388002594,243.72816237868358,2
21.611778294014414,1.3656320524770935,2.1477725657137907,0.5290720810532931,54.669034581574806,0
3.9796796438618527,8.082730346842084,14.271536345934553,1.0893273224915259,262.4291974419856,2
6.1215644703563745,10.725648988881263,14.836849400525297,1.8024710585587222,194.78955267003488,2
17.129124086026557,5.4518727520229255,11.319009166819072,1.4711674201908003,185.2812408622779,1
7.986508352386064,6.956647714753209,10.377833491806339,2.5588996703567566,219.76857176729462,2
7.358041828459039,5.8529384056180564,19.832857039695163,1.9636978422003697,298.3589650374955,2
15.768592318241048,5.425256060966146,7.5522713945543405,0.8538881029108908,198.52380403539226,1
12.485518419127803,5.961259838377317,8.207808622928136,1.1457669735589537,170.881700142569,1
20.083174830701633,0.41759764701669244,4.63420711779032,0.8062314628722277,15.715223530969524,0
6.384939242576419,5.526492218569409,14.270961214798746,1.6663802052220886,264.7665161470113,2
5.38577331687585,7.416179886483881,16.460645662780514,1.9622558913148365,270.1053331817388,2
20.793574068709948,0.9926541172918889,3.9644851055555606,0.6326703509623088,119.2115344850173,0
11.635577944349865,4.422822532376864,14.383076867017293,1.200739748846256,109.51997374390378,1
10.497178388410255,2.8926244600210786,15.119387367240424,1.0376456536399616,91.70587632301236,1
5.63896385543317,5.6294969538306425,15.592156125826978,2.135363461772369,250.43825796081472,2
12.428951289639793,1.249192687038232,2.624469520164946,0.5404015121172957,73.58793122136538,0
16.08064490983403,1.5233024017368737,3.5695580964012246,0.5855055695704992,100.78392426652806,0
6.729580973739693,6.785619651613933,16.621806259390645,2.0455429286944713,258.6513001323725,2
24.219436276843545,0.8504913356954793,3.6475175835151523,0.4358452803674785,93.18114575174586,0
7.007547713110412,7.366361579290858,16.111043132488426,1.7718668353802103,284.44247991667794,2
9.91335499652438,3.9316411836840803,7.318215030997251,1.5592324129649004,174.95356116757216,1
11.613297205720817,1.6910334596557295,3.2153492196231066,0.660313238730441,72.7965158523424,0
27.953335974322385,2.8243994451820864,2.6479597354944793,0.5496900119431757,117.52022195022268,0
21.1881578835195,0.0,6.6807136478711024,0.9054234279538262,91.21250615261384,0
7.554958482674932,8.556200004347565,21.165892864396525,2.3265679266113026,266.26076978468,2
28.351974730040375,1.5661719062929031,4.300296512443744,0.5696074848593521,23.119883924371777,0
20.27135405566775,0.0,7.88389001160378,0.523143863898496,25.826377092875816,0
12.980983539810293,2.997850595233318,14.958739153691265,1.8233332755595333,94.1413791286738,1
13.569355891527765,1.1477924631165797,9.04721243845928,0.6010199766839996,18.386313977092094,0
12.506974294242992,2.9994988697947367,14.429590112358106,1.4164115033366276,188.9574969715116,1
20.59839183007515,1.078261739766338,5.872011550445159,0.7265759264462606,15.756614303072912,0
2.798272919887558,3.8483457396206098,17.416247785822627,2.0355970302833555,271.11233035960703,2
4.701390845219676,8.547123859651013,16.965505570068313,1.6655926913149162,291.0731338028325,2
19.856695843560193,2.251714924651205,0.0,0.7232853756562836,12.796103941850472,0
14.318245013114126,3.737670241019055,11.41475216388706,1.4887854162051644,124.68449167199267,1
14.127343168899852,4.1946678602785985,5.094129189785342,0.9244150624430902,205.32845983023867,1
4.126696415641508,7.826590186323899,12.383252946928735,1.5540219481974222,219.1793193195902,2
14.2634270993121,3.9505075520331356,10.006438846379625,0.9562272653067576,179.30381738010698,1
6.078693723944592,2.63884468146905,12.65559253975856,2.1039250577328708,226.31154443175132,2
16.25824519182162,1.8687856929400257,3.928073109771904,0.7212086697421718,106.00292235227407,0
14.600297448554908,0.6358408761470726,2.3054921648373017,0.4651800284634243,29.36982167382393,0
3.1808344656061966,5.814502927452298,20.683068791343878,2.1494092763427965,204.1441616213288,2
9.986955463012638,2.684993004395251,6.6866445164350115,1.3300624831417587,123.62323076285182,1
10.265363705340738,4.3541691752049,9.80568322060637,1.2278806958048933,116.59716985793085,1
7.227042992955884,7.3616184646087195,10.901711441177445,1.3578213071302798,290.2421013531957,2
12.133656496713455,2.3606631028795784,13.173882141516378,1.2245533003588616,150.12425562161695,1
19.447670661354074,1.472908894339146,4.7860570602830395,0.8913368392134449,66.38338375166327,0
20.174058674573864,1.4465116116148051,0.0,0.5555088811395302,26.9060147128625,0
13.597301186130949,1.038318694833166,8.017805482333083,1.5458664135386218,113.23179572123915,1
6.244468053215219,6.636640981481398,15.836587248706865,1.892529194091154,273.76638836684407,2
10.21470377685651,4.862449951091343,10.475383555356588,1.4983772786507168,169.19273431935557,1
24.4649855620725,2.206438073135323,4.501271796748108,0.9752467552702668,68.15222643882032,0
14.444491961467943,1.2400454604090316,4.289756689019002,0.6622236723053812,106.18378348791639,0
11.764839900811822,4.276649904220875,3.5168320079521873,1.0736691683514503,136.24889294925936,1
17.279438769521033,4.139442062914972,9.69320276504803,1.0943591352536872,152.29201516140745,1
18.522891443015187,1.114710773873801,1.44752953420336,0.6612979217221006,43.745425947435535,0
9.664238859564865,4.772877907548667,10.68118915943245,1.1768334865204721,167.2407165243547,1
4.72459599614102,8.220033928322433,15.80495853166583,2.079982482682255,195.57666703990552,2
6.800386577692138,8.118038462185401,16.410115968271786,1.8838112019805797,277.4874290095256,2
9.54197522179628,5.390166395767993,13.671380867539495,1.4847889495125948,165.55409455517474,1
11.040503207615762,5.921089590266698,14.669248106715301,1.4798686065581426,156.65574113707927,1
11.1544654518087,3.23574823095228,14.627641634122352,0.7740368507187213,110.55724394351739,1
12.644893128084018,0.34822545501269475,7.143930735198254,0.4922941779892276,15.727964684339671,0
11.416092095087096,7.188113019213767,18.994252517810967,1.9129612146056512,298.7475938194968,2
4.311361404786824,6.62016808507511,12.404199544111178,1.8475157917012326,247.08078467830683,2
18.25294305104713,0.0,8.499167808410842,0.807218111803573,80.14570715855291,0
27.565551398201357,0.6303231850788813,4.9080599841657095,0.42800029282186447,13.029039185641203,0
26.969504338810157,2.643590752262864,1.533061003927624,0.6332239960699249,12.31405927065155,0
6.537248085019923,6.965983711768988,13.9897282785459,2.1736071012964917,181.18654380203049,2
12.57576601510834,6.558575752172441,10.739043858845497,0.9875441515921253,110.19814627178818,1
16.77607469572825,3.294714436816122,5.6703976186426175,1.391456099654572,210.13923338777084,1
10.587734702625655,5.345425771083885,14.800293540461436,1.6584994690458736,137.453289525047,1
7.358267580485981,5.058364741152539,11.487036720736832,1.988130424293832,265.4276700368023,2
21.852354603863652,4.939965084506456,9.198988714698904,1.4607093826592519,208.10812396506662,1
14.412714884048025,3.6477544788553393,13.83359301217039,1.317393096245833,145.56603925082786,1
9.50206593691151,5.2406415463874145,12.070050891532173,2.3562804185757162,180.872757777431,2
10.612112170221328,4.546210803842589,9.273135705464835,1.0230722277998594,145.16897971180416,1
5.6648342058821,7.625061729461457,17.38037287491451,1.8499618142861367,240.3450573190968,2
9.021232559909791,4.555023087510494,10.27175177044449,1.425791560343771,193.52495081235438,1
7.160054176695093,9.102367208499167,17.6986290974476,1.975864983139025,244.94085961657265,2
20.65226537554231,0.14999393959175933,4.768607034168665,0.6911348440682065,45.963631028016444,0
14.381742971721433,0.0,7.4702436438970565,0.5519862028583414,103.5382801231885,0
3.96073162696475,6.462041663817805,16.08763304713222,2.0003479625036027,259.489889529739,2
5.603155122618763,5.291577689950048,16.267221309142183,1.7839941034048026,248.25604186605096,2
20.80632045679837,1.0790875560088158,10.014990475717667,0.86095461106801,60.71369249075932,0
18.362980697535328,5.1734170775851975,2.844658903920891,1.0304223782368789,209.0119945583831,1
3.6058077134210893,8.562500099625026,10.611170299667393,1.7978187766768698,222.49567636172344,2
12.2423783674325,1.712008101461144,2.370725208415989,0.33411321519578185,90.03372543484384,0
14.17173590027696,3.313098897063945,6.3186125892699385,1.320791987097601,160.46460011579535,1
15.58831390652375,5.006258711576349,12.119112091751798,1.1748766693854296,185.76537557844276,1
6.26549490746471,6.398064346043002,17.634455027319092,1.4515968127097194,244.09342060830159,2
8.66787883942904,2.08735159533122,6.521012239168285,0.33855787042700025,90.28780294739576,0
15.120173672380169,2.777356051519918,9.316687062629097,0.9179952203628737,200.23632013063673,1
6.516157745735421,4.184964502993187,21.165077836405427,1.8177862033342793,280.04987171048197,2
23.046688745180006,1.6607633244960511,2.749470220384681,0.43597015703104913,102.16255189960704,0
6.723477012098934,6.011945941293409,15.45784175318239,1.9520692526516907,246.5545690954334,2
10.712888255722003,1.9542569130518626,9.256137378016332,1.056009556155382,191.59373162361436,1
22.615332892249516,0.8121877188489464,5.7826751616892444,0.4747263592706239,10.479553795223847,0
14.155789569750112,3.808170560997114,8.23114221231854,0.5706285947133406,217.60038109576067,1
16.73036746234264,1.2570331766059104,0.19266279779893924,0.8088683912224601,39.46609410991849,0
5.837076714068879,8.270529365718184,18.318409270294826,1.4123560949114957,299.75791604489683,2
26.030534235654734,0.4462782303384878,7.616023831323556,0.42317750396628045,98.5973047350577,0
20.004439778749173,0.0,5.985767943703739,0.7250404807256022,96.79446646222519,0
9.87642155256277,6.541394602553854,16.990744268005074,2.1946772563611763,278.0753113906386,2
19.310679373101735,0.0,3.0377925721005288,0.47545492020236885,80.97614090086648,0
18.065531441778255,1.6734246198272102,2.8975599404349945,0.22023460256237792,27.310874168490145,0
13.329872779822276,4.218527238468792,10.98767760073094,1.293755963933166,163.98840415905488,1
7.242018486397623,7.545508971758474,16.43902277124754,2.199205196965458,255.2313459152988,2
4.828385172986931,8.320771861294718,15.14938036577524,2.0838463133328746,195.61963126532024,2
16.68963911740512,1.0689151064370999,2.855721976028786,0.2,28.23519941796033,0
19.603198588273774,1.3012081105364963,3.279031853234329,0.47835365491114157,60.354107397454754,0
13.008833667742687,3.1155647666167634,13.170174733841256,1.4900421312751633,184.70122292261698,1
10.654313515158615,7.516141647496494,21.356017410090438,1.6431996894176666,194.59345379486413,2
5.862921390221999,6.568961688775548,23.993843476004304,2.462327334079973,275.6601326670449,2
20.193540473143212,0.44996523892832685,4.738168054460502,0.4447567703201801,112.72625192806954,0
7.7148292405848204,5.73840721899589,10.815528041192335,1.676886100664019,218.23253176157914,2
6.283211033943953,4.157748448626684,25.0,1.855124405404787,216.07522878463783,2
9.929882142022146,3.866992555368726,10.449492185747996,1.639629046298316,93.77504174577068,1
10.807353910362666,2.338578376690004,12.963185547773799,0.9673180915687191,189.32164133654368,1
30.20469701001059,1.5201779147255547,3.2371501876652937,0.8106248910150594,15.82295291257001,0
7.092963092999334,3.677037338090509,9.54924392795003,1.1878160936037956,158.11911177040673,1
12.955118818544,4.345901893443192,8.375705064777218,0.96752503988182,127.13145795886501,1
13.918935676421393,1.7584675099488718,5.448834415888232,0.6752686751666461,23.981287514781442,0
13.967248582584286,0.07441721988616634,4.953950291106998,0.49069828995813136,21.99149772050216,0
18.884148278672765,0.7761918652033325,6.580743792103423,0.6510076941853336,99.5538254150278,0
8.285615977685945,7.884875849265497,15.668052554707495,2.2948274080728224,203.0976921324506,2
21.172289893194726,0.4285188655789057,8.731549022289514,0.6710749381367681,81.71573854528606,0
6.572739383029228,5.606824945024876,17.70426226183502,2.176946005151513,180.72512362296803,2
5.1680648372696965,4.682156327501993,18.409948128213486,1.4061275952681247,219.91494398482075,2
7.712401177464253,7.022615558174236,11.97998801492626,1.9291917255708793,182.65124965257297,2
7.240739532553637,5.1499457774348105,15.7799979933328,1.9725681383915223,295.0209923232246,2
7.529545565980782,4.287824019369889,15.299510946319701,2.147248995054845,284.29391840531787,2
10.5340338101648,3.68097364546377,7.9915355049934576,0.9777437320558018,209.2923148198223,1
14.1247986589722,4.930810359538827,15.667847362750756,1.203410972639548,110.20214673607201,1
20.28501499964357,0.0,3.608610245605872,0.4622809524875138,54.03441197902935,0
24.570799664940733,0.0,2.6394327923542567,0.6395320110867253,61.891382127028294,0
13.952219112279476,4.449734237030408,7.374183704274994,0.8212642795006015,210.99612152711364,1
5.6013622534866565,5.203219382011134,14.095613553687274,1.4160609943255933,265.685855925898,2
10.989467905416445,5.98882153148007,11.178186388582834,1.5462480343791074,231.79144927172035,2
5.479946760312933,4.872076654858418,4.077976593203075,0.856819928820742,174.18520380489167,1
13.326906468406023,1.8531458149044133,7.755971540198395,0.6645184401383686,154.01494962181732,1
18.409281225541584,0.05277555342195239,4.200201875737726,0.6403942128871101,117.93833351304045,0
12.626560627602995,4.069855272502068,8.819686311176348,0.6272407623068271,177.62017823908099,1
16.729270413579464,0.09293571455491667,4.175041976224127,0.48919537525056556,72.95121959962013,0
11.13708761688896,3.849201537672974,14.276299838588896,0.9559673831983628,132.50459463512294,1
3.594298878088136,5.666333925899496,10.954556638400923,2.1175719551488807,256.4776355600559,2
15.037691120088082,4.708383814848619,6.226888026661422,1.555902970704813,138.87494328097603,1
21.153644594864247,0.5498463804478138,2.1576937197087576,0.5224294379326856,100.07561975725187,0
10.625814441317498,5.590585724353225,15.290400243711629,1.5352468051523893,255.7798928008197,2
8.32643684148087,7.828392738719545,11.062183306694315,1.8922893302472439,249.84111370582957,2
11.596324554192329,3.3502022777342186,3.2577324719249665,0.6605085035031116,13.297094885994575,0
24.19393060420237,1.3902198568674706,3.531533356057924,0.5787705543993229,40.10330234136035,0
7.46920968212516,7.60032758625801,15.553962733385708,1.6166411626902097,195.76864461665565,2
11.274241023788509,3.0263457989253286,12.272587417625843,1.4958700185826803,95.21812046150332,1
19.780423997534854,1.2284432598861255,6.042244856758677,0.6967823378925085,73.08818466011306,0
18.319252731616572,0.7745723129115942,2.311098977931446,0.4622022080273702,42.59389325015891,0
9.942975330347094,6.134742634495737,16.638497821376042,1.7291101589372537,265.9216369119412,2
6.171578438144935,5.582870721986666,15.844860666075862,1.6381716787634384,282.80378677530825,2
7.465929503489841,8.200719758788077,15.349280515616615,1.9692872353166344,288.1048311044612,2
18.53729166987792,1.4034165984307072,6.042898798119058,0.800545361033394,116.79951825948564,0
12.820980357637506,5.880225648656543,11.797269277791427,1.2527021137475338,128.8783602491496,1
29.764886889887656,1.3497014237848415,5.1841102746239835,0.6714360530081499,61.8289815315956,0
19.793908285901416,1.4024722948989974,4.362503369507734,0.4455282227187232,114.68726470295908,0
16.851134773565047,3.0754902410345455,13.430084590617485,1.2554575962181094,130.95727601142508,1
12.430769476438476,3.0242510873843362,12.466332541848438,1.242140092720457,158.40376531363185,1
7.1424808304524054,4.755687417290486,9.202239777413343,1.3670624167104437,148.4643033769738,1
8.658547373132935,7.232275672465576,16.867913907621283,2.24254927832087,225.24998086619857,2
9.03689193703324,0.0,7.163593875471304,1.0883596375975955,132.3366751961522,1
6.984368165818842,5.200290738926665,10.644791622560604,2.1527193103322353,280.7284012673407,2
8.955250287602748,3.2808366536515297,11.183932250069999,1.3074899444798305,123.62044027036191,1
22.55464067457241,1.84649466006972,5.735239680419422,0.6222134129697414,42.54065072461896,0
16.918468245135507,0.015889404993529643,5.385120469065252,0.7717139417178446,66.62164131324579,0
21.04329267071013,0.9801338658369965,4.682859815307562,0.526953554971799,63.009018382097516,0
12.8213757758586,3.3561354950355677,7.26724580935889,1.4980653081937971,128.69735731501947,1
9.760309943190267,4.501858093919436,11.70199143095989,1.4983243260270713,205.57973917707355,1
6.295639103760825,6.894220670908871,11.305436725133617,2.1296929319448084,231.95365454344827,2
21.21779647948341,1.2057659927840856,5.047863628931674,0.730787098321859,65.16679241559196,0
27.85034876212318,1.0029565374782778,7.0229260708167125,0.8012213873296321,40.28170347970462,0
8.654621212009538,4.087863340374958,8.034017430397617,1.2584903117972275,114.66052743051668,1
13.902242810258928,4.488876613173244,4.553887630909764,1.2938439950231095,135.6710208829128,1
5.674020077457905,6.116942749664846,13.476635897318822,2.422576759568181,182.90668061017644,2
13.022644978384681,4.892458984479775,11.667846249874561,0.5905346067758289,199.2696643933952,1
6.386374407819315,4.561238097124605,18.625990702343756,1.996713211688356,242.95453219432497,2
1.3029458226967874,6.887043368888747,18.971158709834057,1.9316502249388836,255.9395175665534,2
7.08449920885367,6.393769141439016,16.10951866715656,1.3114099447965053,247.04555431134258,2
7.281112806413499,7.514474451049478,19.46270441469928,1.8630274183446598,235.80529842699494,2
24.59767891305486,0.7592767845109127,4.44935355298914,0.7127063980613918,36.055761487193024,0
7.767501051196383,5.466407063693522,16.741610198879897,2.4307893238789524,267.67097197159404,2
9.086979529768083,4.5097591761721425,6.74082436636736,1.3504919046782575,187.56811749057738,1
9.862039560250512,8.748830109202625,17.615408161763483,1.4706439702459337,244.09080728685174,2
9.467101394738137,7.4279560082324725,15.459292884950527,1.5872462388605235,253.1298124389719,2
17.610540937850068,0.6098608205768006,5.919561168100627,0.5737769454054186,47.73293838490268,0
7.238124156486153,6.16897670012995,19.565797541603306,2.398723779346677,258.00404210844584,2
21.226793494637743,0.5594265695051397,3.7672691416353197,0.6428333834310596,111.482964539638,0
11.723649486229052,4.16049152954439,13.669315881929048,1.2261163910422765,104.44921757072416,1
20.40657715075804,0.0951788868064456,1.4743350323146096,0.44600388978964034,108.98166802559997,0
11.500543247155363,2.83457215703441,16.531961143126665,0.6525066759116649,103.72575267757564,1
11.972408507847224,4.341308488542366,16.457458398391953,1.0578185411930463,162.23251843664607,1
8.00805275093812,3.0748011846175256,8.95460142591406,1.4982008365106538,92.18833158187299,1
17.85531133350404,0.788769790404479,2.8774129365770365,0.5931802535806493,43.844699842574336,0
9.159865766001724,5.236978545772839,16.977067692734394,2.1179433145751934,279.33770932129505,2
9.733617595821354,6.679739100558612,7.921128986406355,1.5078262322880012,173.61322019308645,1
6.34716474770381,7.644026070491906,19.482858072227685,1.856431406248324,278.8694552947955,2
7.574319018992356,6.938625084468025,18.10432415145155,1.6208773048179348,244.0811180768627,2
8.134957268274555,6.805191035323915,21.87445668073814,2.154536936941019,284.3540398139843,2
20.30512081687783,3.6981377197790364,4.223297919001369,1.6481129277016602,115.02888900695814,1
9.08484846216922,2.925739427016934,12.178719619812894,0.9109225784937838,101.01873152579184,1
13.380450255086815,0.231962963776429,4.754582132808552,0.6140058561414976,73.45431192459702,0
8.526638902866296,7.102637966811855,13.161806463623293,2.171424940977647,291.4104853132711,2
11.358220600946504,2.827665112741742,4.898118251045866,0.9795770359581872,210.32076236208906,1
14.277038911746567,2.6653764384657297,14.677546871447054,1.1853671206498149,213.2717896439209,1
8.897108599308483,6.035296311957444,12.888415906699453,1.775994910971864,228.4939417855392,2
13.539472736377963,1.9317914835657373,3.5308168464039014,0.4784621344478428,103.56776636252516,0
14.299634255313494,3.4924859859967254,10.125397254188492,1.2220082964506627,120.07268059990457,1
14.329504263260912,1.479887439868516,4.707826356936641,0.5110610200427967,35.76237080189675,0
4.972412518060554,5.914742336406989,15.096342567840452,1.7983217105952571,187.58136599445834,2
23.405608369515313,0.20965132336276682,5.057241119135653,0.7452934734456631,68.53248337918473,0
7.990886090169392,2.1896034762133123,11.660966592422549,1.5311186861854775,146.77393256023666,1
4.700354069385055,4.7617720640300325,16.834088402736807,1.877210086280608,207.9596385663543,2
14.78677518192554,4.269941013326984,8.285648186037244,1.4898513917842964,216.55845173884273,1
25.40445635994686,2.0341962316145654,8.327465664286947,0.6457864689797029,93.26195296397152,0
10.586020489288822,2.7854151540132657,13.289839550386159,1.0715964203837394,114.80299451185903,1
5.3504439472520104,8.292891330395104,15.336853951995467,1.3151396946587934,182.2846761035098,2
7.3889219966162125,6.621076722105882,7.102996258458307,1.1514405703926807,108.33645973247923,1
5.20301902645431,6.593820254531406,20.02833089326901,1.8188484087711476,250.31630144398747,2
9.83149561446525,1.389341467614916,7.021393883863905,1.0352284040062274,108.61141201108529,1
21.008669401902303,0.0511446148804694,6.216884138948384,0.7071478403810479,26.928989516315106,0
17.97169753790598,0.0,2.3433700970698985,0.6116210578105845,116.77441999507185,0
10.499541956355813,4.638426918727343,6.90974183528671,1.933730870734105,144.57904170615996,1
20.505518318185647,2.551143199246628,2.9993373507888506,0.4983382544212723,13.650829001866885,0
15.44708418899488,3.2517291336410317,13.100887608336734,1.0435991572598542,106.99077298728069,1
8.911167086731798,4.272318332560298,4.8432087611384596,1.5140863603284627,94.5377616795042,1
10.709763160265759,4.826959200002573,21.39738552557157,1.9601930760616046,184.8466789094995,2
6.59539997982577,10.632933220802865,17.380716829683752,2.408683759983426,276.4288902460647,2
13.700082122267904,1.740849902249573,6.311202855099015,0.3695214577584325,105.27051969728606,0
18.375030204521888,0.5065352983021831,6.151808873864672,0.5775852770983366,77.14136657598613,0
22.793283263024808,0.7976386406193887,8.026672556711452,0.6597042044942805,99.2987390185975,0
17.820469895505187,4.890746209093964,13.736670444050876,1.0246770675935284,111.65361251097279,1
7.021386623592961,7.531609851211508,18.55918136815483,2.238377495655048,281.98937221105655,2
11.086084486940635,7.91144763902221,20.461838881818707,2.1619466813525134,189.88580868940926,2
11.023512891758571,7.447713935360337,13.47270848370663,2.300238840423163,248.5584301867242,2
5.905852286956805,6.74915804597661,14.877566076976274,2.012576577023187,224.67103702737026,2
15.422687931450824,2.3633584796447904,11.199339752850554,0.9957700660262919,217.47697609462236,1
22.971437918308926,1.091095520247747,3.720016366445102,0.5750667772934774,12.10710341063782,0
12.112690054143336,3.8175773132407627,16.899907373159422,0.767597476285389,206.9141231723924,1
24.499730181212964,0.0,5.818877061284504,0.5584992342421282,11.008210520219814,0
21.988619313413757,0.764555992111839,5.586549930520629,0.4885837733206936,109.76840702820681,0
7.008421041751571,7.810561196396557,13.460185472835228,1.7144110147759841,263.3429396142692,2
6.8968082266084725,7.776296444086988,17.931141189047864,2.5525800636639646,198.07422721358847,2
11.829634212341169,2.9314770964688064,8.307130441842942,1.022189153112868,175.96951509729269,1
1.2011795986802234,7.8007285168942,19.8697745528009,1.207998335878969,297.8498281290525,2
19.488329634076933,0.2355676475196593,1.787107359484855,0.6305195453800835,39.616755404431906,0
15.574660103975887,0.04303470073546334,6.625051644788396,0.8034360042856235,107.59340168339592,0
15.605380147511665,0.0,2.52667406662987,0.5359940448403817,16.733832395792923,0
3.518641127025233,6.216804720661378,11.358164346259244,1.5371732638324496,257.5424620817858,2
9.34285860060093,3.2501984578786214,6.696140530480516,1.4196453678164205,156.17044791274037,1
17.507437894300942,0.5556183046717962,3.7252257453869646,0.7783524796661327,16.3626944219736,0
21.37170550928537,1.994775302676771,3.441249349479766,0.5022167126202929,47.442332144530404,0
23.878192267556386,1.3770819926621831,4.265364706662964,0.5586915061772889,103.66908890877183,0
17.442758483100825,2.595539682274792,5.280361181314879,0.8639744602423396,172.4824095125524,1
10.577514943505033,6.051930461199522,6.290333199553798,1.3177313112228684,191.68522468603885,1
22.131439571253836,0.0,7.753606985757859,0.7165524143635933,24.472445363998578,0
14.978632404566063,4.541196844519137,5.626625835955451,1.2377884244635917,158.20949357215204,1
16.04357276178747,5.091080730619565,6.964174160455225,0.8456332657174852,146.93970722642203,1
8.829643100550353,5.037486366996722,13.825373213983429,1.9421876341250148,107.92684682494341,1
8.36332130279488,10.570581619246735,19.377039796370386,1.9729309174985241,198.61131250328515,2
20.78452583609563,0.27674536821119977,1.90207894989305,0.6386963971831771,80.15515560301507,0
22.092316016009576,2.0646937442937343,6.693036183454676,0.6749649657744033,98.30920283069506,0
9.611292736232386,4.792031084455856,14.733229834835795,1.752893021042595,299.0347644963782,2
16.514826567345615,4.938255811124947,14.47534649027218,1.0551950209057952,119.51016891399468,1
11.781426933476835,6.2671345546047945,10.714513918418884,0.9477684330304125,102.24734726962419,1
11.95522388267112,3.3022682963886916,4.109924070203438,1.0274074174794618,214.49534167053068,1
18.2081546462001,0.028155091289085332,0.5834384475434957,0.5654120402214581,45.278338148272326,0
12.202410075771668,4.516016228573626,8.959079640684648,0.9367932794535319,161.11508867068528,1
18.251170212208457,0.0,3.4551700179788236,0.7334311846753536,74.98849868697074,0
21.63182763900259,1.2840204943479432,7.549954764041637,0.6296623703307104,43.385430006274746,0
15.022054200444536,1.359861770981208,3.5848954294117874,0.5191814543134934,115.36188348933534,0
3.9028339327572152,8.192532188903758,16.285910197460854,2.1343026863821453,274.85908274979965,2
4.824054331331579,4.416352356261378,9.542500965070241,1.029998822111568,207.41686682905262,1
12.642393663253085,0.0,5.419831067966982,0.5604397443552978,37.16619537137687,0
9.299519316379012,3.5038615558338457,10.85916023186617,1.1434215512557535,94.79612755839986,1
6.101429304128383,5.547874616269258,17.42119498230597,1.719063973532164,187.06755905132582,2
8.4168946098973,8.434014906444414,16.818316423013616,1.4994706461346738,269.1490615258563,2
14.526739844668757,2.5898207993846465,6.822725444349444,0.615863068690722,47.83534552134541,0
18.97528099001848,0.8068020433033769,4.876471600279742,0.6719162277129096,40.62053298289223,0
15.612499682464055,1.6576528624260218,6.7443062113681105,0.6486054664059799,55.99447597729849,0
12.362575649970829,2.0546418598821354,5.145361048658683,0.5382760283156729,11.243279024792471,0
6.294598409992786,8.243110680528362,14.226862837819475,1.5846509180949417,253.1227648713591,2
17.697448695048905,1.097607851716289,10.12016907653759,0.5855910150413025,46.76682798986569,0
19.492477143591223,0.3392126575787868,3.4794181048720403,0.8898689246174329,40.442954514643944,0
19.760695425880385,1.3948481634674332,5.581794115180012,0.3006702329322392,85.65461270023083,0
16.686795331965207,7.53429554792212,10.75154261126679,1.0010723478523835,208.46187024805897,1
17.371460150887767,0.44182487688140404,3.6930742085503856,0.542018757615336,80.31891714994991,0
4.502836621800471,7.310224542687106,13.961741317171327,1.9871741043623612,259.6886841220627,2
13.388362159584924,5.506782302224521,11.642313314246652,0.8001576063529504,171.67632967847777,1
9.55754023020719,2.601757600041654,5.619092694372332,1.2563825329298268,195.45031400637572,1
23.010729261144228,0.05002767860924917,5.363026663015109,0.7822460266938356,26.845895009235182,0
9.083513346170026,4.095495455867873,14.30253110956098,0.6781724267303165,125.83916659735104,1
10.316847443933195,3.6989995938265228,14.936064856812234,1.1294505365246708,118.81629960136047,1
11.114831430583074,3.444572457142744,10.938466710300538,1.3721301329705702,173.14199742905043,1
14.989643950538017,0.5980300104715066,5.562359124538906,0.461156872533845,95.20971587015667,0
8.277159118334176,6.271471834469348,22.628400369408862,1.8098507831933779,275.28984521720736,2
14.263644523069903,0.8467737408693657,5.114948006048594,0.2575796264938803,85.94343114923018,0
16.240128683399735,1.381320832640446,8.431815262265388,0.5853711924381565,105.35407343297726,0
22.96302551401243,1.1016548586876445,3.9727773955721206,0.7429139533791286,36.0979800022851,0
4.530045672595767,9.329589655063174,16.640338227967597,2.425958367553594,292.984860006551,2
17.44415300924199,0.0,8.284030320272738,0.7514725634013951,78.1439380610576,0
21.283990254744094,1.8017889333623405,8.120511059061862,0.30725956306756697,81.39886622207729,0
14.105646756177881,5.606223410297527,7.311000001084013,1.0543229663864973,143.2145852977628,1
10.048030135991414,3.608022924173666,16.007282402934393,1.10772857486526,203.68568835495,1
10.549565595016869,3.9658130505875286,7.853461701631755,1.1866299301723553,157.86629410226362,1
4.0575765114416935,6.668748261944376,16.73336334881665,2.211651913594628,293.3475916298703,2
23.89490492340947,1.2390382242574096,3.45308831193314,0.8848102472032857,100.13706390374016,0
15.426644035664557,1.0699790029445915,5.466085903058968,0.49229028245726036,110.60780999667107,0
18.391733021933316,1.4194117421145351,3.9816095190290723,0.7166296861222415,80.71701010645783,0
23.959440562343996,0.5078498594275143,4.742201631763621,0.6510981204618211,82.8545112603792,0
16.4185825053632,1.8502829544265733,9.675655490776599,0.470886479744727,28.840075173286355,0
20.35458678959205,2.377702884547976,4.542034277019507,0.613506425647993,19.327121765038356,0
10.488622504846546,6.9603617179494055,15.229330048225334,1.7800548006776198,251.41157248111787,2
7.222551083165384,5.583306145377847,13.575793708645218,1.10917413901147,130.27917029859816,1
6.623026280482341,6.383080113504192,13.98546818409677,1.3475515871990624,200.3117700858503,2
7.301908151950162,7.1029487526615736,11.542838598005448,1.0443398496140937,123.90804040325114,1
17.15967552383825,0.521832389013526,1.9474580065555758,0.6048863366112842,14.282295965823419,0
14.470269553686935,5.134760113081155,11.513095197155229,1.037610271511328,149.40744675164063,1
8.628679629135746,11.495797437578709,16.315479945553637,1.7102055245679941,288.0693516675798,2
6.001983471140422,4.359045334993745,15.144713452514985,1.7582497320745285,185.79985677467894,2
10.099231453518563,1.7125160558927432,9.734880137420811,1.8632069178047292,170.63624622310957,1
11.933074383262706,4.412265492447923,15.625676165450166,1.2313542108227462,115.0577613536526,1
22.033942224589495,0.849031897205931,5.464973236838734,0.7352244799714098,68.30575731336188,0
25.45554609766842,3.031330173015466,4.351018084342213,0.5691199924356742,108.69373337486594,0
15.11129573939595,1.335768656286941,4.921527052602512,0.33678168868164193,19.47277215570112,0
11.43245899452324,3.812567319883365,9.325239307193435,1.0117616500572895,214.57713165878158,1
7.387618016662237,6.990398871095293,14.496286127499765,1.9605661582874447,194.1261838899153,2
5.796661645785117,7.1034963417437265,9.633599761976587,1.654931173546558,235.32639966326258,2
17.676927572998157,0.7935354321087593,4.680629625023401,0.6645098530762977,72.79393299066378,0
26.194557180096147,1.2561732623590631,7.442589891370297,0.6200937570870353,13.67691864025438,0
16.639559685666647,1.1317582619497124,4.274929949801275,0.6875700564234436,24.246641341108457,0
13.540564107764206,6.306669472323343,11.22763773581964,1.0722226202047302,137.95500090862072,1
20.601154526307095,2.5455522998072713,7.573251620207056,0.5085023067722185,28.750876273980627,0
11.679280529727771,5.043790817675216,7.876567597009956,1.0701877116188743,178.88942722111457,1
12.19767482580672,5.9981708590525376,9.196703443825466,1.5968109659966938,106.10447348842305,1
5.036781471111884,10.633833361893917,20.088278686888767,1.9567347549133103,253.5210068142265,2
4.388975124834056,5.405949586708151,14.753648550883751,1.4991004332353663,203.46031082358644,2
15.531626362250744,6.200961477234869,4.685732345668468,0.8310350654140377,128.59076445639806,1
8.13355493763109,6.179862777981919,11.68853863056637,1.5171682978881311,256.49563546531476,2
8.481800651736437,8.50766983663763,17.176824264626173,1.6310164829685152,271.9558053614712,2
11.851696260111444,2.256025824434138,4.395351515847384,0.5993155756514555,61.55267061935389,0
10.906014963538784,0.2509690940745821,4.2083424385366754,0.5730563999647145,35.1058899843069,0
10.984778333829553,5.117883077276508,10.791922928308475,0.8148438339424082,172.84962743568218,1
22.883987811622543,0.5638510042189424,10.85454018494666,0.45084674015536896,43.52370040770583,0
10.679022945971429,3.0300834099196905,7.712255711508856,1.5131330869205266,143.09443197483003,1
12.756011283605785,4.718901022353787,13.111015973107476,1.1173553054462932,113.53817688507537,1
21.039531176993695,1.6254582974218483,2.526098578243836,0.40193150803735855,89.85512467572633,0
6.34233834682552,8.552198695789354,12.74658812926365,1.8984008280021625,193.83750266184094,2
11.43839589267457,4.9599127594359,11.767600396697768,0.8527104957213416,203.2543160255413,1
10.917620136284508,6.743658702749704,16.89644267472444,2.25586472032073,197.53984245742046,2
23.512729659881217,0.38373914782587937,3.7315736126289454,0.4430881476220121,61.203566968366935,0
27.061816961124386,1.3239853687687644,2.4782320913299096,0.7376792920582164,115.03518087295134,0
15.081801622190333,1.3973593785892173,4.069379086439893,0.5841077468543796,62.31006412355093,0
16.851303720052016,1.162687567999014,6.3634868176302835,0.7443754328700152,74.87019396841123,0
10.280907221363336,5.092302017839433,8.733612507781627,1.0378885139204972,150.91537456876807,1
16.52134767490122,1.9003478275318155,2.6211762142653443,0.8464009429883945,88.45275716108794,0
5.344290102146701,6.902533335176156,14.486374735728871,1.1146123487238964,158.47995794503396,1
10.185704128743975,7.255849040155189,20.08088497884973,1.6342089752577613,249.37102065224215,2
22.05953438430549,1.6559402021081875,5.648680420029736,0.5200911752674644,40.26087697150369,0
7.055172703247105,8.390045101575494,15.412376840490506,2.149110086512847,207.65047984279497,2
8.906709725844722,6.449495801896218,14.780143164806397,2.083571099851068,296.47694960998655,2
4.689007915742472,3.1447786771294712,19.08101323536297,1.8988754398594445,252.4713941262372,2
13.767465633656593,4.668947200567209,6.0345186647566225,1.155010979666959,174.08074494065124,1
21.29703518414079,2.8225944564658203,1.068142011706044,0.5875708991196127,29.993995753731365,0
8.367377900646995,4.449919442137219,16.36249898600211,1.1179547300085113,146.2518384023315,1
12.326350091561897,2.1534431474092006,11.941859692138094,1.2273589108114282,115.42418412319799,1
9.531397185006067,7.5634114092947975,14.402127964983034,0.9610162291116063,204.90389455816464,1
21.622470372561516,1.5720056110409126,6.004833264374055,0.7286168897576109,84.81548489363304,0
6.388120292422301,4.171836740763922,23.145947108225748,1.9682401803642093,216.31267450904446,2
23.600707947649866,1.622487348900814,5.709556964340399,0.43532064624761646,24.888949050545406,0
12.5271268278137,5.381051923272871,11.654779042121547,1.290803068026892,207.22641788528347,1
7.656019435966811,7.5092949223954895,12.458121864114668,1.5867742192528476,216.61139773842152,2
8.139676751289928,7.9318605881985125,16.091454414022873,1.102599284329136,264.0582012059776,2
5.138491299500239,8.16479591085668,12.390626224753639,1.849861941928239,243.98652027697577,2
15.899613730591813,3.143149907467054,12.792662148375513,1.7431567435262978,158.88689285465097,1
22.28356204277267,1.9084525121444793,6.908003526986405,0.6977086876958697,107.9005875999323,0
22.83741005782127,1.0155666044151066,4.722975510785551,0.5364164936516471,104.22291875516693,0
19.825882133981334,0.6682380906184262,3.594684509766698,0.3142004321323597,38.89626408680057,0
10.870732336235413,4.379281443675941,11.751649066852004,1.5852314085536692,143.18869242929088,1
3.7759807928167994,7.515572911380574,15.247156616975944,2.3193756743775293,218.8760319396648,2
18.688232318930563,1.6408647710305486,2.780094325927502,0.7720592066760645,16.131493894618593,0
6.891297451199596,5.624457956888815,11.31927406733885,2.4563986401578752,219.17409245010037,2
4.384291981705592,5.756153615864012,4.283750595952371,1.180688215195782,110.66546222294198,1
13.5580389887914,5.00992864451007,12.821401023164288,1.2559897969538216,181.03982600489493,1
19.64687180659498,3.0637674701234547,3.3926508640605384,0.8458675208166101,57.10195764181762,0
11.643429504624875,8.218286121503295,18.46290833172928,2.178151509160377,185.20359602018723,2
8.454980408313531,3.691097230128433,13.799176161740082,1.6823445086674254,273.33959749682447,2
18.688705894629212,0.7292048285661621,7.99220446685112,0.5286017096420448,108.77611115325674,0
12.713625469046603,3.6944704167833398,6.6711718962909075,0.6955869324854208,206.2270996512788,1
21.804352850022266,0.6266033515399629,2.831512492776582,0.618409824245741,94.27728117410557,0
16.377482982566075,3.7511718775671943,10.388339927642333,1.1272450651421935,155.15166171321238,1
7.544398519507582,4.989423722355525,15.356779945753724,1.719885582846299,207.10346179466043,2
18.908621814639478,1.7761400660542872,2.8031815640748947,0.5071315577625102,51.55765063003526,0
15.664270780175857,3.150602466119278,7.449597391847145,1.269290198608546,200.79074824686842,1
14.560123239523302,1.9822399902813483,5.976190762758365,0.865125359364801,38.16232903676644,0
14.643186562141995,4.648707450174689,11.857249508164031,1.0873473058081502,189.6609464726832,1
10.160238556049785,3.5933097451889995,14.351020776277187,0.8633548315540756,119.30227491994403,1
16.037230445449186,1.5035308679094301,3.1700818644346067,0.6121915264150541,59.540802988400365,0
17.790954991549565,0.12228508029694873,9.583822533637372,0.8801193006242025,81.9155715251772,0
26.52964521572654,0.0,4.119911026606032,0.6196110865929136,51.20738760891184,0
5.225662302189994,7.963861433731993,10.904860421064804,1.8133233962311752,234.18338578549043,2
14.46663689211356,1.721382957712219,6.568292832706997,0.46529591605133125,14.435776369304577,0
18.528861893715778,1.5620266511470846,2.335103304210868,0.7756751449059219,53.05996978739183,0
20.428831848160534,0.744922915604215,6.2528693449078885,0.5880137321006175,37.059971433747464,0
13.30039695016692,1.593308592496311,12.618798602726374,1.92785784440492,124.6290933859031,1
9.29203692003654,7.2379946031245055,10.726212010863902,0.9447074757955305,185.933905632882,1
13.754027110232563,2.202735862743199,4.3397598120671,0.5682499527103234,44.64102890477853,0
9.281354003858366,4.170375896648807,10.941169548690722,0.7546185624241042,189.3320900276876,1
6.244261092077298,7.239753027862146,21.190350307626517,1.3960764020443013,187.92546447672083,2
11.271813395361509,5.200044934991096,11.553183726070241,0.9999645708114782,198.2236316745283,1
17.323709045360335,1.8319237499168612,3.788768920526272,0.8739014570320405,38.01376842506563,0
6.754457148626379,8.353488641695579,17.150965071600368,1.636559104574378,297.3373786965834,2
6.2028837375125745,3.604242091544992,4.038069310820715,0.9385228586794716,163.60662705592887,1
26.319318874894478,0.03035467861875052,9.319478521321999,0.3207773324166767,107.65994043694009,0
12.786730985245123,1.2137855606790102,5.257257381308854,0.5481500437985996,104.90478552051482,0
4.5913821349209805,7.634619940486529,14.286860266376975,2.514295571169055,254.4245798329031,2
17.084162999867353,0.8487885618540206,5.360589761006889,0.47776977766359835,75.92999069120921,0
25.50598580007815,1.2505057120105243,6.374131591717832,0.8199811288917904,63.69954428418954,0
6.869143436747596,7.520156354351349,18.48023290931888,1.6603640904487311,215.9127471292837,2
8.04492823478019,6.472176738789322,15.70574376281119,2.17999623539557,232.80497611850427,2
12.409774552195179,4.275475137827154,14.283855706759258,1.3428758280261661,145.751066969863,1
6.718851117540309,6.89734244676276,16.858801045536822,2.0525834708429267,299.53382042314945,2
8.005303635206642,7.016409613863886,15.690649562034382,2.060979830028203,278.4746705139784,2
18.300403643188773,1.8464179104926501,5.383263924134778,0.779779894068178,109.17943524349961,0
10.09190886414585,5.951152036393353,14.286565978877677,1.1839299876229128,230.58914848447625,2
8.045723892613482,4.731775023849703,11.1331352803415,1.7260125596172946,148.08155119407914,1
14.839654084270421,4.985090225402929,10.016373532843941,0.7417257175932723,135.52625029068588,1
5.553125553673825,2.2011030321817326,14.516522194353554,1.9112935195291447,262.35613508923484,2
14.081470361577306,5.3998340034652035,12.67403170481574,1.1386932820063054,111.13371892625221,1
6.095151470381917,5.848739444989285,9.568099505134018,1.9307146595042959,248.20353106171126,2
7.270111409567382,8.409044596107359,17.030111049386424,2.1266514719396765,224.4305740706916,2
16.312560747498747,0.19683410233480114,5.414534658797888,0.6104016505554375,76.40009206153125,0
5.367953856107594,5.7262905302305125,15.335805225444716,1.6587586935517933,250.52704712295446,2
4.073797497500602,7.365430032234737,15.497105423534908,2.2339002097416043,263.46125717499297,2
12.37058760552328,3.739921853012246,9.222334560987722,1.2373154300723141,162.8351098276065,1
4.0810102079473065,8.151158690501784,18.91638439570028,2.2455956697542367,247.0803684089797,2
5.793124331022785,9.293168253565462,10.236960583530232,2.096775741897651,221.27795712733163,2
3.0203244137476237,8.941974886481038,15.387591467530715,1.7097752956341987,228.9681843643117,2
21.071374551465333,0.3411720234993204,3.963494722277595,0.7987914135655556,73.64203255072898,0
13.891632626050356,3.291736314484771,6.277272803470577,1.0798986845181817,188.66823725765272,1
10.347381394642678,6.662331158972326,20.574030228542703,1.8984320207611538,234.10604357131373,2
17.274208082186473,4.672816792108061,11.821611969232736,0.8778970513298248,113.72192304289982,1
12.520389268334352,0.26623785589469096,3.192288916095327,0.8094032048072223,101.66017355316335,0
24.578425128200358,1.1677706393578935,6.856090142011384,0.6814242526906015,71.18097618930128,0
6.49398530479778,6.088838657075179,10.77133607854882,1.2473855703882477,272.9771665010704,2
8.346318670588627,7.987932713123125,14.725477051709731,1.5937996810294603,207.9845899980283,2
18.301111135445115,1.3999733538078796,5.402029961417307,0.5365928310460935,54.27789910391562,0
12.65083298278724,4.785749514001759,11.572124312110626,0.9186391190515082,145.5363935466385,1
12.138634811012752,4.898723336567112,14.482425691800476,1.2604183676145844,130.90956660327245,1
8.253934543714234,3.408252098104638,10.072321504863684,1.1137527059626409,164.57665768137127,1
15.320131272861952,1.2704547625525606,9.387610693381852,2.135304338762414,107.52215203926696,1
22.896668963508656,0.0,3.5695029623648185,0.4958734896171972,32.129026382529084,0
23.883602927737236,0.5060427100327214,1.1757936778302795,0.6595257998773207,77.13671616420102,0
29.27731815992678,1.3146542715154976,5.3840982329800635,0.5536325303696248,24.048483199875832,0
12.004444372555,1.0272236690773449,6.227541711579818,0.6563183786440879,113.25912321756493,0
22.206948041860297,0.4318976336580129,1.4246567761364362,0.4169144843577218,95.40542568161965,0
10.873777660548114,3.941404196879556,10.706367385333342,0.2,131.81612128131712,1
9.270930634774997,4.911400045019347,8.149673915440877,0.7956012646898494,151.8678225715161,1
9.51203887691589,4.7098852221437175,8.85628813818138,1.1378514932717878,175.3868998468473,1
12.425968351726778,5.508253638009906,12.744865999030672,1.2114234058189377,192.6912537372644,1
12.80092734938268,6.014288757218509,3.627918772363447,0.9929962200556244,171.84376137194033,1
10.190109453665535,4.68827060425291,4.997004201427414,1.4971700482328367,91.1967367607836,1
9.111994396772923,3.2396321609073073,3.229824684131744,1.6821057024747843,140.7147177464113,1
22.874610513022986,1.3408371897959968,4.666324177190479,0.4216466911161023,54.882210041358924,0
9.795567307397427,2.3209260889304426,3.541259452727453,1.1907640492759755,121.44775043692852,1
29.497317613969553,1.8116261541498382,4.11899088225295,0.837305727444567,24.033833307512012,0
12.257448958669185,4.0525499774357305,14.539723243530139,1.4329244755915291,189.05606679762997,1
18.807477682936625,0.0,4.832196273463406,0.542447361738558,72.8452016976413,0
16.864937337654414,0.44756715814699244,3.1676161690375153,0.4752266687654333,16.87789253171303,0
11.37724696457088,5.585579443364085,9.004016623359771,0.59713798344856,196.43593875910477,1
4.885882723341751,7.2820728495151315,10.896219791401421,1.6191559148610954,205.69049623062256,2
8.407591767501637,6.448205059455274,12.97239054268783,2.5656230072592545,206.7087733546362,2
10.570663101602085,0.588041175498285,3.468380039882577,0.5948217300253034,70.46889806796422,0
5.457347716885275,5.857034152440028,18.722521188911877,2.0028352131471876,260.6728384829684,2
13.0311132294589,0.563166560946623,2.8157575993028656,0.6203007521838436,86.080774217065,0
16.31150956591234,3.9364260700845644,12.804010474301602,1.2491834833674078,172.75078351497416,1
29.563064659070896,1.3016736749939808,4.8000604403661935,0.3606544858665475,57.20644411541541,0
17.85868725618431,0.9275733741566714,5.663960661138029,0.62857495196686,40.804106250553836,0
4.7806020593059335,7.526259211636962,13.849575705774367,2.1985158239971136,205.32276916066084,2
23.35025081343349,0.34908371515226033,7.427462875451684,0.5789935722086643,90.13397448777745,0
19.884789221302313,0.0,6.360430911805647,0.5701725384723523,69.93071432407748,0
14.163358562627558,4.383464921463853,8.431675155350309,1.3508391883576731,128.47042536743749,1
13.757735271834921,5.709662596380457,6.632547028831402,1.491813117876652,152.58659497448872,1
6.175888690478847,8.107912099140123,18.75508934480161,2.067321648679711,288.17018836552154,2
21.607675820695693,0.4224293382998966,6.691052199770423,0.772682946117842,37.754620974866825,0
14.490484117038914,4.44741069838699,10.660567942615398,1.509716819437919,145.88132798445758,1
9.468913957529383,7.641756790804066,13.679755220154952,2.0945118333129367,283.47510354650535,2
12.38535320173888,3.2904344333452653,4.4824888324851795,0.9649244827548653,101.7414128388795,1
21.564837308949574,1.46542541650269,4.967553764808118,0.7735250671555483,24.402437733945522,0
6.120635982163101,8.70255528565261,13.77623389747155,2.3614796922736105,207.9112318770911,2
7.901285873447929,6.822795415091462,15.717963267697225,1.888352113403171,269.10841328909476,2
7.890464725797003,6.481649320959029,16.208275402269066,1.660083323376711,257.841965388508,2
16.890389894623233,4.444408320794615,8.232238807614797,0.8239794845114944,137.32357099789363,1
5.759436082074384,4.334773722298778,7.806447277257879,0.7442684126272308,107.1407586536416,1
12.834376468608314,2.048929567150605,9.906593385054173,1.3002596829515298,136.70004828082398,1
7.021357726470023,7.633917359971189,15.195832694718842,2.265777396728994,230.67766534272386,2
17.69291467772667,1.604312980660605,6.0018343752487615,0.4533667132802173,112.23135880403444,0
6.774837070932105,3.5594541246586653,18.33708861393914,2.1685260508193003,200.74326299864723,2
19.172061643606526,0.17517977988215439,6.644700941791507,0.4744529468340619,38.823850495756204,0
20.79623878229388,0.5198264982729642,5.139604169980037,0.5422029604707359,113.42532655674533,0
20.89636992724167,1.0100739206254359,5.195352197097663,0.48404853242168,116.62327891810088,0
5.722620318712394,7.681608338982127,16.470272155538893,2.0716796118704957,281.6485365229364,2
26.44911303195458,2.051931562867238,8.279929058742786,0.7113191236607839,36.11768152122869,0
9.147220590491315,5.68125408184524,23.02192987354924,1.6334584099990224,229.90079777166827,2
20.94155304219205,0.0,3.681986483535333,0.3503284897000167,51.45535683819074,0
5.438239178190685,5.357829714971574,17.789541444315812,1.702634244793789,257.83225471647347,2
25.210361587144927,1.1101295526944368,3.898825865998587,0.6764533846836984,88.3208757317979,0
10.381710618664744,4.207681178284664,13.852240829626862,1.1489482405797649,130.70081201567575,1
23.065553906289598,0.6688840461801144,5.921594487231935,0.3716498522577384,40.19990432144891,0
4.034173917644173,6.991619299047725,16.100654790454726,1.5090994234555586,250.30850827530526,2
8.05109136038017,5.883443260293127,11.560433970942329,1.9595930654162204,217.2000013453854,2
13.516523272775387,3.976582236697958,7.276393574567772,1.3354104094336399,107.31947723796593,1
9.225374875231015,5.428380572425935,13.914497034050543,1.9769034932954743,249.27221921907886,2
13.080573834304818,4.189877043583944,16.407062228240118,1.548503469396969,217.00623710141392,1
5.6708290241028125,4.617245295387741,17.528484584966584,2.3026770348580543,204.69246263452456,2
21.181119762483473,0.3788006876055997,5.314255837981881,0.6264284733754039,78.86601798788814,0
24.150159777031597,0.5919868809162023,4.460250129413257,0.45318544263265387,97.7024902357509,0
8.925214548153305,6.469273710681728,12.304393935600759,2.073789593523891,220.33553064337045,2
14.251409585805284,3.936337609689873,8.827335198482833,1.2609828663172387,119.14727558714961,1
14.456592196755318,4.947791284501223,14.245024192857585,1.0128372384425295,140.28012711838448,1
20.029450725694268,0.0,4.024733158090075,0.3845619202607823,95.80924261084613,0
7.370785281033106,6.899861232734006,17.066318717081383,1.8311392189569304,249.66378053492838,2
6.547023559941643,5.385087469385455,14.432690644127046,1.970884028185915,208.38241707278718,2
21.75390295523891,1.015693326155192,6.34572247193364,0.6887721200612067,23.222795203263388,0
10.009985029463095,2.3498207295516362,10.610446010356863,0.7767593144727123,172.79686638151244,1
5.944425336778922,6.582467025671208,11.45531950277111,2.01537005618262,181.72442471120988,2
10.313718569555443,5.991303398629851,13.237034087240609,0.9681874019607057,198.22328070055386,1
11.438318035479359,5.239189019946415,14.361520711365655,1.0560106071863373,165.73199881545924,1
9.72098094674234,4.79637561643941,13.178696717870192,1.033415850928401,180.4380962179941,1
25.970754275838086,0.7831011191659449,4.957265411303128,0.48791824812782647,13.69749602016109,0
15.916748147431571,3.1440269196637463,9.214164980726938,0.49917911849362107,142.92104646600004,1
8.581491617756203,4.196373731203441,11.939430358595056,1.2497837588436944,115.44081010939514,1
8.18891386102474,5.385632520060064,17.102243092081366,1.0866705337432567,142.63840585507972,1
5.50576747793476,4.569858491207414,17.025490965538317,2.1683972355076016,224.2433294094327,2
11.800196918934079,1.3307390696693577,11.010709791929848,1.3356823132945737,100.91863518059066,1
25.403409322796023,0.4770566874900648,3.3872461417639004,0.611354241000764,11.983190985480347,0
4.427334959036637,3.4056361088759015,6.448922973891621,1.8165662905549036,211.42999040529298,1
14.606395014916648,4.027725215200877,7.066183493342084,1.0162731327297394,161.2556084476364,1
20.078398466310514,0.35805596810813045,6.15785729714247,0.6690063485790699,77.94640448074499,0
9.452779887843839,7.311441097023862,21.238232554882586,1.4956945600157552,288.0028317189271,2
14.64895861638537,4.6198684537598025,11.372544705535109,1.4663732658755253,214.0220545354943,1
19.946011101048263,0.15383125683527965,6.645089824206378,0.41687345250434665,44.28821836983521,0
16.619384166295365,1.4427111864595414,4.932149548144182,0.36078660627550013,110.6318444996566,0
13.898723639066176,0.09294752393049344,4.56392824360356,0.20417872496101502,54.4718721980356,0
11.647744428642122,5.239472180910006,13.941101835375807,0.5616462834199435,121.64902155632954,1
7.6918185154910015,4.159762775499886,10.091318687184339,0.8850151266208119,100.28932072346458,1
14.676629618429956,4.261749243617204,9.115866883467456,0.8343545000347032,198.26960207268888,1
6.424527078532818,8.518168178074621,17.284043427297696,1.4083619148760504,230.50782269708634,2
25.465557647417754,0.4098106362521273,6.373135493506352,0.7111610671023428,89.48728973178946,0
8.700008535939187,7.902904355654863,15.875626113010643,1.5587199385107293,209.8458818374635,2
10.704837953731742,3.4493210946509465,4.2175527173977185,1.0838546832450529,176.46006719979565,1
7.773539806061588,5.70636742039683,12.265385345663535,1.9238962670177593,244.22872042976803,2
23.166616824374103,0.10498706974892269,8.534048988791724,0.4403632932100163,88.32791914727235,0
7.021408653432494,6.940648261303073,19.056399940459045,2.4422258138267727,202.01798452320276,2
5.945679529407195,8.669815487566327,16.416474271424015,1.9580125631703595,188.87060599749162,2
10.91630942125688,4.146989110449345,10.262072275780792,0.980756062317374,103.64209344263344,1
22.600804711834645,0.9206593089764936,8.693273992095332,0.4394872850510771,53.73538377590737,0
13.608027676774098,4.922128877592119,10.004402114326332,0.6186629531455513,144.90574345109547,1
17.450837475617604,4.387649948544856,10.473888093258882,1.040357439011454,189.40444950674646,1
6.910627197119621,6.416882059492748,14.589864444535394,1.9961519237795913,236.7721033788109,2
7.5952119391138595,3.9576448993735838,15.012551588330982,1.8614552166234453,116.68041048144019,1
6.996433979495144,7.829946136601996,11.31996071410575,2.2283082571842345,261.38151520944797,2
1.659800041933277,8.649512214091324,9.88742772093279,2.5521733455056674,240.34656681428015,2
17.718743728854136,0.056713428509721386,5.067805447364675,0.42143883964882645,60.664080576413326,0
15.994906289903517,3.229603606655998,14.27335148472182,1.1311319480988837,189.97302104174423,1
7.615705548847332,8.213591831447419,16.953614703479346,2.765898664365256,258.01356330497583,2
18.129195194752434,1.2772031053845727,4.906158842241632,0.6715561240834682,35.96555096811103,0
6.98679217903327,6.964234347795825,14.441826033728372,2.389566654511066,182.98012889760173,2
14.869482272292238,1.5736632295969313,5.355556277169971,0.5646066770965232,20.88654857495775,0
21.154615723229938,1.0598210143375748,7.384993118062942,0.5819829535182945,16.863347545810495,0
17.21899575591135,4.102340882479888,4.689267472073541,0.8739074239048181,142.93135880072626,1
14.607382611654582,2.2724876706037396,15.993478375081391,1.5537092257775842,161.40266527912627,1
13.569760542524104,0.38982017714702855,3.4617153004254035,0.4590145348336703,98.3831017626573,0
2.038050865396797,5.300684698228883,17.635508383666732,1.954048643969945,192.9437206133091,2
19.483863539480865,0.31867026053248537,3.4820586021933106,0.45318887455353507,94.94943125212563,0
23.90553581384841,1.883239309186683,5.6053706979919715,0.5198777475467855,73.622560870705,0
25.822474760324468,2.4394172600151993,6.4916025021208075,0.6890143759790414,82.21264680646529,0
18.080219035453055,2.9284696382444055,6.249923401647853,1.311515771607013,134.9734373222164,1
7.017826514669947,5.0295383195492125,14.049473377613774,1.938508505155447,197.0488969887117,1
3.8116346405491988,7.045403006662928,12.35886340308025,2.159081652065886,222.78505718571267,2
6.636493652948421,4.742308183235414,12.756706456188432,2.3695304321825774,276.305070858881,2
14.769100311707188,4.661507106801652,6.582141522369197,1.71029145582495,151.3481842888964,1
10.493979396350992,6.1464079137301395,10.24650201460593,1.2453696117397113,260.37660494859836,2
21.010275383986492,2.107625638075125,5.888396654581344,0.7651984436603643,96.28460205340771,0
10.64587430675597,4.184234148700421,11.353968474230236,0.8589920643237554,173.3776864992893,1
12.243831502773206,5.414612132830772,8.694768275271052,1.1064972342704298,137.24102232617645,1
14.399732857472411,4.640953742553609,10.646234208190371,1.150232195146085,131.88514858423517,1
5.272955733970574,4.514235459547649,17.286514893415845,1.8151578204663619,289.746993322579,2
21.3028294312528,0.7043315768662903,2.4037462298907393,0.836716021186727,84.15433250896693,0
14.506748329019182,3.0639208564898617,6.655678416888259,1.554814029562321,160.91345924740506,1
16.082359066437423,2.943620589990438,6.4815466382003155,1.3218237499889811,138.89915030136373,1
21.687120297003485,2.0481535264647177,4.568078959299536,0.7406216238760387,76.47348618036267,0
21.90725438009842,0.6081264463948752,4.809054711427803,0.4332741928948314,113.24360635446364,0
21.72905180253662,1.3760353498945617,3.584748210355948,0.4931739203735934,99.90358434345605,0
8.186142226456196,6.116452524401961,16.09782094830427,1.8704748088875496,189.45234166978815,2
6.632663191689564,7.387585916500701,18.599137370426067,1.9932941703980203,184.1896337523861,2
13.534998900497705,5.225793983688927,11.520062138557556,0.9812952832556843,184.51161911096412,1
7.778119669522793,2.4422753155754107,13.942679727110738,1.4139798752389627,178.20721903297385,1
23.807841454039206,1.8809246097978294,4.180078992294453,0.48793828810475376,49.45870779587148,0
4.923538539016157,8.163846323487197,17.641751329202158,1.8308641294834556,286.49822240488027,2
8.211405738815467,2.5245684985391366,10.321687865257458,1.0500386896484903,201.12660688898444,1
6.6716968303835635,8.021884347431266,18.96820319100913,2.1710714176106802,299.6293067157327,2
8.860583418579237,6.829559598221155,13.416930680535224,1.439240598740347,293.65430258964966,2
14.328685514172317,3.4192798660585204,13.711542400867028,1.1236571770063974,196.97544887815525,1
5.721242433035329,8.271106312738809,13.420285200467559,1.6474534590429326,253.9374751689503,2
15.945144178572605,3.316443908144347,11.207970944941483,1.1788618978602012,185.64625848614838,1
23.861589938364684,1.9889045774449743,5.177315181922875,0.6295973561108393,42.785742950338744,0
11.705906786160636,3.9027151107903704,11.39279122970738,1.3703983618572726,132.54345858095635,1
8.120968752731239,5.624025907105843,15.037074395511485,0.496776330795187,186.4720370325718,1
13.004950666493773,6.20789319900266,13.422374342663616,0.270555853643766,172.72525628471735,1
19.476296779495495,1.90259182661507,3.24831518700978,0.4791300517673693,63.13155241283455,0
15.565503042104117,5.723441673886265,14.41030834515609,0.7431148651844328,195.78727842378117,1
6.995064301375649,4.7406776936402375,13.067574000541853,2.0008459510342074,185.22265063479716,2
8.180361678259807,2.4186402974692314,3.3571954423463453,1.4452603529535892,90.18534467737923,1
26.74856654029026,1.7053118055595604,4.9840547173667655,0.8219916208335039,19.561231689616605,0
14.898441037227887,4.58952882487154,6.61722714637371,1.9345760964522172,172.76333459663465,1
15.711767752627841,2.0418725958830093,6.477646566900731,0.7920498455807592,49.08186075412507,0
8.835421049120505,4.109935605128586,14.804883588766787,1.4146464550729339,213.69304887122917,2
14.269595702960132,3.129350609229949,12.402280550114508,0.9274152336095708,122.7480744977648,1
16.154613281382133,4.475953527065749,7.500575430013101,1.5197891159195478,213.69492709955583,1
14.635964550541138,5.618431838374614,15.98237122220332,1.2649664215134617,148.43265547410564,1
12.496154307071588,3.1519081820291763,15.224150965860117,2.052778118403138,203.51070735976742,1
5.284610664134838,6.622344587102683,17.76060380757501,2.0324464117781056,250.4863428910569,2
4.256117298902888,7.217655690825445,18.46332026189017,2.525598340215269,250.29124300450695,2
19.02768777568317,1.6910973276416053,4.222967955287089,0.3110317590810677,52.90726723223911,0
11.17325123068288,9.17586355122899,14.69199408932515,2.1431781397737897,278.6005517241619,2
14.794436479958955,4.334276427232457,10.300035622364142,1.363442052380832,95.5368240161407,1
4.788589049160802,8.26756460096574,20.903107883595816,2.1667006346869266,235.99363473625507,2
6.593414989838221,7.356044508206957,12.790117426434753,2.3058399537087158,297.66326019567515,2
18.077408234047034,3.031505298226289,4.920211232496576,0.3893640650607617,114.55539177480483,0
7.910151151440741,6.834398254147617,13.869924739554696,2.095624071206472,226.10269824647762,2
22.686124686916212,2.222425087510266,6.7750079348281185,0.7141269981467216,117.29514044532196,0
23.400746215393504,1.497003563164154,6.948524526172903,0.41256661458907795,56.92510911598327,0
7.8422200020892605,3.992399031441693,3.5165136892848707,1.5691937412534034,140.70497609505966,1
18.6142939759724,0.0,4.474680959367665,0.5495419581883295,10.10377567943942,0
3.425722824831097,5.487203787621031,15.25942632246744,1.4318699596584907,262.37209582830485,2
22.0476963641171,0.8653534128303445,7.452810287740768,0.7735644578195937,49.811198992165146,0
13.836247502411348,3.4977571199926145,11.311339023762198,1.7498851577861263,169.24390940680033,1
6.087797984377241,6.390663505939766,20.768984697530172,1.8509503123813338,299.66461727691615,2
14.054526582316774,3.2398558697395607,13.588892631529415,1.7360266346490967,135.96135104656383,1
13.916870442638237,3.1498142781650906,8.69484219929242,0.7565993234087447,209.6506780950048,1
3.354774593528795,5.6689862384299285,11.96464200666984,2.048861169709223,207.5872188681695,2
22.475545192092614,2.3106877858167527,5.762619224529569,0.6467479284007167,60.25768789109936,0
4.983273676900638,9.190342269608443,21.091334441419395,1.7654574307033253,277.6916408360683,2
11.242939554027329,4.70045370378874,12.221263642143255,1.4009653470647223,210.9034889254611,1
21.398600189198774,0.0,5.1906883988826165,0.5604827675876626,45.53300803295033,0
18.285300812474777,1.0743441872911899,2.565039625528331,0.5987122197210591,30.121521855829318,0
12.942207311077766,1.2328054899710514,5.62728073481564,0.699905186008479,37.48918938005788,0
10.36563914484872,6.534331202138549,14.552087886596794,1.683770126035456,191.98293893664308,2
6.955176272412248,6.321785473614126,20.687597240643427,1.7943863933884947,213.5535478110526,2
9.752636772116926,5.377079742573638,7.854212442054463,1.2166233767957297,117.1369647118218,1
7.280118612232496,7.511151513591156,14.418270916793162,2.045581100304461,266.59902593809886,2
4.027675450786768,7.7390790198505375,16.973512967112438,1.5497809059797163,271.3571898542855,2
28.199248383143704,1.000546255165986,6.564260003062918,0.481365092749867,93.60060994583084,0
6.930439860262116,6.574619259670925,20.0289852332209,2.195063737722269,201.13053099230427,2
18.35403503511488,1.43315527951179,2.8441882776968264,0.5038972509753599,64.10635554069061,0
23.960664955837156,0.8262951400430381,6.053073367344615,0.52838839407108,71.3457560303998,0
27.591068066983908,0.24168582618481094,3.331353909016836,0.7146044672359289,54.58578967116487,0
7.821667615561965,9.117267682809644,16.054299892971684,1.464874527630369,265.3333360860689,2
12.926155182581521,3.5932383390119966,7.382685704194968,0.8071733101196028,118.17850247185805,1
4.603276906001806,8.52572151156897,19.693912790706058,1.9312139443117255,188.18474816912706,2
11.945597269475755,4.351941314805822,11.454203943906771,1.1094604519811242,153.8388334549652,1
17.783778826348865,2.2793253476228914,7.402029522343781,0.6424419276761227,98.45821214822726,0
6.272430940780257,5.84482133915237,14.9534440084264,2.2097685161081655,269.7604378762643,2
12.55488776202626,6.881900393236423,7.410430863499515,1.8120401657990755,153.8483259875061,1
7.674388845017123,6.064584414091538,15.991443187980552,1.7894281272080086,253.75759589794848,2
10.740459012506314,4.026055622181811,8.226559510223169,1.2986047048489449,192.61935235005018,1
12.509055272573253,4.240473741851622,14.334550861779423,1.3738733541341541,146.3315337302766,1
21.02468242277711,1.9546488047417008,3.4565183708064353,0.5253057229773237,28.04699470918687,0
6.872751866295293,5.701293606112176,13.841004492473282,2.2895032288316064,208.25361906619972,2
20.777537206309344,0.7174669657514493,5.6769676869233825,0.5556897884791455,100.09698652478217,0
13.312273457168804,3.099343373196342,0.5757563761103626,1.43812744292974,213.70544022718303,1
5.457284928768217,7.348765050486188,11.669144328198701,2.1334976572436526,182.11617948628157,2
5.8029076962167,6.595089658568454,18.412633095008935,1.8457109428267287,273.7827781274227,2
16.92001573521017,0.0,4.087758345051624,0.6272139930170957,33.155763363187724,0
3.697893209876169,7.622608764548627,15.49235902550336,1.8878432849419204,225.934870550146,2
15.25064556998361,3.133964255181469,7.387230190389969,0.9765731529646834,214.47376903275875,1
8.011986133135974,7.460111964064142,17.25226609374882,1.796947291269983,216.12313044500388,2
14.99889313078045,5.051848614750764,0.0,1.1755842917147636,104.30276158889197,1
5.490981706372292,7.557673150117413,15.509101013050195,2.0370589769105383,265.58025156003396,2
21.14346156289962,1.26756543198962,6.317088545345661,0.9015306808149524,19.568543590255118,0
7.124116529410792,7.972369815051112,16.522604027077215,1.781844839163063,187.41634440948417,2
16.952245032915652,5.171058499969302,9.196716591863224,0.46942032840262027,218.68277292492613,1
13.577811840763951,4.292669129944541,6.421079886942589,1.0821821284722546,127.06293491978923,1
14.198602747367097,3.384004975986995,9.574554106992517,0.5838846613142807,212.34824356895922,1
17.858659651935106,1.2867628945676963,3.5380874485690534,0.7136882774885429,84.513244287776,0
19.001223310132826,0.7052400997071778,5.021272536697363,0.3995995661347608,103.32594990735622,0
16.477436725880924,1.061515958867657,4.013135035593347,0.7384743912512929,30.517036143983965,0
18.163638759124034,0.44431970466948434,2.691274663534031,0.3372256789872421,84.76669385166798,0
13.574377726503965,2.945801450836594,6.155755060665921,1.1784880961145094,184.82771848245147,1
6.4045287022375375,8.08919128202556,21.67436534580766,1.9901760773917392,220.80111202894864,2
24.668411657534545,2.2968868462301724,1.860079324685314,0.6110944446110352,29.418083520605908,0
7.95699946359178,7.808444608983583,13.41778603458069,2.306263277573525,194.67651795524685,2
18.206479123784472,2.6080074314400012,8.539724841353932,0.4448440758114603,69.99750563475959,0
16.17950968260259,1.3388792524747688,9.12504983848629,0.43987006286185903,19.18104934883216,0
11.984877389329414,3.4681375690867653,5.423155209864268,1.3656373754189528,163.2832983411903,1
5.325787346506177,7.425214906028473,18.544951659113817,1.8768131499551852,204.61017983663703,2
18.284608297575705,1.3326694690288483,6.200425931488556,0.7436898082823525,71.14578956188552,0
23.881573559387405,1.6426920390569302,5.066655851331604,0.4565734675275529,65.97796111501614,0
22.01085956709303,0.7213652371348342,4.007895374920511,0.6893466086354579,53.926583821914484,0
10.573154247957468,6.413425411031362,18.41323291277073,2.2252645612424087,195.98623128481478,2
14.225582951320941,0.6136721284315858,4.834569952207014,0.6364637591491048,47.23575673680202,0
17.38186571600676,0.0,5.747067366823537,0.8183151725872987,93.67752866482846,0
19.278534011525323,4.442022404609165,12.931790110909366,1.253908614331862,92.26053658030641,1
3.817350786556256,7.392068599052201,14.922531437016062,1.807279593329091,234.35194446881437,2
3.957134038171385,7.798894731421098,14.358344679202082,2.43693723109252,267.7548463279066,2
18.45100253608419,0.12204833877203258,5.687735626295874,0.451740834229969,90.17575604374554,0
17.85578726855227,4.0935247558698515,13.548701468162571,1.3520929037484424,148.76107743832054,1
8.35414417769066,6.976468810362307,15.589624525527269,1.9949832654556878,277.1985450020508,2
5.932245568652949,6.111311686324864,17.067853644532978,2.5869239153420005,296.4745014824215,2
12.376526623446562,2.3061091778499243,2.863714218223895,1.641228742296215,190.34597902228307,1
12.039540782660069,3.0775380873779614,10.301358851356344,0.579710833773495,93.11680815894911,1
12.40182564885604,3.265968253957842,8.509371617975415,1.2221660808373662,156.75786999862285,1
5.352165185431798,7.118149344456012,17.38594513268646,2.3353927138900894,190.3400032081698,2
9.45805791644659,3.4588072802483083,15.425769901364225,1.4689198021513148,183.74766096787567,1
12.03279903972957,2.2222636244166507,8.966016142113945,1.2037095285409598,124.39101720938542,1
9.84437187966288,6.1985435290927615,11.034324917776884,1.0139931152769865,118.30914041137231,1
7.881762022788951,7.2182837383155425,17.058250675776616,2.0287265210832794,294.19526709339726,2
13.899110178751577,4.08312385741105,7.687637790879171,1.6303224135104484,91.05406559520772,1
12.926688879807891,4.4662075886313195,7.58440634283367,1.24330748646763,125.53060662498355,1
27.568767043332272,0.2930246874471497,3.453940580794594,0.46939083425343875,14.160215020723884,0
8.786135653973545,7.2214777608061755,19.651389763468337,1.4433384085222438,228.27734358227968,2
12.597131824061808,6.999020389126688,18.84527731215451,2.1182386583596275,212.58198932796856,2
13.619852702265309,3.4840103096621933,13.970022767469814,1.1900795995914697,142.7816297044685,1
27.649270559359884,1.8521816660375343,1.4159097997295702,0.5329839732315138,46.153099990690755,0
8.961875950015106,5.028556398103262,9.058813830820457,1.1221042775115917,216.82864591658455,1
21.497120222309224,0.9305241782958467,6.614586249622168,0.4131350911350451,45.77090706471644,0
6.576307888922472,6.579490438986129,15.097784021399905,1.8179279369466927,230.53021612063438,2
10.403214821485273,4.844955817659131,12.390897386529776,1.6899688549559821,149.85020283775526,1
8.072580125130937,8.537701906836372,13.286226358860779,2.1798486112276594,299.16096435409975,2
7.542546060218586,8.422225017703166,16.277681851514306,2.3058322527262742,251.94117953062732,2
22.58150379834059,2.094905246025879,3.070153078839791,0.7029077189997659,25.000862314544676,0
6.444659605827388,8.23924274801394,14.772794241029874,1.9659886299445488,250.9318559126391,2
10.487040093062308,2.7303576893702264,13.662257809764213,1.7216395082852607,105.69598585216823,1
8.149655768762681,6.57480693201125,18.69491654157069,1.8127039776699596,267.451374999886,2
9.15904703210034,8.037743186967603,9.15726367537648,1.904670482443781,231.84512562317718,2
16.8140718896431,3.541733627848805,2.092483091460382,0.9331889201325445,173.3159164288369,1
17.999267495874058,2.7347437657055007,11.666338546608788,1.7957834328264022,116.68347886571512,1
14.511683250921543,1.9439537040307713,6.463796138468762,0.7881778053571784,80.11899165896922,0
8.994678451518155,6.821036032295463,20.724802941367177,1.6056738210115955,207.37844739108948,2
11.885284476965722,5.109388982288046,9.086557547829077,2.023112750801058,185.3261784627947,1
25.62892004553454,0.033127580606126306,2.177489989660601,0.5794804642863989,76.18552694825115,0
13.84133392290672,0.0,6.05791587278504,0.2941558084491876,26.95595474963358,0
11.45280903785233,6.429842728595016,8.72519263078743,1.160472543542466,199.93141901495244,1
7.512721967476931,7.875594042282729,15.616009074359814,1.6715633329708448,208.69144715839383,2
7.747915726119645,5.1654783078478275,15.062679574639667,2.47350968165816,191.7243561219778,2
11.385878299433136,3.536206131612652,7.559006274587341,0.9691000772965834,115.05806184531514,1
25.737238677408303,1.2278036747084546,1.0734217043220515,0.6691237298105798,24.987562160117562,0
13.173241048999603,5.735957691762076,11.418246920427087,1.2653913360115978,182.61122370147982,1
24.76434341909391,0.3451159786719371,7.184213567964852,0.5178142043689598,37.09830719665321,0
6.49621449833514,8.90184819275633,10.688698292391326,1.9882218888456833,199.56790408320762,2
19.734204098762177,0.713536443056545,7.454547644162526,0.4184759245528672,33.77493935420128,0
9.325805145088278,6.779267042174709,16.09284426480349,1.4484784377238589,295.92145153531266,2
18.406255362604885,1.9946497798761356,4.753896818020201,0.6882368168927444,94.90196387531209,0
16.023575067831228,0.9752488022755007,1.0796839834123362,0.9090837924924078,102.87927910135775,0
18.454710098211297,0.0,7.779528267892712,0.3982185493787096,109.13851285762196,0
18.362766103617115,1.8047396094371333,2.7450078020939226,0.7691863489880353,16.6996097558701,0
8.284626725179134,3.6693193727441473,18.93297741089532,1.8648834030744206,263.5633520299767,2
9.366522638847842,6.241053863531803,14.642614565694984,1.3161553417256404,266.5542658317391,2
10.14898260093039,9.19205798126142,19.536087954157786,1.3347009943141463,190.3527789280255,2
23.298996026289192,1.6528054790195386,6.730397216002551,0.6249992530585984,99.91486320367203,0
5.452720310123739,7.335399181668858,13.916504769255846,2.0304678888032015,236.12787253373645,2
9.524124117507407,3.4084980700608973,3.9693500363018117,0.8028146747341312,164.84350969305655,1
16.634524387254775,4.72491691162668,14.08302011430932,1.2194374050370143,183.8802253111616,1
23.373490488628235,1.4475592607960297,5.473163501752395,0.8054563166954671,67.21868815418263,0
5.489932008179003,9.844906102860893,15.86620398401433,1.6882044503503268,242.01127611561594,2
11.94493132741879,3.222619238526293,6.141749350120154,0.9755369055112575,180.3073248476045,1
6.159289346846948,8.498724391925778,19.5954470571517,1.8121327509391008,190.87236192064296,2
15.058878020934902,0.10227740969520216,4.447360729747104,0.4775943156908592,20.94441357602611,0
14.80167505228961,1.6637859343033397,6.622793108983184,0.42776050668710724,87.72928568665806,0
10.045393947031673,6.720310085475711,16.44709337903205,1.8043851673623867,278.365394730399,2
9.934145854312622,4.946764150056305,4.565224538995032,0.8985072254700338,201.64580890773138,1
24.4333507465486,1.4774262237399811,6.853211016088814,0.43521737387904075,39.046818316309064,0
24.85918822757754,0.521945091386427,1.3759221977407599,0.6960800387446551,81.97762060419917,0
4.198660290226904,6.272334971043907,17.28330683305183,1.8163963291481329,243.691101262299,2
16.30087505946284,4.229740859148823,11.986506261842498,0.7504093508552363,176.95701373042033,1
12.55265168859028,4.731941664798373,9.30439448012263,1.0973947962585675,141.2421590958558,1
21.976120745130956,1.2085390126591258,3.8993896923091595,0.49925649480929224,116.85346034458036,0
11.785711061287484,5.184987660362473,8.14303115665641,1.3258038220984032,177.19353834191625,1
5.38733756224078,8.138134288984059,16.004967566865854,2.005607448636784,294.12785281729964,2
21.17415011987456,1.1995341501480334,4.346653504981912,0.6187128149495902,72.29551681831853,0
17.68214690371972,1.871207985427819,5.229066732430928,0.7425218206498247,99.90275469587431,0
13.357183449871108,4.2763267759060835,8.950687493255929,1.8157466786390697,191.29666491605485,1
9.527822643935886,5.217503503913761,12.34517256494294,1.451562443267778,121.95752724231812,1
9.331524778534659,3.4663719674165527,6.302318312527959,1.7563300300085483,169.7268350894468,1
20.687357359174126,1.4426009759878269,2.6488107887502967,0.4657395236585093,31.001924357880785,0
21.543880370275502,0.058684044879957487,6.856181221982162,0.3344278293335883,44.72189896805564,0
13.733496865919776,5.300129564017462,10.568942191035966,0.5893561714346467,147.82780348773468,1
12.661646720685667,3.1326068438337122,10.173865505923516,0.6556657898212352,190.53206185153,1
19.682446302377187,0.759627241023437,2.9887972486210685,0.654024627591865,100.53039318916282,0
6.211775249901731,6.5694185483231236,22.653236069645438,1.9050886448664994,251.95853100557753,2
8.070804076897105,4.5778091571895665,14.443709774870785,1.4276543297516389,183.89956281284003,1
23.43380446662666,0.8123035440340689,5.076475989920056,0.3827112878049683,56.11988272826242,0
3.6627411469984286,6.332289231052988,14.534661725984048,1.6364798567982095,241.04199932252752,2
7.026642039046529,10.534193444016104,18.280362427166324,1.226541920023224,225.6127198458965,2
6.5539117734030645,7.330319777717204,18.0969274550343,1.9468316057446615,233.43349402046937,2
11.402812338720391,4.221792440345985,10.99828143591103,1.367948534648418,111.40713412594967,1
12.945994411933274,5.201659774792778,9.238215069967252,1.1764170594740229,159.85033367046935,1
27.959420293350227,1.2807540039165655,8.252760811337266,0.524607057925236,100.6918669365004,0
4.7016021306238756,7.776960064435248,11.97637056439886,1.81288844679522,292.06710189331216,2
6.4937029999141105,5.194649655656751,20.772824075662314,1.701900621159965,203.08598174690997,2
21.98685661204493,0.8893885590630523,6.295377076201385,0.8284544784612038,27.162050448668015,0
13.655040696767909,6.276266497446498,14.905021497194257,1.3323107504552287,125.10032254575539,1
9.51749531484337,7.8865758687388325,12.650695954516626,1.793678504997873,232.05152925510734,2
11.391228130397316,3.9343043251885415,8.737042395960472,1.2270124751600875,100.6069119503005,1
8.34951599514011,6.6090349959173125,16.456989668346377,2.1495381775887195,264.2821753038128,2
12.424596396449099,6.008232210061111,12.630062427625298,0.9799370510707955,161.78889642260003,1
16.123201558744935,1.44082984179403,8.693253001660946,0.6333424076187426,21.756461540421824,0
13.375801361632892,5.089867028910074,11.001835143997118,1.0860276100378268,197.01729248348266,1
10.193140935994768,3.341540390382079,14.888765852295805,1.1110804045361453,126.60807933058268,1
10.892618180782518,3.7116390338221024,7.753080708189864,1.0331709191313592,93.70760322902427,1
7.018642675592133,5.881983557425318,15.862566867045759,1.8810114223402603,221.7662744389121,2
11.859751638291893,3.040308534267362,5.538130620377714,0.5716687419855291,95.89306926623922,1
5.952628934646211,8.097508489931368,17.04034766378259,2.1090273588142905,259.9419999420708,2
8.574174542516065,4.071886308155726,5.124636223352425,1.224873555951612,113.96307536846487,1
16.225858480337756,3.8491044430050727,12.013810410116061,1.423807185894845,135.36934158924842,1
7.029334745371199,5.992429514683876,17.736427329353667,1.2387479843762443,230.70400258619722,2
12.233657180942025,5.852911196228854,11.155165503813503,0.3877302918983676,117.83511164368161,1
5.180735654510595,9.086563712583917,12.583651189071361,1.7038308717304105,284.5742477542612,2
4.284353585869116,6.44542497286106,21.485875787325476,1.6445224502495193,188.50959729431892,2
12.546294737447585,2.7568456856720327,11.307842889146418,0.9714176285594749,207.66015661328254,1
10.286952541953847,6.23271824743629,15.434096008443472,1.8402489429818822,199.53985749953554,2
20.594669828808446,0.7303312231055685,3.7731946729181205,0.5546295470267807,86.13774758635451,0
17.61435436812448,0.7606545820580524,6.617838538785438,0.5123317062224343,51.61471678817854,0
5.910607425760575,8.93576649644199,16.443906641898288,1.636294934150575,213.6144235921666,2
6.244754356805391,6.047741313566615,14.321951560587049,1.5107123388457522,271.6133874691277,2
14.718416754274134,5.001208265388528,7.6579351686776285,1.5732307548470168,157.89763153045234,1
14.157505999066311,6.183726144775116,9.750732016770451,1.3946645777711517,167.90816362036225,1
13.380068096382951,4.301705928885576,9.861395586673103,1.072815701377563,169.40157629013316,1
5.08029939556741,6.662620690666973,15.396736193198896,1.5289140224671462,220.82051404661874,2
10.443509457240344,2.9997178581969535,11.193685280397846,1.057868385669228,98.06588385483784,1
4.530709165036269,5.6706423499548055,15.036543438609531,2.2196244334715054,265.16187876687735,2
5.491055753446333,4.856695558790634,9.299345369270855,1.7716658001431198,198.6946646405994,1
16.66831331258125,4.296076541304318,11.190904873975127,1.3320443582099275,92.15012840768397,1
8.945238295746815,2.6968441951099527,7.896251366787771,1.4928416070200763,163.1601092041991,1
28.325258627060567,0.7563570892101941,5.190641613895438,0.6268555194823447,33.64344164498324,0
15.3134331115124,3.847409683750139,11.925637184433308,1.0850715236520618,140.54336546498234,1
20.538829872411217,0.9051930226280701,2.831859030191542,0.6536584154208362,115.85718632293275,0
8.061094410158182,4.472770271037283,7.593184498196439,1.0486098773132295,122.40839550059948,1
13.291034514513173,5.192713348953562,9.314303826621371,1.186397497961981,166.91694667715552,1
10.433897130474731,6.303137560173351,6.269913217960329,0.8839592897780169,143.41726766851644,1
18.14704345230986,1.61539651164798,5.252825658867235,0.42335834882823403,73.33717182345407,0
5.2733350237679115,4.999005737648522,10.492047869921834,1.2795956611344657,196.91490030211605,1
8.504399138840293,2.079248988179945,12.34323694364582,1.2061687411289481,203.65855282888265,1
7.640923243023165,5.389684834714166,15.480164055119719,1.8975999855171155,297.08526795406897,2
8.248373171608174,8.015419186578402,19.106979341880077,1.5514239713384348,264.46482397139397,2
10.648895426229995,4.488217162167739,13.04617698602567,0.8484506098582425,131.0135968426891,1
9.558559074213212,4.216561770197448,10.679628252792988,1.5893749516982285,153.01637646195996,1
9.246160798681277,6.881402470768942,14.628061280329888,1.946702616306516,297.5928286286935,2
15.296442212031605,4.586625641095513,9.623618382543487,0.7988272752243464,203.36386552957268,1
10.96873044146967,4.145753277039455,8.50164642134436,1.400725563080257,146.1895198138355,1
10.376623622905765,6.091055524078735,15.621575350368046,1.9980012764626502,230.60324564618182,2
18.001458387550066,0.9510164998384183,6.9905807990440625,0.513266975006862,85.86716883480554,0
12.87564007834895,5.653128936609166,9.967252956779653,1.1771007599877692,143.02504049054664,1
19.67748476620076,1.6396893008449953,4.673384089996986,0.7778743798113262,56.682791987976145,0
8.637074104870301,9.093160735881328,15.27086781206576,2.321628604460779,194.55032545588688,2
6.398294502074919,7.170849878354776,15.288488106622204,1.4521629638114169,219.72052031798177,2
28.35098394350058,0.6589385481053915,4.532004858906874,0.7295357038703718,115.79387261800157,0
13.269365223509258,0.18077712729089634,4.440379315245988,0.4553193307634713,27.892689661603363,0
12.560500418282855,2.2364580351924515,11.146990983399661,1.53219545595478,172.3924945408503,1
19.481931012546237,1.4638858282361058,3.586214864025302,0.7283333488531067,118.93655341730131,0
11.93542156293355,3.511922342181784,9.509062483554914,1.4012872716287434,145.66283937007955,1
13.950808033264018,0.3629004199283927,6.3193045975545,0.5365801718085205,17.684811275312786,0
15.414398773128863,1.3726186547926587,8.73444840862463,0.7864851495719195,95.96082976301801,0
10.702087450999414,6.622876740067089,9.260286837221276,1.4205396339162273,127.32979424689174,1
14.832644520755442,4.234194456570181,14.995756701834086,1.1463879346309513,194.6073103212226,1
14.097753266486292,4.8075759525636315,8.002447231949036,1.0233946069487294,166.7016208755805,1
16.04148745371865,1.7526169503905726,3.035025212923381,0.5663050275004463,29.926428448814836,0
8.800411306900989,4.788425696022777,23.540930404626707,2.2572657798599556,189.45935965322414,2
11.599116810819686,3.0679671364334276,12.824857040654472,1.2229554186731133,219.70050842595776,1
19.14999454123534,1.9431587193893343,6.1935172926036985,0.2964519032981749,20.04885669959114,0
5.938839288705582,6.918488738445025,13.515579587161309,1.6925315791918678,284.09227227852796,2
24.717037338440505,2.6021462131268738,5.570798753443373,0.6209990613954651,110.34800172112712,0
12.655178507586815,1.4063930615300348,2.793266787652253,0.27706641105712754,76.0653766696679,0
22.915636622251128,0.1701874072298173,6.237260240219483,0.4025594938388851,92.17860938419318,0
3.9600465421065927,3.6477197960909367,12.703335343186515,1.016469641342184,152.59017929286003,1
17.29085762325237,5.035705343206296,6.312991418516661,1.4846844668421288,173.2117515562021,1
6.454233394480744,5.740873284010423,16.33062063770237,1.4129238743095485,281.2033354646387,2
7.155948923637464,7.759569248041993,16.54841189251038,1.6664252062761529,262.3897113625545,2
6.689021749055217,7.662610642252736,19.17909605741242,1.5570725893496895,276.6619954419675,2
9.855972630647784,3.005899683459628,10.517685231972653,2.053763235086701,116.41080498734716,1
12.822011707328274,4.87579853540877,7.714587253794609,1.1442297914472999,127.79163126756967,1
19.222923472085924,0.3953667998733096,7.097414252833127,0.8483110669632443,27.932102519637482,0
15.422954274433167,1.045832283562413,7.1484944678893205,0.8289279476042493,91.64785059189958,0
6.406662526651057,5.50428467982147,15.805572239316609,1.961555467220855,284.13934964776433,2
16.01633391126319,1.8876849993039895,7.167617330612739,1.441674142359218,111.85834116631712,1
7.941737718750762,8.481751631961991,17.339122734275605,1.7079308513595957,256.33638365137574,2
17.653743681749127,0.8419718194424255,3.4819191055827035,0.6050188156488454,98.03921586045978,0
13.104555109236024,5.005444501201347,13.866640006155535,0.866823792392987,92.55881799958378,1
6.105509790425386,8.827997816183382,14.821468327698378,2.232181891601141,278.89792862398696,2
22.98829137538621,2.1188728037008846,8.114753634807153,0.6780569588827678,84.27539213182412,0
20.340837798535603,0.0,4.62620768367603,0.355429013442729,82.81049959007127,0
14.951770611733357,3.715887330354951,12.015227446575619,0.6854640135915913,138.87198880242812,1
20.45063075500258,1.6852707535090805,4.157044505388454,0.4303436438556172,102.74593515327199,0
6.235810812330844,4.299724219443932,17.759677940187544,1.3019264852712626,272.8220702725553,2
19.35832247209861,3.000720398347425,2.8887210204028073,0.546947136064949,83.33797409361024,0
21.295200510423783,0.7668080168052078,1.6990175799244764,0.5924365722417768,105.78248913997625,0
11.416696528679742,4.133551096611693,15.576952844530924,2.0428795051769666,297.6118923729573,2
19.758844034433555,1.3638361357139044,6.54826292323873,0.44978443852423833,99.88409562171437,0
6.047979999958297,6.853307504373696,19.55495334280095,2.445193245917682,256.05933443327314,2
10.932610266210368,4.441723177788176,9.516947273012741,0.9922256467828601,164.99987801795365,1
18.483489036050052,0.8371357119181105,3.8366381721027123,0.44778649039607,34.93220424496868,0
6.133289117658725,7.850862560210356,18.805806265732596,1.740058819678072,189.5289893157318,2
17.41509076062479,2.4202487140876094,2.61272633648704,0.7378731260415002,43.69448486560339,0
18.415415640250714,0.3859906825860515,6.527395431696094,0.7691061015668333,43.106295159478385,0
7.0797284149831725,8.175202159313375,14.159909198130292,1.6577859831147665,226.0818035672621,2
6.642176315759478,7.346587079847974,15.177180579177094,1.8028353277356826,230.46583189440622,2
15.16611287358706,3.84139567459498,13.017576953397572,1.2562724379572923,115.46338406028786,1
12.501086877754368,0.8276750976232055,2.4708297708041895,0.6084629179910706,117.548409410805,0
9.173726332149164,8.416505282195065,16.469774516159372,2.4924960470622755,284.15074903021366,2
7.13254947468847,8.177333031241279,14.228677689390175,1.9057777927093635,188.3300350308165,2
16.202302693096943,2.147787983731475,4.079847491733003,0.5900418573615042,38.55340942025541,0
22.984994157727595,0.45747803104195284,4.684315957919834,0.5195877307318719,65.63901448515628,0
4.094949107375438,5.789233823181245,18.65808216103416,1.9882615059788824,219.49241172573224,2
10.425548411121405,4.485838831556332,14.56880777345138,1.1398696119916916,133.8528390434439,1
7.380208122901083,6.167348088071247,16.171786343021036,2.0539756869082737,240.8109381628523,2
7.752651915293151,7.909637092586745,17.477828460439156,2.0358287763544194,294.168661885219,2
5.622535364826497,4.123653071467732,14.021225488340859,1.9531810457525336,293.78484741785576,2
12.101316421651568,0.4007366266789739,5.922460987173314,0.6433297420529529,93.24681451926368,0
6.445433354724773,7.3481142947539375,14.74985423131556,1.9663914681929668,225.03694104341906,2
14.210290035503691,4.742632396173563,8.112298709837741,2.0742327647305085,104.81196380663809,1
14.584981301160965,1.5875813960009744,0.845760292452252,0.5647089135041341,59.40357553232759,0
16.244521988476663,2.95096087598302,9.66445868774106,1.0641929554471399,142.82199413992532,1
23.23012399927524,0.221406149301973,5.71836609838416,0.6851912614612697,11.512010941247977,0
31.11325216620976,1.954911779425854,5.437276632107725,0.7322641558422915,111.40616585254286,0
4.78138493500401,4.328677539879548,16.151280292418328,2.2786833672015017,267.72796479581496,2
7.7933847289895635,4.004786272613347,13.328140501049322,1.179169779456201,92.83488310617143,1
12.489766878876496,2.2384981868334393,11.377483947935675,0.8699572751186893,127.91491410131087,1
10.74504174017562,3.6554441725241547,10.410825350404311,1.0305892938006165,182.99591762502672,1
9.355295968985986,6.744822887153162,13.173960009644299,1.4634415012619428,199.77862595882715,2
30.667620889280037,1.0777246296689982,7.233362550135045,0.6348141956892805,36.612050093116025,0
7.6624455197197525,7.760203891828711,9.600446717115569,2.5299257643987967,202.18768742678392,2
21.068506604045933,1.4069800185839472,1.8376185959357332,0.7342557471114173,100.61694226434241,0
8.4959907972544,5.15683097364248,15.703382123021553,1.6942196488151144,289.5730544303459,2
8.483948405663714,6.218110461025314,14.336888001451877,2.140110604087697,267.6705636823343,2
16.381542500024935,1.9382054762139558,6.330833647383558,0.8911826154695623,47.70040179706979,0
25.597133365080204,0.6944541826197081,6.020455290339215,0.527281398546466,81.362182528452,0
7.196875247849167,6.661025194971627,17.302621533585658,2.19883143679513,248.3697877395948,2
15.813850614057593,0.3368668527950355,2.269718646286396,0.4934204881010688,63.784601908229725,0
11.304227993659131,3.784292640308311,8.5495929400675,1.405836482632161,127.01073595538222,1
7.307385295959095,3.775421434430904,12.23888157966536,1.2468983746563307,187.25161754140643,1
11.514185560310215,5.335831749492373,9.805261801764937,1.4527539324708587,125.75523366229534,1
3.4817556097719597,7.761065324145132,16.122570163941454,2.409945891385709,199.45583343302042,2
18.368338588914817,1.209298444777973,5.024293018146451,0.7396401125961118,100.91032127185157,0
3.5579057487406742,5.526375639278594,14.708755873938147,2.3104567071245734,262.15060771837005,2
7.338333749657062,7.8983494145811495,19.88389991122039,2.0807502909426603,212.5969356893009,2
9.20634787758728,6.951971793269394,16.87199947933915,1.9985604261741843,187.36836231544274,2
16.875990927225587,2.365989963443643,15.076939057314627,1.1220836486770402,106.65755523256811,1
16.959242204151654,1.2297066832983887,8.070297440015096,0.5014567235402385,95.78029724110749,0
11.209333343950394,3.1207518530833913,10.91776021314224,1.1450276667794013,200.8263827175967,1
9.310243378058425,4.688136992026479,14.475021576405423,1.4174488120457496,130.88196266264637,1
19.150284280358132,2.2033714262639386,4.9796685585144465,0.6444546658881953,118.55855399271273,0
8.3479303034201,4.723076327579945,19.854939144286504,1.8532221707551275,230.7726577531596,2
19.726889509442646,0.3189036397497511,7.4676344641785875,0.5902998705014412,34.336256609067036,0
10.93862780657306,4.102407730953873,14.22830327215273,1.205765655665181,161.4897391675562,1
12.361904282680362,5.252830155330855,11.751511244617177,1.0694255408984494,162.4384758409057,1
11.1563892137917,4.148102960201153,11.333775985219386,1.3301505720266629,120.8200473823079,1
7.857645109253339,7.266676834606751,13.94510059044296,1.6573464547417236,197.88102520939813,2
12.823203615157073,4.180627846682436,13.697227291740043,1.364534354605328,112.3125522639985,1
21.421727696374997,2.092991191972586,7.146498801851997,0.5179787865641058,36.211863760840075,0
26.325854893933315,0.7522721502514489,4.946497508851723,0.8184492707969377,108.42223279144312,0
19.60564747086295,1.015079698355878,6.4164288465131145,0.6349824196895252,77.38308151793011,0
12.0990699215791,5.616329493266795,12.322068322213157,1.197755760977776,205.6955629370686,1
7.337445154691754,7.34527120934383,16.23722157388784,2.003382796178233,242.66073653812055,2
16.242658424724983,0.8847299554227076,2.580610514317785,0.6899893094994306,78.15467503876125,0
4.125025408985658,8.991985882275927,15.066333644095664,1.6919294471445914,200.2732909741902,2
22.47056338204458,1.9736566375840883,5.45257653899775,0.7271102148864959,11.011675677829261,0
6.32897459319884,3.056396675347262,8.883344471059623,0.9933105732439503,205.23668719620076,1
9.944944671194808,6.151737193128996,11.231289661752708,1.4307277988867249,91.05312241415191,1
10.567828396366297,5.656045049144943,14.24951921959071,1.544914701041081,273.9074988351208,2
13.442063349898262,0.6860231151513017,6.993141021158895,0.5300256931157703,112.90329648802454,0
18.13677772352735,0.8793298307466437,4.852104868783215,0.5322510785760566,19.302191590696165,0
8.647634973317434,5.109897603062253,9.11813682335735,1.2602082375728774,204.55460079626016,1
20.766083855463858,1.1929905101242784,6.042590581191512,0.6008715837813675,55.953707720260965,0
6.743897642540644,4.6386855315968205,22.01730488352891,2.2789084209450707,292.2870658054558,2
13.108539348949272,4.375110676184237,5.809807980315619,0.8641324876585339,157.21628610971732,1
9.841582846986189,3.2498710951676166,12.8294776030005,1.197338720313128,131.9061621428029,1
8.874658144868167,6.422962562789174,17.359154698785765,1.8281878172653787,288.17730977640196,2
6.491086280650117,7.585819855639979,12.88993805860051,2.224132208833866,185.39040662905626,2
7.530514047160804,6.3455647135087645,16.94412982717228,2.1417693331003207,197.29920724660434,2
8.102566665551175,5.4997916181400655,19.250176430750056,2.296891992503663,229.87217602376015,2
4.991097717231063,6.005694085556398,20.485603823286393,1.4298400190718485,258.8336087053622,2
14.066138233664308,4.731685268004046,14.257193240072564,0.6151229481821902,192.7857383859294,1
27.99695878533401,1.911980091600408,4.796883592654897,0.5276591684697726,81.406936131396,0
12.024200278233408,3.990749618221307,6.635061290400416,0.7646342351220192,95.08719308290172,1
15.615353218843351,4.174778946315559,11.123323673355495,1.4703620341476924,201.3170666460791,1
10.732512313702697,5.23326249853544,10.94656882276076,1.1856423217041727,191.90914625829635,1
7.579534288713071,5.789616871285326,15.861973513862164,2.083387344171473,295.267524195081,2
26.483903864997554,0.9095357312910117,3.072833110939917,0.42677010304881247,111.71059702415003,0
11.35638700644611,0.0,7.89613128762535,0.9372555526061119,112.06168109018185,1
7.424599235320954,7.360871136589888,15.088232057153883,1.6271043922500885,259.3607170066299,2
6.701290157939019,8.747685375111317,14.95547221668286,1.7464148907601038,198.28335412384777,2
17.059788408066563,3.6037963984708705,9.7569284897836,1.193289341436498,103.06894662993867,1
14.212271720788568,0.9526411404731179,2.0706062526121114,0.7972221967266422,119.52096943417843,0
8.516489552309595,4.367693722686623,18.70950277598433,1.296405590288289,232.62014979294923,2
24.085533181717594,2.67075421829594,1.8280333755240834,0.31801134222914323,69.49955042218889,0
17.791107822876114,1.5063454542044088,5.405846041702599,0.37263838275041516,75.22339283258735,0
15.624807274764162,1.8935745168158031,16.654800979362598,1.2172053809939045,216.47627062040033,1
27.202044726043415,1.9911570823515499,5.419318830549251,0.5262545721551929,36.612484834708255,0
15.16467723765524,5.1328505777789015,6.470004527843539,1.5752124354807453,112.07100216855588,1
5.896514708496928,7.1645909324564645,11.519428704748211,1.7189799901482758,183.67807088486788,2
10.123453029953973,4.544786877255453,8.70712027989954,0.4519949854551947,136.23936068626867,1
20.244114334225284,0.0,3.172413296832957,0.2806009423246166,117.87130415204545,0
22.518118336887245,0.35654739227200605,6.790710861525199,0.5052633406252003,119.6961689893963,0
9.21669510271289,4.12187490820433,9.457042401957034,1.387022392198508,100.50129780366467,1
11.673492908049994,5.868711821807283,14.319426457977082,1.9159983897548314,290.38825507918773,2
25.206965157595192,2.249208957381482,5.064008298131533,0.4869873194480725,26.518590089874582,0
14.276945086380337,4.53769400921547,14.597141147762866,1.3261610117712208,104.37529431892573,1
11.486461890610801,3.9206651272575916,4.8723208023922115,1.3175094048031417,98.47506428400983,1
6.436792393132355,8.054862593233619,19.032826324158943,1.346979504456912,268.01297925727897,2
7.371755767244533,7.954270733026054,16.77274524763131,1.5097794788837993,195.9907806999614,2
15.365482475962443,3.7640927236668027,8.430878711150243,0.9774273001065589,147.9063777871839,1
6.214158808839718,4.438685865565765,10.0982429425882,0.7357153459921337,168.79161427234976,1
10.15516769245187,3.009800920305355,10.678714266002265,1.5353801468181456,149.15143419990443,1
10.325554578358938,8.951645040198432,12.800910773845544,1.8799123329054261,200.4597026145473,2
6.938162761076494,4.997453323839707,12.614667898864425,1.2981511658633371,177.8872806517229,1
14.963584747219528,4.551045017919435,12.753304593385412,1.106881159057346,117.73505469281645,1
8.085008459329032,8.888141859640102,17.44878983553276,2.0896069670851065,251.85284449603398,2
21.526154250357322,1.5092770606574635,5.116702008570955,0.48828236899102095,25.635083617280344,0
7.541513047099687,5.259439823398,19.22650006339191,1.9364650248355462,222.03636662555692,2
20.492819227137943,1.441188300832374,5.087204892744907,0.8542576560646129,79.75144345139644,0
12.826188702429626,5.096453982811109,10.558279062627806,1.5888770129244005,118.39697184852845,1
10.77515395930693,3.7076507407462884,12.27443466763203,1.087964083205868,135.13168915765806,1
5.9964019471324255,5.86414622666764,10.828496646992711,2.2529356603314437,281.28490961352907,2
6.226973909572173,7.988262976557223,15.27824614461782,1.7815141755812287,192.48101868707036,2
10.153699651178433,5.743031177981022,16.75477842178521,1.7536392735778614,296.74292753816894,2
27.629191345706214,0.0,4.479649300408812,0.5015355054578812,19.867101091633035,0
10.939652913750392,3.745661284811272,12.705980358250413,0.9694719955421984,200.88016656319846,1
11.033452650713981,3.498944720494495,6.539598396441654,1.6702656660314794,198.74151491657625,1
9.314843891987652,8.724215591242794,18.004999688818483,1.5611543267213788,287.41748841894815,2
12.472903675322831,4.233946110894625,9.92761266863508,1.353180207123094,184.56164819997372,1
18.552436115067984,0.9443281416695918,5.970631993120906,0.48409992865897933,82.48163361011665,0
9.198344594700634,6.176879833959822,15.922750888751265,2.3322974480494083,236.70935218650425,2
24.999122805614427,0.0,7.435496971302401,0.4697338456121777,54.498012413125664,0
16.133923001776243,6.5784475527244615,11.563647373566175,0.5747005135971598,195.46755101298515,1
12.042861635651967,5.0931332846073705,14.838934511779163,1.4187710847932258,198.25862689885284,1
22.570891039470176,2.063322024105945,5.39304233940294,0.7063505636382769,97.6191020073794,0
13.581869756511981,3.5513030247337474,6.418137333864301,0.8377000941294195,167.76520420732618,1
4.041621602838095,6.787632569971826,14.263286384799027,2.0234672196479537,238.9359467784581,2
6.3010575241652464,5.417221083053241,15.880463731657644,1.7223003385437914,270.37001516078465,2
25.95357871076571,1.889297721206967,5.7028133376845656,0.529489275061695,39.12979539561507,0
20.150167365947286,1.8734442712597166,4.859559276964767,0.22165831237680744,83.41570835872142,0
11.269551534654802,3.2423060358950435,10.724664605429187,1.169784823783207,191.87095651764588,1
22.997130227517804,0.5220169135804773,2.0089169270035923,0.5981552326037913,16.60804851904807,0
8.793415556737408,5.99595064132187,21.254227221246733,1.8745987307501006,225.7665195688279,2
6.817220655899478,5.420190405936006,15.67424751465883,2.0794276818332365,283.6063877747235,2
7.306386281116155,9.07357411853491,14.000331306300863,2.1622509615689496,240.9632778664585,2
8.697940592270566,5.75828668081285,15.01951196345015,1.573745795914696,258.72097301651013,2
23.59155415504137,0.8347462652549368,3.578256139177518,0.4996318378331035,13.42474911729625,0
11.03087289368098,3.559315599040857,8.735929576688674,1.3864040219907305,139.4253497367731,1
7.805038886488466,7.974408870250475,15.884910079282143,2.275616527467424,277.7528021249905,2
24.389200750174837,0.0,0.0,0.6856769109328813,40.656374752137836,0
6.672148046488968,7.603393516996566,18.847771905558727,1.7608646885865675,257.73069135432047,2
5.775468469377225,8.900507497933095,14.505618519354723,1.69707163417623,205.7680202861074,2
3.5232048429564276,6.462330716039988,15.400210230644749,2.1228709916300796,240.40849306133538,2
5.891570094626312,7.501052693434737,17.54684290235629,1.405582898980385,251.13356327720987,2
23.62026619343819,0.89249514545595,4.849173638187601,0.8488410455147348,76.354434922376,0
26.394152448385366,1.6417027668944955,6.724447023773954,0.38756594163110314,60.12145043838652,0
4.481994546063698,6.937588756944409,19.684345881342786,2.2377790991902167,214.43094165080282,2
20.94567144943973,0.1495856067384027,2.6686568194226705,0.6027062472951149,78.63983340818807,0
5.8736755569821515,10.539850319966265,18.845542241060365,1.8406426144417094,209.41776238769415,2
7.752686960832529,5.561218795185652,5.163070792061751,1.4658414460482394,208.27707330816784,1
7.566539900293197,8.509936947394772,14.299070826987164,2.186249354257277,207.43044704457802,2
15.368494336497383,5.9356428849566445,7.778308664988828,0.4516937997831608,143.88770782072353,1
17.58814039939136,1.25432670727654,6.298860932406125,0.6872668439578333,94.45410794857715,0
26.89386136026841,1.399268452372754,4.7303982569855805,0.49401591317497906,22.799433368094547,0
14.37117322960641,4.6246149959539355,13.70782960668431,0.5939830756430323,119.5992613708478,1
9.089186022275284,2.3765609332431534,10.446341904421915,1.1486231085525196,143.27900215424722,1
19.719337154165412,0.0,5.859236438265172,0.6311531530744666,29.863287964006688,0
5.237717382244475,5.491430529366218,12.80651073648114,2.0977204086407455,207.49850244305145,2
12.828992529003166,4.48282238614521,11.491699454073586,1.3485413610137917,173.55323011692255,1
9.492117849840461,7.749689013218497,12.656478195717792,1.4253474665670378,277.94292753111677,2
16.364248606111765,6.256913375443178,11.640669110355054,1.3794305339283466,205.71371154755153,1
20.91725651373859,2.3701341702708554,4.874670952934873,0.3224052537457721,42.99362767547249,0
10.666228296796898,4.7813660678537175,12.670481532190278,1.598863655360909,255.16381294570868,2
16.861298449718,1.5688362435178904,6.981916374071323,0.5546953465825855,89.68645742962465,0
20.496180473706882,0.4992923752788123,5.1914716677331265,0.5110012665555098,100.14452539246575,0
7.579622391133238,7.417119393360291,19.32762394776019,1.7169337922386436,205.46141461306894,2
17.478750082988075,0.19355561831044144,3.483829346625601,0.49689235318639496,56.733592715489564,0
11.804584992813336,4.537981074916188,6.038595606939185,1.3157408325374096,192.70963650522572,1
3.098465345256997,5.75634992182584,17.77396048172153,1.615562816070237,228.7902491958971,2
8.422092205090607,5.243438440507275,22.422910888991062,1.9043249687906645,262.3291157114604,2
8.46832074764637,4.562248193855283,15.348716800195433,1.125797883892453,158.82664627036593,1
8.707167053172821,3.5660462687529453,14.30671297949087,0.651478235747411,213.24692664087576,1
14.20924123360804,3.235052170818864,12.425233530798092,1.1611256666724052,148.51615544258104,1
10.511382372775477,4.056323558098273,8.331506291734001,1.2446282200007088,170.12632206787325,1
12.561321300375276,4.466109536413008,6.918244337484613,0.7196456403565281,186.30521741525675,1
10.359456952744212,5.882825724824274,11.133920865137398,1.9135647151292527,275.5380609627689,2
8.639403595676463,3.1199303549030586,7.422687177849578,0.9826403192897253,115.4572563511705,1
18.126264606878532,0.07624420589370717,2.8091981939815267,0.6447587769849457,116.48840195958068,0
14.073676913794529,0.0,5.270380681974772,0.551064944333796,57.983585883204995,0
8.362787560220225,9.334134230216652,19.051380376315315,2.4569908169905106,183.2239826634988,2
20.93609781741259,0.8011771055404405,7.401063316947745,0.6210539804772071,57.443187697511604,0
23.383211490251714,1.4112500419398206,4.077660535930762,0.7134847012369709,80.44920013925781,0
13.525951630642258,5.164258890725462,10.983620818931374,0.2,121.09298333145891,1
8.603700964501439,5.497000272736098,16.726196864062935,1.911719353220207,299.98811724110783,2
14.919755645151872,1.229564683441367,3.3360901650110977,0.5042575910207259,37.15427303553062,0
20.6124079717373,1.8145257981190017,5.028488328027424,0.3635472436650846,90.46349956734274,0
8.568734271541093,8.069207207432292,17.624748795998237,1.9528638116915868,297.87581235845033,2
17.702495445197236,4.409037519097866,8.920283388450255,1.1256878404696509,108.1529918998886,1
7.398759841308015,5.7315572680158935,14.362821878091419,1.8450727646166145,215.51798564594498,2
5.228074864000222,4.366348213362919,10.098716311281539,1.4588859595972847,240.44924344496744,2
17.879051945867648,4.3758900324323395,6.8712152145737875,1.3107156145769903,199.82274683764302,1
16.644024662456076,3.2458687730135845,10.304268892718973,0.9738877065414762,127.73867279572447,1
21.44410058057102,1.7744821310212342,5.721972165074163,0.35832458052386706,68.03375846678854,0
8.644943321998554,4.131768823428319,6.526352704250233,1.237742986045588,161.89491971864817,1
17.078533473131454,1.1731668716655799,5.091143679807628,0.5022599478591274,69.46986337711172,0
9.454900390730728,3.2999884805458146,10.308895727393832,1.012049935187002,179.51793768781437,1
13.462566176087034,6.044932625040165,10.944962606261502,1.3872270549552406,185.56505722925147,1
23.983124913510114,1.4234449694324585,4.067392045110175,0.37305648500995986,102.27232704417973,0
11.952936099729186,3.6746683688238466,5.5263165058286114,1.0800531949213596,96.9747813212598,1
15.869904385889843,1.3183416399574472,8.61861269946622,0.5672931156911439,39.8036968148002,0
16.392603817570762,5.421692678448017,11.4773120174625,1.2869490125612135,146.23338490489607,1
16.75599654548462,0.10876283987040525,5.517322295710776,0.6319109663786491,43.27129492076166,0
7.761292855890319,7.6867360318759985,21.09825997720507,1.7700418751997233,248.23795634148058,2
13.44615218490093,4.8034966881763665,7.363556262885641,1.17636845117493,219.55298453680138,1
6.944095739502834,6.432028499649948,15.446155595482765,1.9806234158296026,183.78266223685355,2
11.045096957686997,3.350055084028975,9.738954330045587,1.0250631506027106,197.5679456773497,1
9.019706988158084,8.96557345242916,19.11257452718637,2.210819329119855,295.7767103818714,2
12.499913685935516,5.271940203714852,6.417440045764467,0.8962066675670731,94.34433931165773,1
12.784875790742312,4.2953412476519,9.837236191407557,0.8109262160184052,185.41047407222322,1
15.555489094318022,5.077963059626843,7.9187001775097485,1.3027352637530705,175.396120505109,1
2.072226610631378,4.1441656988122,14.800816052755227,2.5360479123621023,197.21708449610577,2
8.595020613756247,6.672162492492375,16.15711851917499,2.249048499909214,208.57267529664944,2
6.591850934422284,7.093515279934027,11.229766779626775,2.1066735465390996,260.33812329696866,2
10.267169664818116,5.437931367217714,12.74572359546865,1.6282913226987072,277.6486272754604,2
18.046904630193822,1.5066614608569908,5.045261705353738,0.38916554192155695,94.56218444987643,0
10.446584204009651,4.613084054903899,8.11949703732557,0.8610105322000037,131.3572290733538,1
9.889421769046756,5.334760534531996,18.339029547828662,1.5938624352373394,221.692603589816,2
9.345788557262956,7.025603237799589,18.39005248027486,2.1154186131511605,294.76809353200997,2
5.245297992381457,7.362953752083107,17.793740522196813,1.9660093012208177,199.33318862229999,2
11.026140976806175,4.285278073487183,10.309234664592545,1.207194005704678,204.71154951962728,1
9.481931197477063,7.479734593921099,20.61654187140803,2.173378684911347,192.88143494014918,2
13.189100869402052,4.203697321564794,7.460506591393278,1.3823842701017262,147.48029795466553,1
7.523084580851627,3.991290667578895,19.640658836180506,2.1354699159245856,209.508365107592,2
10.054619967172746,4.277634789209549,14.130657658527548,1.4288426068719884,201.7537083735015,1
21.918030192006434,1.5831529556563604,3.6152984515324116,0.5011441087667032,97.17937443834704,0
11.190780826274723,3.1231398638816215,9.230036389893106,1.0482291178822907,138.4120865845963,1
6.634065918866998,5.100462017730386,12.515959387848259,1.6092160060783607,283.2985512888207,2
14.627498929421836,0.6835197014034342,9.476706323541723,0.4591568778046698,86.10502989769289,0
13.242825652540805,4.301027501915677,11.52899862700007,1.4932746440328568,206.2706809808038,1
5.134881223106589,9.788203953370772,16.77843646925943,1.9056388575956476,268.56501660170477,2
7.781678616378813,5.42820849152592,14.870651361277652,1.9220118794004006,190.87132868970798,2
7.700453086109598,7.473358598290626,17.596911330515155,1.47599981007918,282.70575713555286,2
8.642402299503647,7.832300860321732,13.312934464912683,2.1269658702107446,294.79620161731356,2
7.998516971163329,6.2171748794424335,12.58283000158087,1.8414116260611404,192.0356360313467,2
17.939316403631928,0.8987848824368397,5.878905380915981,0.7901940730654633,31.839714475502184,0
13.11438206495253,2.9430877706623346,13.267297008542332,0.694888312390205,211.82884568596586,1
11.343986418988582,6.469442436616626,16.275156849245096,1.8436471539808625,191.9840823506388,2
7.20826677604268,8.374493430157857,17.226054286826226,1.0191397168665652,229.89052652107222,2
8.258842494166862,6.990534454502904,20.321799676238168,2.1487424441675156,231.74843896687287,2
7.996637756541252,4.713500565730669,12.729350035303488,1.1731008235381097,143.2801975053855,1
7.492235458900809,7.594401874848255,16.66859198863088,2.0547718690942083,202.16325320907913,2
5.411870539313746,10.07165318588018,15.377886379191294,1.6868979289992714,299.288656565919,2
14.915791030321902,4.172114724444789,7.520904144202394,1.0823311165967928,153.60538936668905,1
12.060046650332772,2.0730509680220823,9.046508373941368,1.245461664247581,94.57089272752303,1
5.494485006285788,8.215796144184324,15.237938301487977,2.0797788476202395,271.5776052196963,2
6.263334579921647,6.2794604912629675,11.21747102419719,2.056965703353081,259.36178475743037,2
21.789008621969003,0.9936150365186365,6.938081103270699,0.3449735981071764,19.92152702202688,0
7.013139070174681,7.466268258272914,10.931093636658904,1.7269044197358707,237.22335501495294,2
9.166269840237273,4.787060788829668,10.227468792941314,0.669273680389243,112.80914612560233,1
10.340164281395788,2.521170994814388,8.167705278603124,1.4451709856993664,204.6670725562399,1
9.830494683511821,4.439927496416566,7.612847009438166,1.7239471894783864,181.225035298252,1
17.00025938563101,4.368665253154828,10.918393567014986,1.7531777227545857,178.2573927117619,1
12.552199460503811,1.08985693237585,7.292356521409721,0.5853020329918963,43.539343682356986,0
15.371533525146916,0.0,1.896975501882142,0.699307775213771,12.926920268545254,0
3.1574779844997307,6.1958584863727015,15.749866331230274,1.6593413633790681,278.2061467631342,2
17.066925264783293,0.7523993903969644,3.2309938538799603,0.5219108733479321,60.67400708204925,0
22.069349178734562,0.6003093411028182,4.8727463251052745,0.8121964001243022,42.82957272625366,0
5.8827889423235,6.371461622739556,13.562058832332847,2.5351544619969317,200.27484493215823,2
22.43931631065397,0.0,6.354417042700367,0.43806743825408556,98.35333355685025,0
20.42822981196919,0.7238824950895782,6.3758659441028565,0.5080525093093966,103.66380998112012,0
6.936132219898378,9.148117905856845,15.099045572303583,1.5464689861207972,274.3552714610038,2
7.568506751062856,3.387650608524324,13.308076138223136,1.2533489399116302,198.04751950248047,1
28.301043490501062,0.4486497455283457,8.4719276063305,0.6296866175193971,18.979298023364855,0
7.63955608225364,6.854249340441245,16.88370553772549,2.466944171168153,296.2647766419126,2
10.362114218655217,2.3804203957358316,14.260554816345845,1.3776341700854755,207.21494027265166,1
9.121935118055632,2.581605373722611,8.386168101000578,1.145129529772822,218.17501897218426,1
12.410492070045368,2.024432609341971,3.769732644457339,0.9166976462424377,70.01784682475284,0
27.336808143425095,1.478718406096335,3.7013792492592206,0.5580427066019441,117.34579490618903,0
11.013825561101127,2.311827346474154,8.360355111290573,1.1707137912677772,166.57781995828788,1
6.714111270922337,8.23896558465551,12.034131034209018,1.719723420123905,256.2907601241023,2
11.07535221551751,3.583900130790109,8.065312424066986,0.9811688853457052,119.45200030841787,1
8.66626065679669,6.493305605414007,16.42273263516084,1.7738141972631933,192.09484448779435,2
13.162400378290265,6.622032314373316,13.409949119126637,0.9482131389874563,159.1576339876501,1
21.51524211798637,1.3022633769777263,3.81385573113554,0.6472059461331703,102.27392480944758,0
14.206012359757521,3.606649595287397,9.787839853299362,1.092540602613667,94.08195187565634,1
13.854205481790126,4.4158324219756,6.974700938406563,0.7410753134987725,169.78258364104965,1
19.50045245859973,1.0125582367662067,5.437318613514595,0.5330519227148482,111.20419805199579,0
11.448508259039635,3.139750875145031,8.882471504398586,0.8860754291418864,171.66373858634617,1
10.073618478505189,1.5681066680806777,11.206593474737055,1.274563531535696,96.46973555651482,1
14.665340791075664,3.8936726723816686,10.009593971845865,1.0425421619026696,130.83175918036514,1
8.530765068681365,7.049609238436631,16.357721161686854,0.802525194173261,108.09441435853832,1
11.061968491040172,3.0448133079894952,9.253079034157974,1.2942388489351997,100.17147281540295,1
15.059785816283265,4.6416447395634375,13.088700771468254,1.0886807913297443,111.17909361948779,1
16.006236588493127,2.2986053524224435,8.982740836833809,0.6589370265822324,55.91931122861087,0
7.855103602218714,6.980703427050023,17.63916629292778,2.1340588393598634,202.67702416449504,2
19.618143011643706,0.0,4.838800501406478,0.47504159144988617,43.71098148471024,0
13.983709044344575,2.9140582133042274,9.375421801657787,1.606496890302482,155.85199606458428,1
6.401262195451231,3.0876586736540874,15.187902598134269,0.7526760229165579,219.97466873739418,1
10.404205475123723,7.158863445612997,8.71029968437634,1.7032876326468402,134.0231603092409,1
21.393366956984508,0.28173594685949643,4.02458925410251,0.7611499507155366,82.14028440601321,0
18.524242243874152,1.1710470351528508,3.164047790778528,0.8596754447650949,61.77710994401677,0
25.980534982069646,1.170904339542808,5.5331610933898725,0.539793036400166,69.53932365437214,0
7.126035317798457,7.785527112068747,12.362434158748965,2.0234080832709123,263.43697297122367,2
27.89124301887236,1.3321412818584575,7.067781578136781,0.8200607452564972,39.27115053910394,0
6.5956193292247605,5.5944134853008,15.103048007884476,2.324452040937778,231.8310145615107,2
8.267177882255096,3.870399349554413,18.198577847640514,1.440594879156159,265.4016923593665,2
5.474165952058186,7.585745290722467,17.489777053570904,1.7549462234390243,259.2140515350185,2
9.146329635195924,4.043803727060214,19.20061807059702,1.8565473262913406,285.4510175759999,2
10.575196133336256,3.2172801962760227,15.70559383975297,1.1674886890143479,218.231814943089,1
3.3401922776732094,7.3452479830107995,14.486213323752864,2.0292010358052104,210.24562316064845,2
4.198274941412007,5.715913348398507,12.994349466148362,1.2632055564886435,202.807160710625,1
3.560314392304599,5.852365317410558,14.262850820556588,1.7178213293879692,299.15553603758775,2
7.549861562140174,7.306667755784761,15.031970605000105,1.9445593046924514,260.44917319213425,2
24.12113381612737,1.1910313272212107,4.481915708358594,0.5705475226372533,39.67245726686886,0
15.944220794463936,5.152196676166728,11.002908092875776,1.63721149273937,142.31917317626605,1
11.656736564306845,0.8505043225196806,4.5221743160319425,0.8145233454839818,30.178641604377795,0
14.044902671005167,4.01693002750375,11.816540953372495,1.2193222567295825,113.43771698003327,1
3.2242755255553033,8.053754528595036,21.86398763038747,1.5266691856753913,289.0621653458786,2
31.74162482555387,0.17766098799140884,1.5787932911269715,0.5410364698947807,53.248747802069055,0
14.564364004239142,3.3554086450232044,12.339318431209382,1.2813676842597468,171.88488147725593,1
8.488458239123194,8.283995935459819,14.611508429708888,2.1017358326158466,203.41269668073932,2
11.74017044966106,0.45120156662446287,3.144431781878478,0.5640934722736628,107.16009615688462,0
14.677179474676295,0.0,3.601170919753425,0.6242547790057129,34.943447914056755,0
9.07730857463947,4.011721650476179,15.135907781682336,2.3149172195744816,295.2069930917728,2
10.483636829919428,8.17723805282274,19.23157751280337,2.3251231100029432,240.0269737122655,2
11.17064623902049,3.46637063997943,10.715410476743642,1.3763784803993593,91.74772571784412,1
9.781451858282862,6.525825579054384,13.10162043061273,2.423771089655686,240.47783108236354,2
12.564220070975319,2.9785834210630178,11.996003603526624,1.8628816728127133,176.08416514253838,1
11.037648414444003,2.365547954974291,7.9484532985012715,1.1972522884396033,214.10287673680725,1
24.987566862138877,0.9503967925071746,6.902898554116173,0.5450239469447922,54.74852810468959,0
9.579187239249517,5.811618860837865,16.18375813102116,1.3904719272287949,246.30837022823482,2
22.273093508611137,1.8691045689646704,5.666739702521756,0.22607842509069698,98.33500771434679,0
8.042007793209805,7.606073749799454,21.395244937494457,1.6441696412290208,187.05654406659656,2
14.63888788976794,3.5818201606925566,11.364774184198097,0.6367129049328546,181.34313032086894,1
4.643307750386309,5.35598192819342,13.590872796807265,2.39635398425951,226.769302035237,2
16.294131927035533,0.2318970090813739,5.289815938661808,0.6421444981747648,73.49053438456397,0
20.238521479680696,0.4824505778355409,6.39644662722718,0.6590228078132624,88.54956253456706,0
10.837534010190929,3.7033940653067208,9.006282073364815,1.2837720303662998,167.39853765135615,1
21.616406620036035,0.18242071168736296,2.587999597855061,0.6560239904102584,87.56530601276197,0
24.463608213461445,0.4805875375392604,6.895651605674432,0.7023051675065889,66.89959620857704,0
20.225345147248483,0.5902834141214934,7.399276158371828,0.5672018382756143,27.67475431830297,0
23.85186211645652,1.2460966043608415,4.102158344780408,0.6101247803812513,112.40435650576755,0
12.248623361976993,4.34758422508036,9.393696158937347,1.2384673624511466,110.89302603589573,1
20.797941197771653,0.9352414350049253,5.157805662289127,0.5307941677879815,28.31539017544666,0
6.027727066302336,7.642088121476748,16.33701384619713,2.6175620168371854,216.6085964975219,2
4.926727097243644,8.125411762740214,15.678102987088632,2.242763417873884,243.67626988469476,2
25.51387850984602,1.092659669781557,5.779209048183976,0.2669368486597311,83.78000579868609,0
13.90283786732003,1.6381890516629078,2.721716542820235,0.6401613998554891,62.92541120402992,0
10.747653092834042,5.18919541566994,8.217639434365294,1.0871990528811077,138.06782603649364,1
17.059708065490568,2.333610164285657,5.797128131784015,0.46958508779447045,67.71395373541844,0
11.201974379626222,4.361069469939134,17.258025617384874,1.6604438823447916,237.48323507708807,2
13.840380497015511,3.960995328330773,12.491494401957855,0.9282608359886557,147.12826902807964,1
24.432731266950064,0.16807525829957526,6.225547810125139,0.4419876655239515,116.69032507179975,0
11.832761465628408,3.7684493769199574,9.595559422916804,1.180216917500113,179.5065844932432,1
9.895867184332634,2.7615932124011517,11.997280162023408,1.8845708749542514,118.3750327709402,1
4.930389673109245,4.617033747105015,13.683505939406045,1.7769591214687053,210.10078316660574,2
23.203061706958366,0.6862547510419326,4.346818345098345,0.7246679996990857,19.158342385569533,0
12.885649663973933,1.2557214607351819,3.991640337984657,0.5877715990347531,24.065348134465932,0
13.159758689715577,5.631157119237767,9.55858148555768,1.0030127787600884,93.04967282375007,1
3.8311577436457847,7.939659625680909,16.541513901667262,2.0546988414812666,296.4571975730139,2
9.074124579528855,7.005649605262381,16.67701289788956,1.8464906808359556,228.10358153836566,2
10.068383966674942,5.333374258245355,11.170577831816209,1.5372287684104875,180.60900310779698,1
9.875619407974657,1.175820167642692,10.901642345202994,0.5290721389484508,191.28238325568947,1
12.735342853117853,4.872152855682165,8.115551800733073,1.58591464109866,214.80154450648632,1
20.01589982606873,1.473982387296573,5.416110063648109,0.49153030529741126,47.42452938963827,0
9.062243000986898,3.9865850614265415,7.177939345088455,1.076063134269206,172.68524616714515,1
8.674418973457362,8.08569912466663,14.456749715030417,2.1731476395831084,261.79279082019707,2
11.083223197456752,3.7542921291038147,9.91425774516678,1.079666018621121,121.03290891155827,1
13.88499013722539,4.42859408337286,6.16719920449512,1.6732112610264107,145.34900994093968,1
8.59006358757007,8.677254122342811,15.879267175923443,1.9251944732484263,189.7391293072337,2
11.368927188669264,3.614704684648904,8.834766277033674,1.2668148187802895,92.63241937271198,1
7.789640040824353,6.2107519434097185,16.56078115766349,2.2845935087130056,260.30369392545606,2
11.438074915175878,3.7265522452053244,10.845865594556498,0.7710808031291976,192.31736501874764,1
6.133901370523258,8.961300820476307,17.516893153759337,1.9577514811056023,182.47519584165173,2
21.35805793527536,0.4833829194907452,3.1785923538705356,0.613779711847274,36.60832110847229,0
23.21775644044346,0.8742288853084392,7.1609197380106995,0.3232642139555859,79.54907167114834,0
23.022663354977258,0.822489382966185,2.300453861237538,0.8652253939589675,112.78518740283363,0
14.529920023298866,2.9207592641952926,7.067850249296091,0.8534730674495943,130.3002408616997,1
19.12141993786498,0.48425923906920687,5.662438557477056,0.8427288734158616,99.84727065317821,0
4.37196667283958,7.307137382235025,14.974062042047626,2.233545047669516,287.90665823696725,2
10.077624425512067,5.776360285413045,13.46613560469688,1.8439553888604803,209.08517515791073,2
8.876822847746583,8.830714586621612,13.758334503338546,2.078802601895836,198.91083865877624,2
14.037881459947048,3.1478360717951412,3.6559192027787937,1.0728296783002211,202.11256579810157,1
14.918482115166382,0.6488528221247976,1.1958607029071207,0.4125166033141435,110.69578216133738,0
5.595872875289376,9.254091521198928,11.572386708695765,1.9572639807756123,289.8950587856384,2
20.240920839764104,2.9705936899882293,4.615278070437755,0.6452321013500418,25.93843593003454,0
12.646650001935875,2.7096473160035073,10.042961206614576,1.048467175376547,100.9892399881644,1
8.620716933351734,2.9755871100544757,10.265819172174245,1.0523043615062895,119.89498400213445,1
7.520430563373206,3.7974583151008607,10.849392466958575,1.1693830828113456,157.61169188875846,1
10.93060975859087,3.4851080188354886,12.283513039220995,1.4015628949477796,103.61857374000475,1
10.975000261007093,0.05724772251196342,5.43605018426513,0.45317786308782904,116.62539935125967,0
12.274636932134184,4.894302674581845,12.407102298687644,1.689037723802948,105.95620710770066,1
4.90065176848641,6.329909701415756,16.47069622359554,1.6452157114269723,297.3717743178856,2
22.541672120836907,0.008593284117221933,5.119865260532657,0.6416065406937287,49.359549252490375,0
8.414212320213126,5.9237520968733675,13.103274981370483,1.867861834848797,212.79149454666987,2
1.858290209933755,6.436707610296915,15.17972254116207,1.7577876578686826,183.41294550949345,2
23.52933224929364,0.6383277337335357,4.059915704480997,0.6398817344478073,57.1572223085077,0
17.39873728055163,1.488298959780228,4.8990739051943235,0.47557386616769737,11.096615820797034,0
20.679891611629234,1.9225961491427648,7.053159693104156,0.6249132198762226,54.38311528336367,0
7.894772592946855,6.3904647229443645,15.502477283013993,1.7920922002897528,181.2210003107121,2
10.445597829999429,3.354115443910253,7.046760861474364,0.2302303702462699,92.39644726109645,1
6.70137315625665,3.1508209211013796,14.680440210698782,2.436831613323212,181.45383241315227,2
16.012266124718167,3.694352870953885,15.698151282903838,1.214998328136092,186.947672897956,1
17.693958397093123,0.0,3.9075111034950343,0.658770600810382,68.88411445978508,0
7.736807250060657,5.372099412404459,15.633443926693605,2.2227080284089578,266.91534086295945,2
22.97676788599975,0.8550206614255176,3.701253923357148,0.7981956048409518,53.1704004852428,0
26.910172680402844,1.3490589357392258,5.076006956336401,0.6180046990077391,31.949669602205965,0
17.581021341847148,0.0,6.794132393774264,0.7912312561918083,87.96422207520696,0
7.920394330030236,8.484118985474154,16.587351466964808,1.277135595020097,295.8689975672086,2
5.050627362564845,10.00197693529924,19.953330093177776,1.8461449641305385,245.7129583301612,2
5.198376517977272,6.521355948623464,14.540256260935786,1.8698220683865376,212.70592740739744,2
9.745963591189888,5.824110089189322,10.39335797402544,1.4654527748403474,148.55070993277104,1
19.418994822980046,0.7435523339790515,2.457158445749728,0.5852410525873143,49.027701862202754,0
19.817199075612884,0.38800644099509807,9.057257848539745,0.7437714791407132,85.74947922386632,0
18.848375692528318,1.1960309314523248,4.460096206349672,0.36848235852213795,66.88329769246636,0
1.9480774364612428,7.191982545515896,15.673438357801896,1.9504076805278594,210.83640932629734,2
14.59702395350211,5.297580349322244,7.486530816496654,0.9465891003891052,171.7518760947853,1
17.375216180446227,0.4136856914182193,4.860843582157548,0.7334981343325649,61.292935423380065,0
8.222212190892048,5.30067577996859,11.2809743720515,1.918923302628772,228.3491539633983,2
6.931486361791984,6.876504174974192,10.372572721457106,2.35608339666485,213.87252806989204,2
8.418734789166827,7.593642706387105,16.479063883630108,2.345289727275495,192.29305394791842,2
7.217569811721592,5.397343771231257,14.95567796439611,1.8353291615920693,223.18536148006012,2
16.879203483530148,2.064459923231232,2.606422707147377,0.7340546534083666,18.935259828733994,0
9.154832997704347,8.822988955714685,9.221887348504907,1.7202176565204566,246.68294333743665,2
4.736551622800681,5.732442232425587,11.85828694765901,1.830220228469354,190.4817586177715,2
7.236055427887638,6.087057568800902,16.221222358619634,2.200816424553194,285.3383007084086,2
4.931241235674136,5.75157486003459,24.83373887216039,1.5995194477939625,271.954576510779,2
10.698580238736545,1.8038722135388912,10.769198677731517,1.1053379811310924,163.51914400012748,1
8.645304181931905,4.98630577889908,15.04229714016457,1.1993261394728636,163.1466814853233,1
15.9911319242931,0.39805181011757196,2.066429618768646,0.5247896779671545,83.9622227620874,0
6.732341296639014,4.073377650559565,18.08522532418314,1.9524452049743664,226.07417589469668,2
14.304167551209574,1.1428233357763822,1.0709279237941507,0.37782814130674264,13.917336530012562,0
4.5605287873473035,3.9947043708817604,19.042800963909723,2.278020818851053,225.8756417953155,2
13.783578380903883,2.896447673874931,6.933591268379132,0.8829871654910326,128.5252499944755,1
19.78757279321236,0.5592145571694003,5.336030681065057,0.7417817301917224,101.56301458720988,0
5.9022922807354945,6.270261076681772,17.992825612771377,1.966716344240409,241.06219742998576,2
25.822323273957416,1.645969468489956,4.787024233638905,0.5319311272253874,98.26419628964567,0
7.149256019633695,6.059445236275233,13.81128120033883,1.7774740449606048,272.6181854523169,2
4.359383847743542,8.68062434752188,13.767261816580685,1.536012413183824,275.5990048619805,2
7.074184683872912,5.90551317655882,12.916017780347683,2.0437357383348314,224.59531421260826,2
14.7829365954099,3.243465771048184,11.118382475587618,1.2503044000347718,111.5074132024541,1
9.265324333982461,4.972643337795685,12.823788168879283,1.2695163000642573,208.3881061893796,1
20.66077752048231,1.4551493395757134,3.250386572510597,0.539944069024867,97.34277081973255,0
13.10208104744246,5.923413096613563,8.94222070880678,1.4102916968111896,179.95902786737676,1
18.476014376266438,1.4370188876461327,3.499277942916378,0.4130603979098354,108.51113149612735,0
8.12839937611786,7.466937475399651,16.49478774635915,2.0831455904532135,186.33294991191383,2
24.82382407161817,1.9134825958487771,3.4154032155917875,0.5401351719268611,79.56358821120594,0
6.199515434136229,9.836260630058748,14.783237929756963,1.660344536794811,218.41117308906618,2
10.330717624861034,10.14293276667777,19.241112049534497,1.7950125165291937,180.52447737432146,2
9.336111190195135,5.233460669720092,4.51550521621858,1.6852076092335162,105.30931899596041,1
7.441752452173052,8.060062705303462,14.158153421799275,1.8787622724445838,202.59364186767866,2
12.131131190975951,5.46736950656009,8.296576473447683,1.3537630885198204,164.51898448231168,1
22.06017069310475,1.5725265958063128,5.842759622196165,0.5109239756630042,94.5815060318405,0
26.279465745039868,1.0549096387421724,3.7215388774397358,0.4663665582086912,41.78653774131644,0
12.897709385755324,4.890933086376347,12.280324092444072,1.110088321941644,127.897200659655,1
6.511365922720702,9.262504147086593,20.24998392489387,2.155281078332734,295.27107454274153,2
4.003436381350694,10.509994482898673,15.468031636329885,1.9758678387070927,268.97038690356,2
9.01823721247382,5.383495907445772,15.70194712516626,1.3179885414499442,144.77417615943628,1
13.016274486841098,3.845922080898869,9.795141376707129,1.1209729094641487,206.4538514761494,1
8.132898100848703,9.68942658432313,14.019771899669825,1.6848224312259845,277.31623181640475,2
8.5277526293537,1.622996234892839,9.885028492907882,1.4456297912546447,171.08649191494035,1
13.410040983739984,4.124058395454514,7.04067850270226,1.3550475797473351,151.5918371000169,1
11.49912350804115,2.60370532000118,10.513790577460579,1.1743190003061794,204.92911422404507,1
19.676300186872787,0.9034776458081683,4.399470564162338,0.4048121063411853,82.4112161768773,0
14.103766918330107,4.867684388962694,9.538573666356893,1.295648113073859,179.60693062762542,1
22.146039374281614,0.2812256145671701,5.056362314738257,0.5986321505033695,80.50692850798652,0
16.74794251095948,1.6586239325421643,5.4515230462235085,0.6026419877900486,104.32836685271161,0
17.327717391608918,1.8044281807796478,2.70892356400216,0.39549410629182624,65.61975687641547,0
19.080801477699225,0.3188748525917491,5.350422837817024,1.0477888503905115,31.324937473058196,0
5.418801557737461,7.128521667460907,14.543946067643287,1.8244931527692838,283.14343453356673,2
15.220099747334917,5.043487022384105,7.570793597830566,0.8246316253866972,218.76131740514336,1
15.534262105686524,2.651000818285679,12.100629542556296,0.9149542409844383,211.55574553079498,1
8.33815050899273,6.368599653124351,15.788579278367633,1.746568741365238,194.10804845678734,2
5.892130632315515,8.094054692694627,18.66286889014119,1.8518005454875834,234.54043211791225,2
26.461502757877767,0.7421436246309281,7.434317041650993,0.8281974077883677,48.761244127061985,0
11.665936792843466,3.7478132749709503,7.149473613790615,1.2808811082189733,151.30730739598317,1
6.498618687606881,7.585523123343927,14.03858992061883,1.7887163494436138,271.0942914701112,2
15.879575306106481,3.16272338080434,14.241955470993407,0.9415744085707333,138.03223407238534,1
4.128474760212049,10.950084948592465,12.356236049834797,1.762676140903308,197.58744033772376,2
11.401008977440753,4.893435529961684,10.055619835867102,1.9697524977733192,217.60938523351626,1
13.310197666694505,4.481448596179595,10.734250980054322,1.0749344159842458,214.78916965347184,1
15.83484284237846,3.926980575996487,9.419977150961131,1.4690391996099705,92.30157785952083,1
17.293316787007946,1.8036743273011924,5.193656354819034,0.5244229870762684,53.74528558763602,0
15.03335721433306,6.801096276775526,11.25014304777675,1.180775137029347,162.82503205045032,1
16.138008056683777,1.0241292580280998,4.486824139635653,0.23958690976504693,81.74466855000198,0
5.829341209735276,4.322212630896507,11.708017518775895,1.2158016629445656,116.78226255787888,1
24.804855688655778,0.6735397015827589,0.9237509296442923,0.44878705336238933,60.89477642365671,0
6.19091672610257,8.765579405360837,17.138626904056498,1.5075829109797194,279.15679527610536,2
16.072764627830527,5.06381056249063,6.736966915806226,1.2755641080278566,147.90270571511854,1
12.505149083349263,4.283784335375898,10.080735172424083,1.2486634514227448,104.15461008405154,1
10.960246255143542,3.662023141294083,11.92512773557398,1.7652003412709574,192.65756979305826,1
11.167143902590446,4.042326631174364,7.818407654220776,1.15494730458153,142.67935178081342,1
18.18545444963327,2.3809812365085063,3.2253410822884576,0.7157694265853491,99.4456204929898,0
14.479359332576287,3.1060254790179336,7.4811748838779835,0.9971787854119171,212.7546007552216,1
13.919212520096684,4.542995747323219,12.260803327479442,0.5928205167051167,170.0027380656102,1
10.766479813340052,3.9679044385924898,8.026304534275777,1.5121927328399003,200.98920326025709,1
8.199022482328498,8.590839817137729,13.095439747836718,2.4515310698584987,295.42983616935453,2
7.217222716083642,5.235178039088135,18.3390250431159,1.9373918031843544,255.27319687158172,2
5.771619163749015,4.52059815644056,19.119286868814346,1.797514459968905,272.56449346466684,2
14.272832810778931,2.994479701156341,2.582663025716956,1.4344402242742351,124.94362250170708,1
19.274203723009933,0.914930397974948,6.99116302800406,0.8554758914877056,55.66602193920203,0
23.856623536687913,0.7556442380466544,1.5416342209931595,0.8929376073734265,17.396469745724026,0
4.551138195582418,7.470963625726211,12.156000909442659,1.5635224741795652,211.36162958212032,2
20.231456189707025,0.7875258933900708,6.3689009552728555,0.536820177508063,41.18072641904871,0
26.69376754249194,1.3533973891020459,7.454069194097745,0.36290940887862466,74.3912965070052,0
15.56641872357947,3.2019448983962655,7.432772260145478,0.8442235202439432,104.0277432389869,1
23.883765325507444,2.281802580485528,3.5159877286847196,0.5373054744242033,81.68037365250042,0
7.340894166480538,2.315729644523605,9.748650700332806,1.8762114326763357,200.38719223850637,1
21.390121504632297,1.9308070143639897,5.5303110545977745,0.6962895802442326,101.22154792484311,0
6.097947762769188,6.357971116436947,15.330483277081392,2.2087482482408882,258.5491817008966,2
21.106276610379712,0.4794291701239284,7.146174690820626,0.5754058680597118,29.48647683921245,0
10.18439582807636,5.0151139648471785,11.740427396245082,1.5427871704164517,231.69836257903728,2
8.75241198334332,7.861121923159803,21.87439484590533,2.046943376438204,247.27176848493346,2
20.961884997320826,0.0,10.431893144625764,0.5595422202663995,105.21348601870075,0
21.329256047918367,0.4012107707547571,8.102303951045046,0.6173511951439288,67.21798512231928,0
19.58262882805243,1.314645640004259,3.523885832677217,0.6271876743903075,85.14257142953512,0
6.622816297787367,6.881609986338167,14.87679865600328,1.8513254380124513,208.32331262313903,2
12.65927425182043,2.279723292441471,15.787809989863847,1.16916976155372,104.35760650234964,1
19.353776065496447,0.5000988657875598,3.039185180403924,0.43659750051217505,118.1241567510171,0
23.489282546882713,1.1466736045906814,9.379605866435345,0.4787552571967273,40.51193012792459,0
3.458451154817888,8.513128107526066,13.133443694742287,1.829043845378279,269.78813897198336,2
16.426362393126883,2.2638914724058417,8.995680025885518,0.9911648845961094,144.3088873111905,1
6.653026818572094,9.170702197667268,18.02037662718167,2.1874105805886486,203.26750972600547,2
13.04386239782037,4.372104290023038,9.32903178816124,1.019031398510887,179.32592764677474,1
4.290516681415447,8.125744048788603,15.457674721787727,1.4922325668215155,253.63176825232938,2
10.038039145061962,7.016752014259492,17.273755288141434,1.8035236946722877,186.35661297844416,2
7.479593667483978,8.65544036566718,8.422504942586174,2.047533966880207,278.1713874055056,2
5.461709440386764,5.598991746905929,11.160949559269092,1.9208434348663235,291.88222774814926,2
21.569663868715068,0.592829099434001,4.9488513756160115,0.3346386142666323,41.27015022202684,0
13.2662472311162,0.355303946803049,6.929703266194915,0.8423374235322347,50.1053101017294,0
6.99913274316278,9.294415441246887,17.715807308803207,1.533464496560598,198.75099811891747,2
16.497526986460972,0.0,6.852355095063283,0.8864124960705195,49.17063984876309,0
12.179568973037625,5.075709666288895,11.954037932354945,1.0160447000375181,117.78268673083527,1
10.814859443491297,4.3708562020288415,14.2718615366235,1.6241308944873776,218.2987828483676,1
18.8825868983467,0.9971954185930606,4.169910799124731,0.4740462509458129,73.64438834522447,0
15.579726825424295,3.662545045254054,10.920090826089513,1.1955167761736776,147.15023990115242,1
10.215981038513494,3.4929178971745376,6.062533928991063,1.272422734911014,95.06138194761826,1
3.6689578985595848,8.86849381365856,17.014076491751485,1.5436148414272837,273.4316735408853,2
3.855448440550843,7.148330823782776,20.536704731996796,1.8889176440597504,263.36189009223654,2
11.037760834096325,2.8546515848166965,13.292289494249744,1.4008314040179681,158.9975783104585,1
7.183850918820584,5.551884462819528,11.67241158427561,0.9147627244401674,219.34349819585245,1
12.857615356110347,4.2261836569125055,11.653530107071418,1.1669605272651928,202.50582266074917,1
5.177640829712803,5.626282293736713,16.78311994776072,2.0118908011628722,291.18546497227527,2
6.783332233510822,6.1977185158199495,17.393506495642637,1.8750003398126958,251.903650922533,2
14.540776743638041,3.3140579301168804,13.818272609906149,0.7262879666646214,109.87532503423976,1
10.65327483806098,3.512667571571916,10.2902647553164,0.7155750413126007,164.0616021646033,1
20.85029612252886,1.821589010655786,7.211800848714618,0.5154078767912635,69.43067825061632,0
9.375183636036025,6.775478578127024,13.097030715134435,1.8090217666999882,284.4797373142507,2
19.078397143176932,0.2606134845853565,6.780396822249574,0.7552874002085629,56.50015005833255,0
17.261480696959985,1.632500479330215,1.059792364576329,0.7338896007448963,82.22941810786637,0
5.389736023228159,6.610275199160645,15.116651658925294,2.0651844891327307,211.0701141517659,2
5.8521307338516,7.013935102460042,18.177770834945207,2.3477829842392106,249.58010804044358,2
8.683717645417074,4.28976580323972,16.10394531027906,1.7852516019810911,190.42037045280136,2
10.060414561570456,5.016125330809893,10.056997246779613,1.0436235579431612,115.56923643649198,1
13.760405552206965,3.677150689734301,13.48024753719584,1.608528274002067,162.72227506677132,1
6.414662775178382,6.321011325103257,15.06902362801412,2.155856931820529,254.46631903138572,2
12.102614053614227,2.9744504298939214,8.629024498524306,0.7775319695077649,203.99023977268934,1
17.617860259264564,1.7204264618652734,8.398871966017419,0.5397307459587549,86.22122521472674,0
18.284077130510322,1.7718159154419566,7.599974744524268,0.7440457752130002,74.48005894971756,0
9.170561166067493,3.303110658059835,11.494943261359714,1.4093421407200963,211.00881410278836,1
25.012355669208304,1.3133364924922173,8.117596138995777,0.534188111992756,110.43456135788416,0
12.364435737987174,4.376827122983338,9.7191729299009,1.2027680978986406,95.20255329607077,1
2.0284101754276334,6.121717657156391,18.56556716017848,2.0341799674753207,295.10863015805705,2
18.860652249031194,0.9150447279681975,11.196598868142516,0.5612737292952849,28.52846062451068,0
26.82005658882812,0.7593573502264569,8.229953637822296,0.74956406332418,18.926409638986307,0
5.723414149777371,4.213035962660895,10.659690288631246,1.828594113964913,225.57483137735463,2
12.862439025044463,4.191815259655353,6.198828693804799,1.138174388088419,96.21543828132238,1
6.5508899168186945,5.412324265868444,15.286558353554739,1.7767428402590575,224.56000301128154,2
8.731972086863681,5.330133522067471,10.885586104476507,1.3184644470007734,92.0039715899501,1
19.116230953980956,0.25748588937675954,5.145449254806575,0.6280943324734827,79.45135754077143,0
8.053165958326032,5.72338357348627,17.544270693291477,1.9963706427683268,206.7407106290322,2
5.770941321652933,8.591697635423198,11.868879431688825,1.5405524762574967,239.8487196974806,2
16.581308220114334,1.268029700209974,5.015928565294661,0.7505564285716017,59.428471624360625,0
15.634438250826118,0.34639884859128467,8.019542624919247,0.6603051720070383,106.44422004379244,0
7.624969996394608,4.331827405127225,15.022307146342378,2.5524513121189543,277.76421108799855,2
10.299560046592983,4.973096527138836,8.038773910579097,1.474620891145481,115.26242600359066,1
12.558208000302773,1.6913948917873811,3.857251495165446,0.6294845321463697,108.7137050153745,0
18.474381878114343,1.3039596461382394,5.581135171177316,0.7109317810793909,107.00402809027511,0
15.603843101872563,2.437332161340014,3.293009039877317,0.4995844629549764,81.94253854246365,0
11.579150899927894,3.3698097631620874,13.7508607388237,0.9198738791579708,186.56679520603257,1
8.533644618547022,4.8700972533370095,14.580437990731795,1.7707674615688678,152.95460575426432,1
19.390670796396776,3.8693122058340017,12.853348921906957,0.9037491619591594,167.3390827194533,1
10.254877938455923,7.031340410724348,11.166676727919915,1.5921539449239095,279.22545843115523,2
15.746391973716197,0.3012722927297533,2.477090332689782,0.47024411604765104,116.30591244530481,0
8.512175761390012,10.880907183767965,10.071351806829064,1.839667661413172,196.5359726452789,2
8.75641113087329,8.258871768085893,19.86463141319825,2.151444069069148,190.55589372156692,2
13.173570476478753,4.502283191475338,6.076600279740771,1.6248378846244518,129.5291370214334,1
25.074332942589876,1.3931302050844216,2.55355953987614,0.8136941598115864,77.2644337991119,0
9.776511994095513,4.9692874671809815,14.741019312468907,1.4749702841333103,151.2607693479142,1
7.60014700933459,6.224607608706748,13.785567793482771,1.9672834843272127,220.64985547673305,2
10.564337199846845,4.618792756100073,14.865621243355154,1.044049756282432,171.1636184516567,1
22.891307579942048,1.0894393265627107,7.014314401193339,0.6776992164587178,11.46093238044381,0
20.758824670441584,0.47041425776271273,5.851774412386072,0.6028721666123628,93.30412278478828,0
7.282332498775984,4.528459697845612,15.833727814052734,1.7839477126040482,248.71473878278982,2
7.347056052268991,7.794715098525458,16.397244929660904,1.7368776668902224,253.68184978735025,2
11.030772771968927,5.602684546644108,12.925601625054298,1.3107791332949714,153.77925948052612,1
7.094209395518627,10.634659195920332,14.80291620535024,2.020129598156884,229.5927812854643,2
1.2479354359071664,5.907206685667774,18.14759901149223,2.1826522910781607,252.87708491377714,2
22.928938028530613,0.8292862251142812,6.309353234964627,0.5290102429750426,63.24226297603445,0
5.6484849360146505,3.9877127226193307,8.867797107839552,1.146606075350216,206.4434927172402,1
11.858869655104558,5.745172122155789,11.286463018036445,0.8756963790712319,101.13634522610647,1
5.952374790981958,9.830708439988411,17.388419377545564,1.891395502408806,189.07021108865368,2
6.950278595445678,7.899097616389327,16.337311978336537,2.5101175564648877,293.15585948220547,2
10.255257710318347,2.9733667744712515,4.561816104780571,0.8902400171371767,158.2340383407257,1
6.766401334181838,3.1716685201153543,9.449379033950603,1.1655147205524472,171.52799122794528,1
7.69064451494065,7.080147628983153,18.130390088315426,1.877185843304825,289.7236224293714,2
12.602519216082316,3.573502835045743,11.812589647449101,1.2185832104934562,113.80759830433007,1
10.343318873297223,8.606323438257203,13.64751177342004,1.136198480613559,286.90921160665647,2
20.496626363885213,1.5678274324669506,5.441617015776183,0.44846663968322176,94.29819344151176,0
21.829121618460963,2.1646578577174136,6.409013079649446,0.7183585031063278,98.33022791536209,0
19.941126965460253,1.6371243437570613,4.437229786897827,0.3502960205707488,117.80358328140248,0
8.180540622150644,6.846600474673611,12.131853732689821,2.120443403053125,240.87822008155786,2
13.784095589942437,4.101675926200166,11.10018325655744,1.60958584076741,174.0847358453826,1
13.66391612439542,2.0512985889160396,12.289426902128971,1.4767443510699327,215.31394530047731,1
5.832679085389164,8.859599961967932,14.965743946963931,1.3849427431433892,276.85593944540085,2
12.899384622489492,2.013232767795901,11.938960489407476,1.6423492102711543,140.97662114828248,1
6.633366315953392,5.359347399661737,18.151509923839868,1.73069187259479,276.36553518718483,2
28.74037958014445,0.45062772559736375,8.247769985622305,0.657475228463835,40.77436239757449,0
13.676085848765457,3.5144337759508644,6.326838179926137,0.9321680078171548,161.3902398027311,1
24.187680510600046,1.4559602442731059,6.442932547570148,0.6953095398322345,57.91416462942263,0
13.66619658195522,5.299914131553165,8.182029861745264,0.9171674279308576,107.13021551761469,1
9.58261225914118,0.5796332686344847,3.6047670987818874,0.4568918318843118,29.003305010919604,0
7.89004268259929,2.8243086927884242,13.438545709148318,1.582111604343357,169.90356646153518,1
7.9245046585860965,8.57031854848493,16.033624459587696,1.2150158627418308,288.617057957492,2
23.27393893855416,1.1070781233968,5.893279463034172,0.5680091436051312,116.81640696819045,0
9.876431257785216,4.091895917444161,11.887539573623664,0.7112720134108041,167.40849109100856,1
12.791665483050066,2.254462301707407,10.332509136076666,0.7720608265728763,135.00409000277307,1
10.12527011273076,3.738678970547246,12.488647660675465,1.4780125419029142,208.63832782605715,1
6.993045580596128,7.758796537174234,18.920012348840263,1.6732074126054963,195.89481490402542,2
15.488968787032015,3.8163033946223166,12.146827203919273,1.0820290772511463,92.38240191087583,1
7.899456951012223,5.1413079641465975,18.871110490408668,1.840528618104231,270.62023107543934,2
3.2318736028289976,2.6273352582093707,6.576502553021053,1.2648996653699005,150.99158631376181,1
4.921345402243852,5.298708365327096,15.347411848499354,1.5989583734070814,298.41965211674096,2
10.051182305578035,9.2770394373557,13.442065271093046,2.26259743251293,264.05710815858487,2
6.194794905954069,9.043669635812739,14.162180379202649,1.9374283574016309,298.2921126989776,2
6.847080898321048,8.89108802358296,14.995915094475201,2.1499673584434893,274.2993988668318,2
10.579429855337407,3.78202583331252,14.02399020864904,1.2277263442017707,116.83754997677897,1
6.31946064409166,9.920047693548343,15.85247760991873,2.0027592969188777,253.63929688911927,2
6.151486254205443,8.211460871328237,12.968998449290684,2.104348619378849,292.1690835572379,2
14.825708885283063,3.5667753788772565,12.42217123196171,1.1559129673688413,154.73194694142882,1
19.76627952401005,1.6611226538644197,2.867935656744639,0.5922686687088522,33.56989902412855,0
21.606242433550875,1.3746524679513106,6.039998151595621,0.45332441994430717,34.25546897792118,0
20.92381489178053,0.35285048688771103,7.1148470177247525,0.6077041289219453,91.48454795296249,0
18.59434305714507,2.250730687065687,3.363142668115997,0.8298551587017173,35.176300873184886,0
8.511868682016715,3.806027446625667,8.606794655770267,1.6271696811740552,113.89994449560871,1
9.886919027337356,4.245828760261229,7.238250322490567,1.654886535166804,107.22486431461726,1
22.719892302067024,1.460374933995544,4.494628623998072,0.6588126794551303,111.97379992759373,0
18.241200196256766,0.5236614376991662,5.0680185097221555,0.7103581966528332,50.12999059386426,0
4.860557152708914,3.118912062770029,11.23649153951051,0.9606657821777427,219.07745381690438,1
8.445144176321776,5.925921402104683,13.208342164372569,1.1987572245167537,104.11320881136521,1
5.6439202736988525,5.9599051945984876,17.844395231080156,1.421882243213469,259.1599118028898,2
27.003703767708572,0.9747851893375167,5.514746212834699,0.5053730395579217,108.53933115384366,0
15.309586972554737,0.013225518975915396,6.3899958015537495,0.8919814256272147,90.37155612631707,0
11.962902185272906,3.6060148687713283,9.8497582034306,1.6415126695085671,101.25635656331553,1
10.652604777136672,5.27532351943456,4.219191135263337,0.7554698332261537,138.71503292964877,1
17.52600044860329,4.133669024205952,8.176020108495258,1.0908265308517564,162.28745357488998,1
5.606780631615512,9.846802113698686,20.70011116433213,2.0401908103884643,272.76382784468603,2
26.573512623218136,1.288518313148636,3.273012790070132,0.5953194766591374,116.97075290306924,0
14.001196418185062,2.145932311112278,8.910063974834365,1.2889718030082924,104.37037737417559,1
15.370281861287285,4.812392916850065,10.578585529450573,1.655526609195654,193.67356710269223,1
21.9389312691779,0.32291467600730117,3.712900335365076,0.7544941226371742,104.28971826986283,0
14.815246265367342,4.9108392122406626,15.393201521732074,1.1050993365779807,185.6716009518679,1
11.537008872360868,5.152220403249219,10.703079072186947,1.3603129688520141,150.82602865716325,1
4.825939343997449,7.319635862303456,13.699176212850812,1.7422141780617117,194.95254835433377,2
22.42689223654473,0.8534427050236897,6.069011296961101,0.7331483138810754,88.57592993084972,0
6.437611975605141,6.6113739113790535,19.59226959941472,2.1085878179993154,239.34029457551065,2
10.747152787794272,5.6598713712410715,15.751484864726196,1.7650401097869495,278.0710573216656,2
11.901342902391617,3.4527108727460436,13.231487429322414,1.2533968138809912,204.76473829450305,1
6.732648170690377,6.9863758088564705,13.348030303233996,1.8339371411097767,182.91512440797362,2
11.034741888029375,3.9610227569894865,15.738064403070387,0.802546265720178,162.50941868274805,1
9.639992897039345,8.084868970625797,15.310328792055813,1.4103269231813895,295.8871948094146,2
10.867210259194618,5.518958901239614,6.92954864089392,1.6265239453786475,212.01804105331456,1
5.807321304501697,5.859647174795203,10.658139138560747,1.9806398277624249,245.03577449113214,2
6.8589626140033655,7.277442890628242,12.684297794861271,2.1576582091043988,291.35427059587585,2
10.258934991441807,6.336794184285139,10.803088763075985,1.4559330793349219,218.72580376010643,1
16.52461568672628,1.8510191870284614,3.092221823173375,0.6679881751928656,85.69294251269852,0
9.30096695315099,3.3127729714864422,5.95104991010247,1.3773644353850074,100.38896421505888,1
6.579672704887985,6.447134639889795,22.03516472632824,1.6531289227070576,240.09975195439225,2
1.9368337429975089,7.849181420424862,15.261520527044436,1.866057239010707,242.4929086366226,2
27.23150463519676,1.2806281406038473,4.392676952252008,0.30670853605348486,100.38005874815188,0
9.49232999575589,7.466257596308185,14.366796941263262,2.214354717066925,295.6824867548674,2
6.753064584151062,8.036648875103008,14.604154648747535,2.259163610531163,280.6014809155326,2
10.436403262837352,5.026532848269276,15.579990703805585,2.3131629421446616,266.8445311160437,2
16.5445361344172,0.6615515191793764,5.586687083854459,0.873899581761157,25.821791808934197,0
8.372047122713434,0.7001423547025551,2.9229123583120553,0.35530862768085814,68.29346456232562,0
9.425351904685119,3.3444831889870423,11.688731980855255,1.167766535461725,197.09369000655443,1
22.44086467835689,1.1255783687747474,3.826937460872129,0.6336324606436189,49.013282548359115,0
11.488117023873494,7.1096231963911745,19.624770197959673,1.5709651511756568,187.32404622878855,2
7.572682375426639,5.367886490928449,17.025897939769834,2.11144459386755,285.7107958905886,2
12.280375475299058,4.470453404642207,7.405311662714732,1.5825741038765917,177.09339353040042,1
15.075189888153353,4.449147412157015,11.949829053437181,1.0340273447392736,120.53781394706101,1
26.486590383805286,2.307312807108393,4.887970656332658,0.6379512730016688,35.01639015958822,0
12.048805793154836,4.634938130276464,14.871830461048805,1.149825628578248,204.43786419174592,1
20.678917137561495,1.0715151353165195,5.9760881587574985,0.8370201142612802,102.60116544340993,0
8.803176898444441,6.601543106031587,16.896265935964564,2.2208329826668067,212.75026168852008,2
24.340889054646524,1.0308441350274542,4.032682725124863,0.5629913363828339,113.02221728238067,0
22.68955735044553,1.1333246538878752,7.361979810611344,0.6604911844555758,41.376877653744316,0
16.43554163572063,2.7440570702877976,10.952087899766084,1.2465738156174837,98.43357291856394,1
22.589330742053914,0.0,2.3284866749866366,0.9203439151759845,101.97304770995468,0
7.839130631976606,6.119816788793383,13.60700389285767,2.334121090520414,189.29067159994082,2
20.234035609227377,2.878397542760258,5.80995101754105,0.7364607262439725,27.922786978957266,0
8.66371540722719,8.082650883791732,19.96726354631152,1.7122057742409336,180.78195788302503,2
6.944888126968866,5.534072751935547,11.654932246125089,1.8122873940718942,216.03238030221627,2
14.239149242950694,3.8622010898965344,15.285025285581934,1.5670820650372879,199.9044962211001,1
10.561425016104648,5.9551822209299345,4.45566966283439,1.0434700028102784,168.9563298521067,1
9.256377989219622,7.954568992813458,19.570567367240304,1.9876407091589812,211.63963356837155,2
7.40793120182249,7.646486828917582,21.233965185726067,1.4426106040836872,231.57298013296395,2
10.73606584991822,6.994131236057382,18.10149118947449,1.673618685282018,266.5146372580407,2
22.238308246041868,0.3491757205070112,4.7972434874716,0.5260840907635594,66.79116291174415,0
18.396339225823493,1.6526121319919946,3.906027833089122,0.49873686315592636,55.97653588152758,0
5.8310015687561,9.007374446143114,9.86869389542051,2.1630279967462793,203.52223743658297,2
24.35814633230656,2.8923262175999787,2.122559797886261,0.5662106036262969,10.40916268998651,0
14.207662634010703,0.0,3.563111557495128,0.5679829272432229,95.48616075201805,0
13.609167656542729,1.9946234022455815,7.4849143599975765,0.8362028602130058,150.35463463717215,1
14.58205626410589,3.000564069814558,7.4909843905111355,0.6400655541709573,142.47757549112362,1
10.024851846178663,3.2865955648611913,11.434421726667425,1.0268313822868287,119.76833408904052,1
22.09024768350131,0.0,1.888059947364186,0.8794119738535893,77.6962857802919,0
13.131080499090983,4.586037712257397,12.388539684928704,0.9729646743756927,91.6435381820024,1
20.202145371171646,2.1918421052570825,3.3790228352533664,0.5303010821693187,41.314221273111,0
21.578319941936876,0.6593955162787275,5.90099144755607,0.5607362564668358,45.272903021007544,0
24.368411844077336,0.0,5.9130046703355905,0.5624159447071962,79.7278408015686,0
22.411856413765047,1.6361494893132162,3.4608130709953855,0.6489066564548789,89.26779197300866,0
9.256005252403016,8.740372197744428,16.579152408874343,1.4446146604470245,247.50274123254962,2
5.565434053968662,7.990388060059824,13.341881834842278,1.893284603050957,269.6099859018417,2
21.944739166247757,0.0,0.8992850854315995,0.7108770742052352,59.20330318778607,0
12.15473726857911,5.76361671664446,11.135506446752562,1.023182821544867,141.59543716923946,1
6.123228450628259,7.663215518813451,18.992615778898973,2.103423981815529,233.6533688978139,2
9.635857130300977,4.788314879610506,14.301498515979535,0.78681135321837,92.36053552892025,1
7.136566551877277,6.9592971510712855,13.305696385600772,2.3765013871682052,264.200990038172,2
5.091367517702035,8.44866360568308,19.212527058576796,2.211578534704472,263.99592145255406,2
7.317099306319285,8.763181018508702,11.183099790811637,1.8771853276908872,272.35973861983894,2
29.650461686451663,1.6276834303184191,4.961479240531211,0.5605663756187598,115.98491649763471,0
26.47515055864347,1.3326613035642745,2.566206579319666,0.804506477030751,98.97443929369219,0
13.028868802365917,3.223569039641612,10.060371708987121,0.7558858838023025,178.47213019378262,1
18.505351686943317,0.59418287152495,3.812193655959396,0.5840667759236983,14.333101706210133,0
11.940244811100806,3.702543857105604,8.715045226606733,1.196860461284181,179.3005641806593,1
16.453302115320685,3.1883923410837456,9.546102880690878,1.2770055692674436,136.18061725296533,1
10.310957415261996,2.540028285351191,9.949351060254644,0.8824331872967133,125.93337034217771,1
10.046690586348042,0.4734012701329213,5.9070174251089345,0.452655894861798,116.82659981051144,0
15.716590325262246,2.529135269711779,2.4390888579950665,0.6284219731831621,42.552523238027774,0
12.369552772172803,0.5612806887133361,7.198974050666163,0.5716932600390249,72.24493809155814,0
23.35576200187845,0.5061974507624614,3.8833964921079387,0.4349768650542457,46.9171499696827,0
14.98289648006287,4.305677364856251,9.613367863933739,1.047271858406529,110.57129643598415,1
5.493776839605377,7.114153624702881,16.375398972309032,1.6242524024577993,219.33611623705315,2
11.240580151619083,5.942401655450352,12.733823919502168,1.1512946675504647,127.49958555435668,1
23.49126833271334,1.5856647611464179,4.38186752652348,0.6607235113212402,19.218457500456687,0
6.9547117397272515,6.7055595733813504,20.371305478682217,1.5628296625231346,292.5995734291822,2
8.871674829730743,4.2438972775664805,11.31401577555618,1.356001314240243,175.34115120530254,1
25.453741963806817,1.6630127820839,5.030286556519728,0.6663111025300097,45.52521202353706,0
7.282761352602649,8.300076992814327,17.83530552084573,2.414526458599757,184.49831365504082,2
10.07666503754169,5.990643633346396,12.953778684687391,1.4372016956072184,211.98745197473372,1
26.235156737987577,0.0,8.259284262225597,0.5440986624072038,35.11643776054719,0
19.502856891350255,0.8308926161456248,6.493222729204314,0.6488366725180605,60.5936146423359,0
20.50609282007222,0.4123535225076228,7.026911643482202,0.6265479467182591,71.36610432260805,0
12.623559714412938,3.9459466258538156,8.0298688006706,0.7933374416507621,129.14133346047777,1
12.239745791220113,4.385116074310789,7.036402269580684,1.4169113818739592,123.95602226560868,1
16.056118097922976,6.519289024603012,9.87625561306239,1.8477363463809875,94.1682572222904,1
14.081093865039435,4.8693138114824945,14.077874273009531,0.8940093843696933,212.36769355125602,1
8.254796971242682,7.32518691640674,17.55948700801308,1.6946243142576007,190.03717086999205,2
10.566459783489037,6.155793503053163,14.117567546856538,1.8603514742934026,264.61347136024125,2
13.961677830813073,2.167455045597093,16.353190009025695,0.832632917932473,127.81436519174852,1
8.110588380027231,8.987963495901608,18.395384016933647,1.9543813478542165,234.25929026509885,2
4.80150288486697,8.088237358394522,18.645454840601996,1.9079286718601478,241.46742304386393,2
4.729217352253537,3.0767965599942255,21.241711985529673,2.0667193957309005,185.66743675985612,2
22.60684430638765,0.9315135608575033,5.754067675656026,0.4580955260473558,52.01780500092406,0
10.809999680820495,6.162644599623772,15.440056186775234,1.6464252989028803,293.05759236794347,2
19.69796010973277,1.8007461433565348,5.446604679104411,0.7475222843317786,84.16113282765009,0
15.017030199065319,1.4180080561684092,11.17977921537277,0.6420308311575291,41.18579092980333,0
21.38446931519089,1.393611424453519,9.128440269704821,0.6237142313800215,103.20905593003035,0
8.42614646457307,8.035798693226777,14.100440981904299,1.7425220437658802,290.46728425204196,2
16.546241446044625,5.375784590479646,6.663017590988257,0.8496727752300237,134.13420895779257,1
18.960064298989177,1.022742610969375,3.1316915859009162,0.8221329435979998,113.68706811745211,0
13.871091202673924,2.104981988594709,8.712551519000188,1.0084984293420336,161.0122357883755,1
14.520515773134814,0.38257540040539306,6.757347096381792,0.5640608237709286,79.42524885969891,0
7.126367337615512,7.362872476482248,11.30769470956216,1.9674450210074423,216.13986444015111,2
11.038126571079566,3.2709749080951473,7.8520983304481735,1.2255137580600546,107.70961118139837,1
15.844150194370904,1.7323558196541455,8.736609295596748,1.334379219831884,191.9863176380819,1
4.236045250654685,8.691714969935873,19.203873232774882,2.0273034831584207,200.53336000049157,2
24.331999754067475,0.13889505007835323,3.652419788681047,0.7436305744919651,64.52193129715718,0
22.18326869824806,0.32809528279141154,3.8694304472018364,0.5383937011346375,48.27355527403833,0
8.31764048937893,6.656679755263087,17.27475880718105,2.4029952408284077,250.88233756587024,2
6.474409046105795,5.327021903881074,12.364437253844496,1.5004195247723886,190.96019260887698,2
17.430907830012487,4.479123289137011,8.20768510758236,1.3699535788323567,124.02787297481308,1
18.0148898676412,2.371331485932446,2.9325283988755473,0.5588032727157243,65.74470447895669,0
4.618692533711384,3.8317864842095872,13.516824878824204,1.1720218003374705,173.9108953173618,1
11.341193717323279,2.7902440518677802,9.922849105338692,0.5515211600284389,149.49214369087275,1
7.5803801103742,4.422353289049667,6.46990544268728,1.3887256227042,116.49653418314647,1
17.09071511399089,1.5804129110203022,5.326863521174264,0.7118170923085398,51.791672005821596,0
5.7434030159644935,6.703707093563177,20.003447052230513,1.5648407002778664,264.3295889386892,2
5.468642764031516,5.835453967806167,18.443789729769364,2.0270247566275534,226.4466495122504,2
9.917959633663678,7.404135178082352,17.699396452328603,1.9823608562749844,286.29891492559483,2
12.741814356326268,5.063895391309179,5.646321103296525,0.9227194792214786,201.58628717068257,1
19.110087466800568,1.0544982801125213,5.967557668005556,0.6827001324134616,38.493865851368184,0
17.57243162788719,1.8715370504929085,14.885883093643724,1.255451929308114,147.1094254026396,1
11.697647963685867,0.9311442457672856,4.699359079456256,0.5509955680220454,42.787282128700454,0
21.63611221497055,0.0,3.8985576086089777,0.4460670541882459,104.05332217819287,0
18.629249623678604,0.7028473072033667,2.1849766105643575,0.48332749686136867,80.83994975629173,0
20.72425097108433,2.042622429852851,6.172331600785567,0.538137927267528,28.56910063630206,0
21.420089817686065,0.8231095237691985,3.3194371386857418,0.461575471540975,93.53380886597601,0
9.305074020660651,6.184717370582376,19.71031566850662,1.6826613495272877,184.0476128949263,2
22.294977684017653,0.0,2.4233847650729246,0.643907322321278,16.55458070884581,0
6.7855905758037025,7.647412784314896,20.20763806666175,2.274878479971136,190.15799215276928,2
6.023344646399447,6.229883613315339,16.364419336516782,1.7255433163843887,247.7077875429086,2
7.804782338056411,6.8192224384312095,15.52831984932664,2.1810442950768,248.7994191133396,2
4.174422844417446,7.600459139732229,15.133322756997858,1.9046162693503805,237.06714657397606,2
13.87402006109684,1.9054712440948758,11.21789649754906,1.0498509450465643,133.218203372193,1
12.907870127172474,2.0095372005711933,3.1885353982747624,0.5019350492026771,93.7978010515467,0
5.225202582218377,4.471264545681089,17.169995162421568,2.279352484368144,245.7497332411979,2
23.694034464189475,0.15950134253775905,6.737545001181542,0.4220495359335218,15.722613053239158,0
11.91280544015221,0.9189754250387737,3.803124838837906,0.45501181635220267,117.23947000912584,0
7.425163425495535,7.099460618694153,11.549283255402365,2.3401669449139106,262.9591232415356,2
3.857021624847454,4.53173163231198,14.826196855277377,1.6333225572820687,218.31603843921084,2
9.520858798446517,9.514953010955445,13.234423960217265,2.181517400217876,248.6246705411225,2
14.641126269163731,4.744005986680903,7.368251290063787,0.883096958370232,175.95005506348207,1
12.40329444833813,1.0627435192149142,8.622750057329963,0.6935323285352456,106.06552074468884,0
9.85307230881328,5.121383223271684,12.84884767795058,1.6659217823563606,238.57742514327185,2
4.135445028535969,7.509945686135369,16.15340249986865,1.5825254120416237,245.7222867634973,2
29.12660734615537,0.5058866584530426,1.9299195049352806,0.3179984949138354,46.33131342522928,0
18.901590693918244,1.698546512622885,4.21815388095052,0.6363199733511039,62.3662372366168,0
12.261832406856648,2.7552055434763365,13.53093809064546,1.0269630109610244,188.55679684458983,1
3.6992909916909413,5.526861389799676,16.39107160797133,1.925466472458,281.97380384882763,2
3.323813894161465,9.106324242512708,16.609459991816976,2.3217740162589013,285.8749246741605,2
13.584108013643892,3.0778773797158085,10.147284193917015,0.7944877403926061,102.12381562350812,1
6.468954277133302,5.641995748727721,11.634133072296354,2.161053452424031,187.83292616419897,2
15.315135306490921,2.8191528309417606,4.520815350692582,0.6013145227328051,56.49552816231683,0
11.112936847627394,4.849755832594337,9.514960218356514,1.1339839477884914,216.10996045830012,1
8.22188617510211,3.5149320515497764,6.849689291599996,1.0626843155883545,103.81975677068368,1
12.035209109165807,4.632926382231996,5.166991696344498,0.9240305488661539,102.6170370278391,1
10.62118410372756,2.7240895761624664,8.340276994480602,1.0278890567122045,114.31738868342944,1
9.28529797369749,9.443812178211108,10.934569500733524,1.656560439812985,289.3288508287775,2
25.159011016330982,1.5385450810159669,4.723088032032452,0.4163552645565951,11.026478180980263,0
11.560647037497434,2.071461271584,3.6269224936924624,0.7745064082745325,25.738953495904532,0
18.341477964743877,0.4205579726338665,5.628889181749705,0.5461562422230879,34.49141587494639,0
22.16363407424396,1.7009353337529864,3.6633096103063965,0.5908386492971436,56.95842006056329,0
8.10976461019137,7.969905096255647,19.957226884177658,1.581643690827751,180.0057748673174,2
5.51328147674877,7.773273451022639,12.98996780876174,1.8669899727220869,252.39387833407062,2
7.97853407590069,3.6162084665334926,10.432930058305237,0.6498882697111696,124.2372704697503,1
7.980394283692571,7.000842783203815,12.724751712326992,2.159896109447129,288.20029747587523,2
24.658333884807792,0.9301951894536434,6.7068429029842305,0.5445919901904474,19.694787407436063,0
6.955674630738291,9.052976180349871,15.956854955471186,1.9497754513288124,188.1600340377093,2
9.186607811570571,1.2714846502049764,4.303685206365373,0.5887610165822328,46.91129218663229,0
7.518824921475514,9.178953000215053,16.285359906956778,1.8641504625538114,271.27022048130436,2
8.900483303434193,6.481444141559386,15.82595471681821,1.7639906037187467,241.31902199759014,2
17.04388536790707,1.5218642705413439,7.854610728578432,0.5370847871012174,47.26062513518745,0
20.388310197392162,1.7749159924263114,3.5958938122452953,0.5508506780103347,35.07286787961358,0
9.940022372480044,3.386097753752442,13.820995162391313,0.9621409184783044,188.37163831449104,1
14.39973384506516,3.9306069900329303,14.932290333557383,0.7956639074362473,191.37642783100864,1
22.16422705397055,0.8772125768353148,7.774514822105191,0.7719935874842891,79.55103690014039,0
10.016846257249817,5.906765514247267,14.496479400397515,2.7166932797744874,263.76904424779036,2
5.9846144596398165,4.98854194602808,10.953798148906642,2.294829835555144,224.99372606863966,2
19.999523405763625,1.8666723503290525,6.4900611258256,0.8159168572729704,30.53039337774508,0
4.702833369522523,6.62897360927663,13.832209655795566,2.0322459396717147,219.48151365407193,2
9.857804646053463,5.414103181076464,9.101454887357567,0.8292890933851773,193.19866857932013,1
8.256416023592678,7.38760257330195,15.991206344481133,2.043137310936373,208.11829296576315,2
6.730969744353435,7.907673001808416,12.840584470301273,1.9237830746310312,244.81289267061493,2
29.35204561682532,0.8112240679631201,5.220535037169314,0.692514163975947,69.42389934564804,0
12.037727308800942,5.040873391597572,5.089594407067626,1.9570119994198674,124.95755959299258,1
17.6007119067206,0.0,6.638746536278813,0.6635834223665978,19.765059365185593,0
26.806264280211426,0.9709472532672639,4.995574661058876,0.8352007546564979,43.573598314174504,0
10.405885449099065,2.9253945756296735,7.27486572108794,1.0570559608645707,116.6737683413709,1
11.06927382544222,3.339129661273343,10.373030754643391,1.4912660736040055,143.74415477260814,1
12.210630103436742,1.7827662445332402,3.3789427403567474,0.7285463305474179,86.28608207509525,0
11.935795506272406,3.9792638367264446,7.125934276944136,1.4753829574686332,196.60771754701295,1
7.060125926366493,5.1317646923215765,15.436317330134083,2.0290066222450514,223.2551264528102,2
15.750425887412481,1.3426456777661189,4.625711469990902,0.7478594993519794,27.84567463607273,0
10.844073879213095,7.02643196646528,11.315971050700334,1.8156271280989988,296.4483360819488,2
16.836472833221737,1.0272064769825175,2.2699564091467295,0.7052242172887071,98.40627970650327,0
4.905328211326843,7.942389201831116,13.134353588511177,1.9915519549386833,180.2496767011543,2
8.966952881125124,6.339405035332001,13.365001602658793,2.4783064169472446,255.366543738051,2
7.563203507924765,7.069127520310697,11.87057967672578,1.7818424298492357,242.58497390322168,2
11.319940713896491,1.9241131630878487,10.643585708491754,1.0676624402411676,141.1762438272333,1
10.462772844857017,1.596120691427854,5.268332831991687,0.6642513075991088,42.796539190421115,0
12.335945797863774,3.4519610263677842,9.180543260440295,1.6032853725703788,162.09548729963117,1
22.281684693443182,0.7348549029747977,3.9626665607575795,0.7279802317577331,96.82197201448152,0
14.525639537832571,1.4283934479801637,7.120893628220935,0.8312056495377274,49.39789898361246,0
17.90075088752476,3.95302716763799,13.749131260552955,0.883050878812422,180.8226266261543,1
1.0,7.893307483299902,10.089134151843508,1.7179344214848662,244.0441796611862,2
17.314703078926073,1.1080425326497811,4.37117043326645,0.36066491306666587,12.434789613244678,0
8.722598878570981,5.44059321332802,10.628039007686287,1.2448001519309404,118.41129999767318,1
17.567975428250705,0.18841621863406877,2.31985585775213,0.664832503613888,22.796489984658734,0
21.11987450527928,0.09960876216129877,9.891503959233653,0.6193831772962841,11.992120220292456,0
25.90044945723942,0.8452578971350355,5.436777975088348,0.7933295137809453,29.777759484458294,0
15.645196816774916,6.281066547524421,5.23531870387654,0.9393505536330868,142.9114029908519,1
14.829579910433381,4.535137332550364,8.179109662382093,1.6005338003412293,152.23128611060213,1
14.716298775746797,0.0,5.579307396419516,0.6068807167326847,36.576140407933934,0
6.967811125687876,3.686869915738657,14.60784812121004,1.7588956876271404,199.60577477574606,2
6.982084234809168,1.9563621694023843,1.8922139911049145,0.8349763690058862,42.85393731263047,0
21.111932258970835,2.1638485159933945,2.100286869038188,0.4340537728157487,26.377685536568915,0
5.96127586831993,4.159381040099518,8.43144223889114,0.9801297574524667,94.6472912805624,1
11.563365079080688,2.3245680207449375,10.038075292338126,1.5411759739925048,178.84885664473654,1
4.646625156889893,7.424724243277629,13.888939703524008,1.6773160943473788,231.68903698575542,2
18.271824743020904,2.446072257753846,5.599065006086424,0.5135607106457591,13.429240002311335,0
6.806058964662716,5.514791662383653,17.700699455616384,1.6783427496072418,194.1670679714177,2
4.825864974130164,6.975962514379572,15.06051543135966,2.7349705426741986,242.150608036973,2
10.783152256224133,0.7111926213979443,10.406055128810166,0.5654007500040438,30.798541915618372,0
8.999814134330117,8.11718396835106,20.85822935168157,1.5800063964727085,266.48211003255784,2
5.765401860483909,8.04786322129303,18.546416373194347,1.8806733401268434,250.3124675625008,2
7.901196662558265,7.394552772726856,15.804067864982816,1.7013434356970016,269.62780022902,2
21.027829752735776,1.0940653445295092,8.468866183574773,0.45371386123495905,61.13402588945978,0
10.628958540443406,4.270492171155991,15.090373296220864,0.8594323932334673,135.59340622905262,1
22.031030681246,1.0431907347566343,1.3951821850115658,0.5030205718211344,65.67560491242685,0
17.40243322502502,1.6176758311802315,7.223157314263936,0.8902058997650084,101.61134144670982,0
7.7079638653420135,3.356331494250031,20.927257737784966,1.9130920397397213,202.70062363220512,2
19.52365542601576,1.0749866425390826,1.695401423275713,0.4439750542168066,72.6430626950251,0
6.833337050249183,4.478818153671515,17.86594298206342,1.4995514250765045,193.84970869095815,2
8.284242007753168,5.860522358749933,12.928796664166544,2.205152264251047,187.442985042334,2
8.909333632058773,8.882984784296408,13.799613726493106,1.6330112330328574,197.571184997868,2
9.232861497564414,8.44560681575966,11.565658856836933,1.99314378310178,293.06407937718564,2
23.825180008365386,2.8597386446822544,4.965987851032338,0.675753163241065,16.99615800155771,0
15.16886545123837,4.477033307887785,10.04026145616538,1.196015073312294,177.76870107770029,1
24.831237233844007,0.7466799765910176,6.757287019452086,0.7143297601188316,11.213439087151194,0
13.355692758349413,4.944829656033203,7.770290899665717,1.4801976669461356,127.42556081937951,1
22.76364382956877,0.6441545294636077,5.278057373906251,0.5932315664513922,117.77077682512457,0
13.533146500207943,0.8164941345156262,4.502768292466645,0.6939920455894606,114.74904159867096,0
5.74424492195895,5.274746739749811,7.206709708862384,2.4919373997359617,270.14762266896986,2
10.700166689754472,5.640621487775041,18.995785328321023,1.7932512763320856,239.80218130222605,2
5.143204376852356,7.495007427505223,17.810482603192295,1.4967087981327165,182.1231793364125,2
9.231069304877717,4.11268777799254,10.900525147853562,0.6062010915010794,213.06212697549392,1
23.408715539232073,2.0011651374514114,8.818837304586987,0.7214833982491675,108.82251132424383,0
6.9082236985146945,10.334247872277,16.136000552985596,1.864962972630106,185.31522316841017,2
13.705933848038311,4.459506052068716,14.879292203826578,1.270812919147311,108.20839271666173,1
6.946200295021231,7.2530391172140884,16.982917710164262,1.9172126661420943,248.63413219430373,2
8.083064992910892,5.842518109192082,14.43835264883975,1.578742811334511,259.5936764229382,2
9.205434814148205,3.083590436797396,9.768505674366207,1.2263343599549512,145.36291291480867,1
11.227774178445117,3.9347962243015546,8.167396665378595,1.3517619546608752,95.70759977198284,1
13.527085062203927,5.384672961446189,7.418360282354113,1.0038968838755826,147.48003479225576,1
11.790444395449072,3.043017403187454,11.141560915948908,1.4072102668045912,188.86526057424118,1
9.636832700203442,4.271550720692123,15.890658500631448,1.3005481699605352,120.85084091631771,1
15.61073416360038,2.212858882671738,9.262013984932898,1.3340110832427432,155.66517340118767,1
12.509923619247807,4.842187648652013,11.910724237008957,1.057462416466619,196.99368014344938,1
21.805878346255184,1.7901880808202466,3.492216942890617,0.46410522880234506,44.63252709496089,0
10.856115117586272,4.362160908413175,4.522582774321033,1.500681310702683,120.23730280530056,1
17.361590925923068,0.4361052369476076,1.540204336546306,0.5653634619477667,21.10759174995372,0
6.6993032674274655,6.086765256364953,12.472796659999116,1.8875446092195785,284.12507373394527,2
12.323098347319856,5.197861187166076,11.931006259067473,1.8232030318709858,96.65682539474278,1
9.05838118040716,5.90531876876721,19.04435517897256,1.8631661418161984,197.74933636146346,2
9.229605010326143,4.091073558208111,10.964389261908948,1.620654562140417,184.1158235905572,1
9.80441917900654,7.642381596275294,16.391626877285077,1.9644594128391595,260.94045345194854,2
26.737394064499924,1.800017372074258,8.39486436267354,0.4978675643238152,55.18046978401132,0
6.6395663345589515,7.469990431691072,12.381839600413764,1.1111078333331839,111.56413020612962,1
10.653912952141548,4.281111117348119,11.796989025052792,1.4560046932020438,184.84886440059455,1
11.401185982908961,4.075400287503209,8.668529560926004,0.7306638040128095,153.3672615887725,1
23.345294891982206,1.0250135017989397,5.502611281612761,0.5997674241246146,103.65674535196054,0
21.643048758303536,0.8505572869911981,5.672142335851338,0.8935761800459456,13.592496686294545,0
12.490343239852432,4.154619545627098,9.352507733691537,1.5413573327908114,188.62760500928152,1
22.65152507466965,1.9387790859882599,5.3620431174074135,0.405475207806623,118.3136713476959,0
22.4739535218259,0.8340179818529019,6.257250465682433,0.4095907190076593,34.42834577626526,0
24.031427589819653,0.0,3.7233935171382324,0.5637072713013325,119.20843760046158,0
17.15478709220208,1.0936993729198812,5.472447292528466,0.45912666453439777,40.24771111710042,0
6.935897024406966,3.279102483233719,11.56756229932717,1.0040587830210177,218.71427188553923,1
7.212248814426361,5.8048896650378214,12.393989982382923,2.073829927889669,269.4264152029822,2
7.206432519531835,5.931698462724059,4.43087401227821,2.2222819892260364,248.94051930016775,2
5.819404358349901,4.410305932707164,11.808700135744461,1.0240763769516263,171.18734199736514,1
11.398376075778172,8.295034771907062,10.805329030098825,2.0850439236215785,299.6536360815287,2
7.7716254064172805,5.611995442842209,14.90386769243003,1.5158752589750226,200.43547011024404,2
20.472847965607748,0.4606475517294185,7.355089449539172,0.5681132058017148,38.86492141382321,0
9.565695106092042,6.632947514907141,16.217932639129916,2.3558183790824025,209.97228154311784,2
11.34951884933357,3.6486904974730545,11.505700701102016,1.191355019523413,190.33527091509944,1
6.439565175371514,7.841177303691142,15.891651773443245,1.6610033170606031,215.8155644094572,2
16.541737090886794,2.3563107667615704,5.087559525427778,0.5616238294645363,37.841169309756964,0
14.25613915085649,4.024602075241202,10.000955834395205,1.032815607115634,201.07498484259037,1
4.673801629897891,3.898715019702387,9.017202301208954,2.131144131006251,289.7457694921387,2
11.39273839468278,0.4246773446060639,4.577739522344611,0.4519230709273224,92.629585258926,0
9.898584856807652,6.830244027564905,14.647995467295978,2.5778806083227432,257.3570407927619,2
16.39715172511218,3.0471252915567737,6.2451892226057675,0.9066665367123447,160.35444726141316,1
7.175052699690038,4.330389233255709,17.86137940738701,1.845159234480201,285.2247652192587,2
11.072085665680223,6.374650545820916,12.876984345148639,2.0750300707467897,204.00583597843587,2
15.283687363841388,5.483787414621013,15.610416078463917,1.0502394005172209,99.06200704096496,1
18.763163691800546,0.3982748755275334,5.638349020838361,0.8010675669034717,66.3934498552058,0
7.700878786146437,6.629965906065984,6.455300262692763,1.2660387562463327,201.2994444374724,1
15.987216290982287,6.383692691527902,6.062728973419785,1.5157351894842128,106.43540953015365,1
7.5968557989656365,7.7625530150829265,16.185312614129636,1.8816412776676288,254.22934990386074,2
17.706640643136218,0.7788081955305978,7.717165739235656,0.5468731866696448,25.552190963797422,0
5.6698161038364265,8.097679729588327,16.302205738952555,2.0818629328052807,271.1188282294082,2
7.196160900559588,8.543273730414391,14.704746474906617,1.5003266239709663,220.13920008138612,2
13.882057165633098,4.073915026447213,13.453292036346465,1.3366175832307556,174.96289432087508,1
7.191542831310887,5.9988555689898675,14.903045593453557,1.9887243359410351,188.725345721351,2
9.883386158164617,2.984752392846839,11.970696118958942,0.9832957786154911,213.2292202614846,1
24.34370678529119,1.844175081064834,5.00089098837509,0.4054247067172685,55.31539045375121,0
6.029103732039648,6.991095360296792,11.985841298395245,2.429622764041954,290.6201411960528,2
21.2698130450007,0.733711676493991,4.8132262822001035,0.5206001831327444,28.502402134317002,0
22.498329237268976,0.11917353129308461,5.36021093493083,0.4903013089577087,28.0324893048523,0
17.241838715678536,1.3959644140492204,5.836505109572001,0.6600618043857656,65.82145071369197,0
6.2197436180531005,6.923281552267548,19.9453760056753,1.5962518089389157,190.81239356606739,2
9.669413704135824,3.7020986633666877,10.927835155380084,1.1361840249207242,217.3599270366577,1
14.301188068469106,4.6455804065811295,12.1535386869888,1.6052981717182546,145.5056312448312,1
8.309909772233942,3.3485588862969555,8.930808978038185,1.6396064122585852,114.96545916267053,1
18.277402988984697,1.6450787288599442,6.593609666114131,0.8857534625303127,61.89319403299618,0
8.248577569189539,4.875306326020404,13.404058059782685,1.3826210688275615,136.13931924741195,1
10.989401384878398,5.827253559155404,7.642899337364971,1.6495401972411123,117.46417920196554,1
21.849049857816816,0.013939156307614109,4.593638526758239,0.4841523235915748,88.46539024513994,0
9.556812587848034,5.746003467337656,13.030914281447044,1.7113058772385554,276.91753535958867,2
22.02161709372399,1.1566761976085485,6.390041390176447,0.38066628904652366,84.63499651219016,0
11.3378137291249,2.400785870769756,5.043271967939531,1.4900869936034449,191.52282646356332,1
15.817621897756503,2.4106401233312655,9.671122448536853,1.2398576048001744,199.24699570009142,1
24.91174938954132,0.9906717152889476,8.552174560760129,0.5308837479402521,90.5060011015151,0
6.123182223926586,6.921275976533929,17.90870748529097,2.0042090210548373,241.66856550596074,2
10.330602666450071,4.620652259390752,11.33167851712866,1.566349725001226,115.12067889303273,1
13.901914853523303,1.192739997831575,5.531772596118666,0.8653675050394929,105.69660756124534,0
4.564389852438541,1.5478077970178545,13.525473478882425,1.077337989478773,148.65132047938746,1
7.1523180204925,8.589173259139026,15.76429195753362,1.6366817994031293,278.6439056210838,2
10.504205892977478,3.084471180001462,13.529346476098816,0.8005475101336641,188.40931873365523,1
17.49213176884893,2.449958846397543,6.415503870910951,0.5156299836158599,97.93574668658772,0
14.775845678150494,4.202381641132234,12.029071143024725,1.1886938637773286,117.879569812141,1
5.819886652943885,4.780202641736779,16.83537636834223,2.5633728850847683,191.51502358358093,2
11.746387390082182,0.7461196062059721,6.88236373283994,0.6287846603809554,72.62354828534222,0
15.28384083536079,1.950143510769251,4.070765405403214,0.6301739483809259,29.236958089355532,0
22.58356168110357,0.12076419875610178,7.50456732391328,0.6241949313994043,23.75978008200439,0
7.523414566952678,9.64936361450778,15.602665840901283,2.2013793601373446,197.96228005207658,2
9.36084791584633,3.790879558639689,10.309352747336911,1.1186110310557078,159.8535272296001,1
20.65904336494607,1.0407101614848144,5.346683328740816,0.636592979686275,95.84137359280784,0
6.738387782468952,6.150092569083724,16.359037149597842,1.8384929599685802,187.62065631379983,2
21.686184334146244,1.2134547170363215,4.321755441459922,0.6555091672903433,115.19210696646974,0
11.955918740923321,4.312206268403745,14.203312196392243,1.9600017002093528,131.8258138815761,1
6.179954716671215,6.912758955245374,14.811717886146775,1.6543887689718053,227.24378556691798,2
20.50579609129385,0.4496500900289383,8.72263119447279,0.8829921969134116,76.38364332561002,0
20.062473335798412,1.7218217390293178,3.184487639706159,0.8278925885462654,100.40140412438952,0
9.036637189117933,6.106079933325646,15.914420625670767,1.5080219180631071,262.56445602637547,2
7.394648484467727,6.651676551032889,15.551672266777501,2.0772606671433627,267.43706270208736,2
26.679618017405623,1.3157372238583849,2.6082338759296313,0.6666904002330211,49.09230255543134,0
10.644324092331471,5.839682591021566,9.803638064733486,1.5488633081241465,197.529525415504,1
15.89452316933643,1.9840004581753201,3.0705891484985703,0.8442702832158482,93.18791705646777,0
12.68871792322276,3.130763641835847,20.133304723868086,1.3547158857510406,210.47266989001054,1
10.309840648643092,4.444370953270731,10.92784780964078,1.0250994454902012,117.14881265875789,1
10.359003685098383,6.5492551515622885,14.53009914258239,1.679663352758551,207.84074415381684,2
16.773014479162043,0.0,6.119400944822845,0.6281308176620943,43.37240979920465,0
6.922172510180048,8.391144653787407,18.93611838896438,1.6027891723199652,286.30828532190765,2
21.057019054429357,0.967732871828765,6.490721448155751,0.6140285244657915,10.588388756364512,0
14.91190101783433,2.4720934578317686,10.408933886691003,0.9293285391855699,105.58516320712056,1
13.132093098405742,3.756784389914591,10.550784172921919,0.9872184848568453,178.6256737685294,1
1.0,7.3232402019792735,19.497633434371835,1.8064122060651442,225.67753760369487,2
20.984334461265636,0.3581759782883651,7.963921536873071,0.557517294158215,34.25175290993068,0
15.848680493938073,0.9393570039774517,6.945927067511575,0.7193393195843912,71.74049173264459,0
13.167522421567481,3.110155910371121,6.7864892567342565,0.5616839678767186,108.33268617369896,0
12.624825666077017,0.2877457215841025,4.871844471702567,0.6804436364275784,63.795324049421154,0
14.645576801107005,1.554334898425289,3.7882783584822133,0.8579066859310944,58.680006629622014,0
8.209277769099112,4.930461028100649,14.54346444610169,1.9389612001795442,252.9333254864277,2
24.663224076833544,0.8364360162518203,4.729491349212615,0.7505349840274927,66.14757379046554,0
9.767269899133286,3.0090770854382103,14.113296441735766,1.2053909745049411,186.69152091883132,1
8.00400377813312,4.439706156710425,15.196481702295067,1.1339106953054205,222.61994296688502,2
18.026148734543938,0.6440133429009123,5.551021124696506,0.4802182026590726,87.71232991355913,0
8.803996756420187,6.344146086762438,13.861666345517218,1.9019643899909902,227.09877614810762,2
16.174254492727965,1.3779250223043018,7.96823205707193,0.653342002317849,64.87852309895361,0
6.481086382313091,2.48213338707675,10.165624026977,0.9210456154822048,156.88528143142196,1
7.016386784448232,5.859782327594007,11.540827883245665,1.4249094064334606,187.40579378713358,1
12.066297970652807,2.5131720876281642,5.061411098863875,1.2388566234809657,102.39859502674358,1
9.343604340835357,7.74720433996019,15.851712879377551,2.052295029565217,274.34618767711254,2
9.597082659538167,7.921054395935812,21.486924268763058,2.5697038099557212,190.58811903427613,2
8.979198659180941,6.161161303067184,19.2278023681024,1.943727591798297,271.5952263070737,2
11.3433422290315,4.291736017940459,9.191475739822447,1.220744944840964,141.93584178387334,1
10.57790539226074,5.097908176141397,9.234225530013411,1.274477938947144,100.78052982626438,1
9.518517993686102,8.905597225955745,13.892624403028343,1.2115936355096562,276.5534041230409,2
12.201779878574692,3.481901769530954,11.512151013205786,1.4302427753442553,107.05406350970382,1
22.209199750718092,1.5005047469168007,3.6064563631408504,0.687303985062709,19.722344168297056,0
18.933547946881852,0.21610736344205395,3.943571970300435,0.4934501264677662,38.95707923135988,0
10.778952324579686,6.22093737092288,6.502077442958617,1.230807155024576,108.17031594215428,1
2.9388467763482495,6.491395908077092,16.880577617834966,1.8514123626069932,214.91874180629043,2
9.818445352041394,3.7998788429506174,6.801884911343819,1.4527466211705418,130.48273385583414,1
14.513305211078137,0.4324471980579627,4.422902608248591,0.4824369718313357,55.448976892849146,0
1.9391898228093476,5.135893175185762,14.423797075786753,1.7964654577211332,184.24092535316709,2
24.884134782101412,1.4656781627748927,4.547031802300336,0.456084114491478,102.37825141991789,0
4.806724982722361,5.166103978017112,17.554825684109062,1.7427133266906139,213.0773076290733,2
7.997529706979756,6.268397506640653,11.038742994751555,2.266951935315624,233.26029897630195,2
13.639432677278808,0.46827912199835,3.1943821460744006,0.7213897047362978,28.888098787105697,0
18.90809840032066,0.3779687681240179,6.457369594433832,0.5267704504151629,44.46827093436575,0
7.564755502399031,5.625560429493159,19.118324176691775,1.9871814091785374,180.3980045285882,2
20.11076372646485,1.1018923828297247,4.277154321146045,0.5642259948923912,26.814505310276523,0
22.886688256172942,0.09675858302621654,3.9509594674404527,0.6734061841841876,81.80207186370622,0
11.572737794737305,5.108533423172773,8.563305004570552,0.7665232487562603,183.09194931809674,1
13.530296193621819,3.312896742248167,10.499016597851968,1.5708614934778788,162.0791796226631,1
6.384208069923106,8.041030130591112,19.846325174279535,1.735813635038388,271.07479814539175,2
11.53690778167835,5.24035400258502,11.699507365165655,1.1076931690479295,202.00335695249436,1
3.5539079414175374,7.4668925495012575,14.414647006298829,1.6059058762148206,245.02571445272173,2
10.681336934742719,4.696622254714845,8.115007496231346,1.1399299993829919,163.94643512964433,1
7.84053173792627,3.3713881956239256,9.448034019691107,1.3516616630709624,128.62000451354146,1
7.04356760433355,2.797475290443483,13.366396966691429,1.3286402153322778,211.78061343799024,1
15.799983759595236,2.8347255650707206,9.660524516631748,1.0334180735960485,181.65448789423326,1
4.522831045250799,4.791819534525478,6.649177347692909,0.8856675161582703,129.75433571843223,1
21.11616516880055,1.808412227845221,3.83824373195297,0.5212245289232779,30.17449608387772,0
8.611500111650503,3.1040062762951646,10.017510496102123,1.4699161119088602,175.2978157306626,1
6.73076913387354,8.88089769576322,15.69819497453144,1.8410292897349922,207.43452696353341,2
10.302529468938966,3.417559547066896,9.119980406083789,1.0663956615010346,128.72392309796314,1
8.016552862380195,9.015732144322188,16.48503673300897,1.4152467610273487,208.02142303119174,2
1.7123491240730102,7.56168821079868,14.917569552465094,2.316582936067881,212.3210399699706,2
8.24973397471823,2.0654637621694727,8.100893798314955,1.516998584778308,155.24676345234639,1
13.561916067676083,0.4421526794407781,1.3689167409493272,0.6805463545415611,19.510325783216757,0
6.4418713954041635,6.110805541615466,8.188232218768851,1.0995447811166463,172.09979826654586,1
21.521525792865244,0.8473269450853194,5.13498736249455,0.6667629707030103,25.730123493229904,0
10.517395352511885,2.2216137506490448,9.846445463078716,0.7255934321609829,203.42051802361007,1
5.228695204493469,7.3773818769982675,19.153365243273996,1.6512523232543799,282.13241351581746,2
13.58857633298418,5.027489694755861,8.390328148566416,1.2604082486053456,137.06726052242388,1
13.08901285441823,1.9347069748474368,8.924789273461334,0.8325000334019848,136.23085990348352,1
5.332505518561769,6.512530833608011,15.055118762635765,1.7938145836978694,219.38474022857068,2
17.990977135223506,1.1692759763043146,7.182092204329335,0.5833899856378956,89.98859767429389,0
16.01940607258648,0.8547974702914662,0.6458699071142906,0.6267714995828084,51.23074167849975,0
5.73027524671683,10.526278039351938,21.47602439689183,1.3753536281563759,190.87493240642578,2
5.29930580405154,6.401715404333658,13.736687170588716,2.0498210459853095,264.25362602060227,2
10.662744726209517,3.6215749863631896,10.010514495005857,1.1339453657875795,219.77990094965847,1
10.933981764741333,6.344451561505805,22.57983250918183,2.0938420781806277,251.60447678255534,2
9.086085053672765,7.893747796765821,16.36373119546114,1.7335999376235793,243.3134797630059,2
6.779200191801913,7.333566623395835,16.481833906465504,1.8945499355783635,238.62756613984553,2
7.131754784032456,2.8544852208532827,11.832893032739928,1.2460797405762498,177.32682926207283,1
5.5676109727733465,7.2870433811674165,18.82669005270351,2.2073055369579895,273.0681777371318,2
10.165238087468103,7.127196450869643,15.054809171202503,1.9198536495595309,296.6806414012657,2
8.655550428743835,8.203499166826699,16.302207424364035,2.553266256604232,197.99652713561966,2
5.9913759329913665,7.107446915164254,16.7406607045968,1.7502128227583316,268.272972780254,2
17.74354079755362,0.7036539188716484,4.694999859699376,0.5481028753646263,27.342712947659876,0
10.780419224690519,3.8638175309960436,13.857229306399192,0.7232486146466008,105.50252179859065,1
19.099413890599916,1.1580631376411263,9.929755271715367,0.5549789573411262,94.1290780993295,0
18.26678637238976,1.1630581820219736,6.118218405229055,0.7308812387145719,18.948365870608974,0
17.70247019814824,1.2678705560196974,4.187998672183015,0.2179901832356722,69.49097703686937,0
22.185136992014797,1.0051378158487503,4.127228218946863,0.5835585294111254,13.405137001127787,0
15.256557811479187,0.0,6.083684178672635,0.8461739308637359,83.39335709135992,0
15.395901162169064,0.22834565405665985,3.696179929228726,0.6067309853489553,27.43897743499159,0
8.5013503090039,6.748274673482853,19.689010979169268,1.7761899274900124,241.60826223907455,2
4.711767622752923,9.213714468154501,16.456581339403254,2.315436252210487,192.65587560113033,2
12.819933748755492,2.5548042073852475,16.16975746212279,1.0587450509633147,193.3014828334816,1
7.949207846069522,7.077576827219781,13.891501561193676,1.8717268469425745,284.80095691255195,2
8.440894886511776,7.28072112957705,13.543659801776949,1.663085325369253,241.5832265633954,2
7.602002467836951,7.860651641716877,16.23423314168797,1.9812764028122323,295.62601657956657,2
8.157170616425105,3.424568109923885,19.41236172377139,1.3861577160709926,297.37882507641865,2
7.232856343159991,5.551813702633867,11.948828320295686,0.9952963080362203,153.23318286884125,1
6.425828267355763,6.272141312442788,14.800619936537283,1.6844098209841567,211.4185878696959,2
23.98357366235698,1.1276865979206652,8.532100608104574,1.0179074906719987,73.5664789585,0
7.891287008980198,7.931884141305294,13.365594780782068,2.44617408047949,267.6600201469923,2
9.877266326944458,4.322401510124602,13.486573157957748,1.4703888633618076,117.67924712855974,1
17.16168058100331,0.0,4.5659658991512595,0.5537275817316271,67.11470278582257,0
18.403552591189,0.4776825820707503,2.244598453766295,0.3213011937563393,55.21231827921003,0
14.114584644587286,4.4182848931540875,8.919169459369073,1.386759403181158,103.7742684747262,1
8.313732126619003,6.6285826953378235,11.87747964288537,1.876549019159262,292.48791306934334,2
15.109154903791632,3.8453144214755386,9.195631872946457,1.0671997618070288,187.73386278743212,1
5.093353086526909,6.516895262719532,20.492487147740356,2.1123448961914453,237.84921878830545,2
11.512580403965622,0.513742410324454,7.593989093122218,0.5965697906551677,46.872885210796,0
8.73936352884083,5.735199603567004,16.806519170675344,1.821813060658529,195.8284726596961,2
11.699481693639731,4.257911157732047,8.620775814810882,1.0982735116419517,212.9802851340762,1
9.423908105329632,5.911248543793813,14.519926092824461,1.927000084893197,285.29381803811714,2
10.580635486171932,3.1464319840013477,15.190515414956863,1.6267680986527542,110.01663686669778,1
11.702054595934754,0.9823721087965837,7.243723009588504,0.5719981556529833,85.26299827073353,0
17.644532693045214,0.3301900551602397,3.7842494786483645,0.5191315945276532,100.82820467167336,0
17.22256811706648,1.2639835687654855,2.9843722025251376,0.43243887863073804,37.495264103738336,0
3.478039560315256,5.63302410180689,10.076374647965856,2.1220351965043363,229.96911353733674,2
13.226503355796583,8.588042839637108,16.216598584749136,2.2997230175262144,207.694070701641,2
8.32253469395483,4.521863608436302,12.504752042280261,0.7954656752906676,150.8791231879946,1
24.00051734301593,2.9497940607393756,1.5816728896190884,0.784463269583697,98.7817722351464,0
9.568027332903982,2.8731362275576355,9.766275861006045,1.4831104903199523,140.9766591060054,1
7.846469605036253,4.048694371946317,15.776951455576233,2.0049926606877064,206.40479086255453,2
5.2787017361705395,5.3696294576249315,13.136860830092115,2.0246613981511006,254.06662310009543,2
19.11287438513546,1.7754954419264435,3.737194888866884,0.6078789552322974,10.258222125419847,0
12.592269143077745,1.3296449166678692,10.681401486080345,1.2260192283921565,122.97702968582054,1
17.95037914150353,0.28160988676448895,7.891729319284062,0.6024473402528665,91.34161565626,0
16.02454930066059,1.3361532343159932,3.287003525181602,0.6146505565122503,51.509949447631584,0
7.489549682223397,6.626318494766922,15.53257275345428,1.8029938991683854,216.76594725908453,2
11.636936906971307,4.872605511440739,8.78888969800628,1.4487447105178626,150.29147765691997,1
9.395483873254342,7.527789144169863,11.54094009428028,1.9722069466881633,220.50585757203902,2
8.699043973988248,5.69990099400953,16.461542980649924,1.7433784286504919,222.10173888626156,2
10.20108001553639,4.494343598874171,12.554773137679593,0.9270958682062573,111.41542115540412,1
11.504028727497458,1.3308930060573445,9.271173460154731,0.6423051328814013,56.01993422716724,0
8.496173894486422,6.536284773776587,17.628387551650338,2.5978567176590848,219.07374085529548,2
4.2233909833730126,6.218966356721284,18.64141331628518,1.770191661817518,239.752627621456,2
21.10254063154963,1.222978427976529,0.09547079736853359,0.4648059272002998,40.074777912377684,0
5.615435061228563,6.94161556872986,13.497385099706602,2.3269184827026255,203.92376780965958,2
9.453286030888606,2.4295790428130335,9.53949791329065,0.9400656690142805,217.82348942500408,1
18.62914193389292,0.3581781846227048,4.677428576667982,0.6606076285221807,67.06696839177027,0
16.1403698687562,4.6712264916585235,12.4808381828284,1.5678313756002205,197.54600413335208,1
10.451650074385697,6.549467475794817,1.6785551801982503,1.14611408357831,214.2825623632537,1
14.967901219084858,1.585280881726752,6.862539191991148,0.709786485925855,84.07617018025759,0
13.868832091239923,4.769849973923215,7.638891163200103,0.9065203052201279,211.9384225097346,1
9.35829143247135,8.872983630834458,12.095360850443964,2.0283900020069416,231.3900840311884,2
15.201098939639145,1.559135748064631,4.180397512412934,0.7175038065786047,86.35448193738605,0
6.636109123315163,7.895584149607811,18.681285392163492,2.386047605487012,243.0247283348506,2
16.6557513915999,2.139596656997558,4.816587951709748,0.46683457326921884,53.392732992274325,0
13.301380215057028,2.1906442664929715,14.518699706190661,1.301971478899716,188.51572974025459,1
2.2660620849872766,7.114288632173084,18.68041868327797,1.7440174487733378,292.17990891262906,2
7.082088656207654,7.171173625200025,16.671627035406704,1.8898173271327272,198.38787842815333,2
22.153296089587705,1.147398331155282,4.041897885276493,0.33397434990755803,12.410466165250984,0
18.40743195764612,0.5104623028705839,8.619029837037214,0.3788644081656885,66.50786407368352,0
20.473244592466678,0.4451672884302518,5.223199433803027,0.9557405370251655,99.88123463028764,0
3.3681360079603544,7.313990277237806,14.482934820674648,2.0495532412603543,214.77115224343873,2
6.0034711471175015,8.515196071522375,11.248313226736451,1.5469240323605247,204.52795426511273,2
13.04017204872585,3.595568350382348,11.488745698736285,1.6448498599157722,191.75564234682494,1
5.815783727931285,4.516435169807798,13.823959372115024,1.4774165416540264,162.54636683183338,1
21.229614278878753,0.3403101996521912,5.553201531022362,0.7793220976238218,81.10481127508979,0
7.850946573766579,1.4881863731306093,14.524248550432063,1.3534245765065638,116.34734781994962,1
7.929125455330189,8.482484673409544,15.521913702086064,1.7088738400183934,213.43022074164787,2
11.274966106460187,4.417021643086322,16.10904254396865,1.4260592253302047,111.9216674150624,1
16.451670461303284,3.437043140647045,8.49050944286093,0.8959182472936593,119.14239597709724,1
20.931485230961005,1.5766176678705737,3.0820475129311045,0.730937752099993,89.13269711323024,0
7.401648579348947,5.562880930537959,18.013078034166547,1.9990449848175815,284.8931553261781,2
8.728730692779191,8.39307674834231,21.283033691002057,1.5371743996854732,249.23342911727525,2
25.60159917918113,1.4433797631568317,1.9112452933032276,0.6198409185746132,83.31741743623384,0
8.727178711840196,6.0220753317166835,15.876753282177146,1.938442126903603,184.69746163308199,2
20.866499901618475,0.17939785308777811,7.20164279684521,0.75920564473097,92.88193217255564,0
20.495669705370577,0.366632519545924,4.591409333396326,0.720587899632108,42.59583820897801,0
14.41748163127432,4.052831149074172,11.023679898077452,1.2967578789767902,177.4911831251968,1
16.37166922519787,4.624725661793205,10.873155703079089,0.8040777545898017,195.84741678977284,1
5.282827548740029,9.543273728874784,9.858499344509585,2.3366228446516084,286.5966182755977,2
16.22777276613095,2.1231669909274347,4.9628983909767195,0.3489743067014665,43.09661407984466,0
13.837879132011338,3.9005356193501615,9.037760885563461,1.2500448178554833,178.63180575760492,1
20.2875237428755,1.377151893195872,7.11403256589627,0.629819188250828,74.14163330078878,0
8.634969961540639,7.733859663118534,10.101854761096245,2.0330127946307126,237.42704580964232,2
23.106584113576588,0.9550925736323321,2.2208016731328692,0.756137112421106,67.78500908957935,0
10.186242113020066,5.847787909760218,18.29537192183112,1.935512765599716,183.05290813589272,2
8.693707486359802,6.225960202417408,14.164513549780292,1.6562855935929883,213.8773269425048,2
18.182066801183755,5.635657985532101,9.784813054566998,1.2733306043937054,141.2373215676805,1
6.713153567082141,6.951016144389535,16.192884635762745,2.184058438493854,281.97627129628245,2
14.812664611328108,0.4742306334311279,3.468509362587487,0.5858372606795929,114.95448057281799,0
24.23282818777563,1.750048097763812,6.267223081151663,0.6131953231579246,64.58846281705976,0
7.570563902334989,7.483030719482821,12.478546008704727,1.3972479506344455,269.51578169739116,2
15.045415491543697,1.7684623229671874,2.249549764075588,0.5731524837912464,33.14092896828193,0
16.133931896260027,1.3337523715060513,3.6226664900741135,0.5906014565696333,119.43529488867439,0
16.52695615360667,1.0782506344746459,7.207867093403815,0.5615578763622641,104.17689841941262,0
14.76580913402285,5.021691924115185,6.052607775345576,1.0602147065783847,157.765204895943,1
20.66195757249024,2.396923023640846,5.99720963697446,0.7130603455767672,108.42381857137445,0
13.765308540720921,4.5250074441676436,8.267973952874998,0.7470020488262379,154.81399820526218,1
23.72628507472426,1.2090133473055196,5.663885113333728,0.7198768229858099,33.23550146202241,0
13.597051376221831,0.0,5.049942524741998,0.49902221453053675,65.52134229183869,0
25.44270414443082,1.021242683039575,5.045715019690247,0.7106269340434277,114.53071459725477,0
11.017818838192255,6.842769451089306,15.584297129807767,1.1297692270783,295.88804414834755,2
13.048949271442421,4.241240204459885,16.331027956289134,1.0125566386392333,103.39482702676307,1
15.262559310751909,0.6004925611269032,8.405392976695872,0.588788374777475,64.18259778286273,0
7.624159107568488,8.095455619958768,17.035417928962175,1.9858048466191127,250.05137050535828,2
11.579051315858521,6.421367738551636,10.333670004522574,1.1018023274782813,199.46504186871778,1
22.157607952837633,1.978238908776445,5.945114798767645,0.4828545439259768,84.5076030689668,0
19.206062165939755,0.2944827027654925,5.373719404464137,0.6883677268158983,98.20084898630667,0
13.325602964487219,1.846982823907103,4.654396525207071,0.7157880232255013,25.76096045729052,0
13.989820143793434,7.122975849849176,11.432766458659014,0.9248215073468138,160.38648195927982,1
22.148363332244575,1.0413011013689664,4.588544818344054,0.502497499699432,34.79193948074424,0
17.057809661871996,3.731689864115358,11.54462570898838,1.4047910643638668,108.7025465648897,1
8.388237707702217,5.833916847342762,16.603567178201327,1.8803308221910764,273.6945415175751,2
12.655016251326483,5.161518338517988,7.846440356937894,1.438759143702368,178.16373599657885,1
9.51809000812781,5.669256117455718,18.969852563200323,2.3575909876223773,254.15466252519008,2
10.310136683652988,6.242776952351955,13.039876942857273,2.0937204841252814,187.02085817393237,2
9.333420905892975,3.808301802410096,6.957507345619095,1.3016927681004784,157.90852431568413,1
8.864750483294374,7.257881273361168,13.191548661775363,1.6571066620889063,284.34836939311754,2
15.898664437870188,1.4474698596221376,2.0032620290683285,0.7714979735942353,33.232908444674685,0
13.116500287098326,4.686347586367,6.978605884587758,1.7171018705075864,124.05682335620727,1
21.82355108832643,2.7320018759208673,3.712963539239714,0.7391760192121856,117.79673622947357,0
13.540905101595456,1.880081536703261,7.4049710709674725,1.0447960281182165,142.9325860178538,1
11.844135687297666,4.337618016987492,8.965050514128798,1.2681086581166836,190.98807802827753,1
27.616546358292027,2.300767132289651,9.437560466896269,0.5761432184399923,35.28093983773803,0
10.3929386455693,4.569584374908814,8.467426973192849,1.628145074389032,203.42766719000366,1
10.074100898002559,1.9810527628756982,9.090657035449855,1.4268860185806687,219.76572430742146,1
6.017551170765774,8.011757549732232,15.174452687840962,1.801578888890597,296.51839822843283,2
9.281925864730816,7.67749370992629,15.041462650242895,2.054458353980548,281.9293905539183,2
9.191746909953652,7.50183645180682,15.371414855448833,1.7229922092727534,268.49845033993796,2
21.340954748279795,0.24200629202098034,3.747619935556867,0.6023068472058158,40.378651360298946,0
12.88373040162096,3.2237964349988517,8.112401179089028,0.7680884110145894,173.97144402412198,1
20.125583462131107,2.2860626451196087,4.958878885298986,0.6433775509678088,16.406161390230274,0
6.424831704815806,6.689868394856093,15.586642416423159,1.6493196277936764,218.50380540287637,2
5.478696341967322,5.204141741050552,22.178628465597832,1.956258928090879,188.06074042740107,2
23.027154719947927,1.4899750352108818,2.9666337428470055,0.5633879289488698,12.466847807826063,0
8.649768075457569,5.690421160484159,14.525768749931313,2.303944178666809,226.07441434601066,2
8.902554777753062,6.508277034640963,14.449808687434437,1.8300592202364845,233.4050529012288,2
5.674713212343945,6.76234503380915,15.049278854182894,2.370295107936251,264.83149622258225,2
5.635956370271897,8.808054333676736,23.039203971980196,2.096915590252397,253.12364538291047,2
8.293740929793556,10.207082817451006,18.13715003459937,1.6637015224568779,216.41531815598415,2
10.398230037741495,7.9435569759372555,11.738508142545323,1.7720432655729719,266.82711503933024,2
20.407004203086554,1.26672720991417,4.887888868119606,0.5426109925668933,106.25095697183673,0
14.7422314926721,2.8155445852764216,14.847617470366941,0.9105320099440847,151.87761974539865,1
11.051110390905466,5.390400428009562,11.52426314326236,0.7227462429423912,196.8837777561754,1
4.462013881784853,7.67607343004866,18.879188980831803,1.7698133508782568,190.54274211918175,2
13.085723509082964,2.5331646315948952,4.46874112362211,0.9542842070643582,163.5323486868756,1
12.161692041099618,2.4084854056610117,11.672225670553557,1.389664894209555,192.5156294641012,1
7.414236053208999,5.86862395885211,10.226227386773997,1.3466968591980135,211.91239195964272,1
15.528032955593119,5.361722337840118,11.290428922946115,1.3525605952881392,132.92797927080358,1
10.361328946601681,3.375516411712659,7.446896434871298,0.8790172345814649,136.80851416159467,1
18.21904320901057,4.519809023181765,9.843967657548864,0.9844730280945468,197.59724762399526,1
7.776043610597261,5.812413589166357,20.18662474023415,1.6715285418721215,228.65657674643745,2
25.262527448752977,0.8841272986113601,7.2461063950529265,0.6580900950651795,64.34128376592362,0
9.387547316527167,5.118048272524194,12.792647017903537,1.7685944314620736,270.88101368070613,2
4.136540606950517,11.236250514104094,11.038121321151056,1.9029441221189212,262.21934407370236,2
7.049154284546287,8.69062873832835,16.68805128208821,2.348138304360438,211.09441251257073,2
8.840507552489594,4.416455749116245,9.89019201191516,0.8609867492506905,123.65553645616558,1
14.130895735863104,3.9661980758171937,7.96019123711615,0.7007372181898401,192.30438536227538,1
14.135872400151795,2.8371387381549003,9.300148050528191,1.6427198036977035,180.74966400222434,1
19.023886591315463,1.2357754023218412,6.386435203317408,0.29584840924937267,49.54974589720038,0
6.754195408088228,5.455423801799281,21.718847848381426,1.234197902514003,256.1622737240643,2
11.184809880390874,1.756322005654011,9.81009033165599,1.176423482125693,155.5429866439456,1
10.109303779060683,2.1154299455584353,12.914032853624445,1.6185305719506893,159.19053019797073,1
7.81340736789658,7.992667719368933,17.550086602378858,1.5137412477822372,233.70557776970685,2
12.744775625285051,4.051236729350133,9.157408733275108,1.0412292898430964,203.0296851499254,1
7.578527520433129,6.962250718891019,12.56995080472172,1.993785137040328,202.80111537975029,2
12.083176563037348,0.7848670442417589,4.97554482956015,0.8380991481165325,44.10374264136951,0
6.716831161411323,9.65596280869401,12.598160992096588,1.9241155116290964,289.76291096498784,2
16.575320637353,1.0284528592263948,6.304612303220461,0.35529973343743904,22.04306026758934,0
25.259119302386015,0.5475909694258829,7.394372969244856,0.37858993623424175,31.12176932140404,0
13.623579021901293,5.06928464909259,9.537879909919083,0.9638022261935763,162.70924336998752,1
10.130206811148488,7.750499810980938,13.676195956344065,1.6018524133428187,248.34253759596402,2
23.366113368159038,0.5058907124846026,9.375299749100039,0.3158290396744553,57.60976024304162,0
14.411390773807394,1.9776522193569481,5.641753022369154,0.5753158545565988,12.710884509995495,0
5.345046497476341,5.434118529626525,17.679435285792284,1.9427864178006649,260.9690072925706,2
12.380256890328457,1.2060265225031876,3.826942013814728,0.5721171845890655,118.82844654462431,0
24.68724057309538,2.1984781067902275,3.367690021943912,0.3817418092364172,21.32407591703148,0
11.940336618443583,2.452750770532181,11.792288606586663,1.188752768482554,146.3846247764771,1
16.147937495735494,1.7817440006504586,5.083960128940046,0.5794092274353275,29.482174734775384,0
23.44574610253122,1.201053318590482,4.5373981141406015,0.5135370635497734,37.31162275939306,0
11.86799705731981,2.689879767588603,3.4202313816661603,0.5997141550516863,85.28788971762383,0
7.954662912846383,8.546974092900237,18.22975631686915,1.8785828092854513,279.6895865664667,2
16.544080603695686,0.898773936202352,3.179351316143432,0.7042747872495211,31.66489932295935,0
10.986554717425792,3.2470951186883523,13.68656965060168,1.3383234096889305,206.9025399076034,1
18.190151070621322,1.6216398359228865,7.091142336692634,0.5486787431091928,44.86142056719054,0
20.092322635801683,1.4999228757232344,5.386897149983592,0.7964797754150301,14.486351477906991,0
8.597880790796776,7.237837278594003,9.593329514403013,1.7949140381817938,255.30437879344512,2
23.679310040590654,1.2510895707761074,1.6363593497335418,0.3362101500008779,91.13405317477806,0
23.582102149667897,0.0,4.605264785981022,0.7750813625470737,11.975365012516605,0
6.552661451604168,4.206680010326728,13.903401458674018,1.6229798582424757,187.44941808384434,2
13.377728419137933,3.1350582438280137,11.777022309464172,0.9666653508886802,152.31579759805834,1
7.862770236801046,6.791242305971349,19.121048862019713,2.1437030187161303,270.9006361146572,2
4.336462019224214,4.566402254866147,16.69964368074504,1.7932543493985365,223.84071163328406,2
10.440976565389095,0.906048579831364,11.334574661794967,1.1885216152607532,95.9155509127385,1
5.218336639738436,4.077432239901773,13.78385420337284,1.7379582881609168,196.67129758954354,2
10.253815997720963,4.478852968775831,6.039768436788095,1.1283742193809696,153.09483662747436,1
18.093794307123034,0.0,3.212809972561759,0.35379298265968545,26.55450478798441,0
18.42647080902137,0.3900656395176685,3.479272717567739,0.5409582626950484,31.89905441107535,0
12.486638751738672,2.8426038160124776,8.729369999827659,0.7323591691746247,172.4265660798735,1
18.482382004056632,1.2656521993315253,6.762366686084013,0.5429637666104695,27.04178422577869,0
9.089052859636281,7.21899387146896,20.197292437790242,2.0862489835869598,207.85667428383994,2
10.546114306199756,4.172101156817772,6.773048549275337,1.3009749136377105,197.97583226487868,1
24.637524173202088,1.7784812488120576,3.4418145212465987,0.6304853931879046,84.45595034103341,0
17.230998682936416,0.0,5.206876258616213,0.9063114060215616,104.75902546234566,0
15.648876258952953,1.743586005875816,1.4742661422579197,0.7716202803924627,20.074028065929756,0
20.96784908626414,0.0,1.5501643349739345,0.5156568706138541,77.30381841946175,0
6.782827046344114,8.547608470771088,11.65935109971789,2.336090245262484,189.32543708266687,2
6.556793219634701,9.596222789567115,14.001048350366123,2.397781199265757,286.76827230046865,2
19.628068833641994,0.8032969953996527,2.6534608879921397,0.5842812124657908,118.31199253499236,0
6.446284271544815,3.298419285636138,14.263537290391348,0.7554443090672944,189.12833802221687,1
10.930718638424764,2.1697774760053625,9.415631136150294,1.1084072539444305,103.00235170316189,1
9.046866911129019,8.360910527187563,17.51434408274521,1.6972364906943065,260.72257675108307,2
16.5598560177429,1.4370401815182334,12.27936171085923,0.9481417325947028,159.15848137520163,1
13.440190853712313,5.659833418395212,13.798990803868866,1.4129798244441711,105.33726992681335,1
10.965450742780378,6.795540980144455,10.511696149623997,1.1895444148526984,196.74607139530417,1
20.2284713622047,1.227860222898909,3.889110414269997,0.6032798613273334,72.61532333005928,0
15.156633467871176,4.116920932356764,9.319172601586226,1.3200000016840698,150.0782615250871,1
14.56937943944636,3.9833654385948742,7.404372838443259,0.9695234038824689,128.69638577081085,1
9.586195042482185,6.766416217798986,16.901978346657902,2.441907147811767,181.97232695187927,2
21.509185061841638,2.321080789183592,2.346336467728206,0.8765573696627769,37.250408845127325,0
9.629948709554377,4.831378252361107,9.148879814905804,1.5571424955580446,165.0200675421295,1
5.583033319158786,3.764184502688597,12.1695789280862,1.1587116353227676,208.39773565595914,1
7.128097690035403,5.639906551974859,17.30783897169801,2.1002149309421707,292.0497162299678,2
10.085133508149825,4.979865421078718,11.917879009796321,1.0041386892289181,179.1634191800872,1
13.697215513361854,4.043011953829659,10.79888606932187,1.0209038906863404,215.09433014457235,1
5.826768528880495,6.0273777865617815,16.39805385739923,1.7348644381932363,257.0468576084888,2
6.316439250157031,6.190105649666101,15.869120587522769,2.196196213487703,196.27646418247565,2
19.628223173545646,0.8083984623826002,7.233667551059908,0.627962425461607,83.36201922045488,0
8.302379539150769,4.946301006427455,12.175445286963093,1.9455457278231276,228.68182806025564,2
18.00154562710907,1.197447454544682,7.630188020215607,0.7926886078027708,115.18432910079905,0
5.9140485864559755,7.441681895952958,13.401896664329824,1.983623726239019,210.6042803563752,2
10.95742136847604,4.914726271913075,18.190318293998498,2.156871795879682,296.1344630320139,2
14.260153379954076,4.1605468754381265,11.731579951563184,0.8312946190340442,188.9158914849612,1
14.835935313707596,3.336916784657377,4.380982507208138,1.8133444671599832,127.11825932299415,1
20.060908082469798,1.8382809051721254,2.7245240083772155,0.6036611009299743,118.10134950014246,0
10.997938997287186,3.0685893221225355,7.381185116028218,1.0645228040258763,195.3394078533512,1
13.028247016306278,4.707204741680619,13.195308606196113,1.3815293497888752,123.42490619053885,1
10.022928520020988,5.594375693853572,12.452401380095118,0.9259624261103332,144.55739798044488,1
23.040091769764135,0.6846753830521619,3.4513971557902905,0.7216294673397523,13.99748231478667,0
5.392938077145816,11.12984426620481,16.235719662883376,1.726833713085366,229.1254898124277,2
20.117075935619308,1.3450760799022108,4.487194888935408,0.39943873381682427,74.32324891710351,0
28.9756851020122,0.0,4.572207022711363,0.7878743593724999,72.7938328098744,0
17.042514370163854,1.9535194675308585,6.900031657339291,0.63645070830816,15.456649918443102,0
6.197759387658181,10.106698890641152,12.734936646780985,1.8994692931422275,276.68829862516895,2
11.285422068928373,9.159396891145203,13.774538074894725,1.8617926995636664,287.201154336503,2
9.433551912223257,3.6716468675280782,6.843011591190415,1.0573396659793934,138.52964871597536,1
7.651159061749517,4.451846040312532,14.178556970118064,2.19353793999548,202.81129076256977,2
5.963710958571241,7.5113091208176845,7.563807180206219,2.150581722372594,217.3381893924456,2
6.316256548583091,3.807953591704787,10.976455336973853,1.5298753392983009,149.01128502658875,1
14.575854219421062,1.3316754804324926,6.279806801967066,0.4026171386510642,101.29335525336877,0
7.193732064951751,9.768099521875568,19.0860961476697,1.6234846490554253,273.5898934926492,2
26.93005999794037,2.785040116954106,6.276102202881514,0.6751266712416685,58.448548534366644,0
13.942817947701212,4.59224475304452,13.11618117832655,1.2604588817347506,173.91377009162588,1
7.631479127141588,3.3703653756455965,18.341400365940405,1.8821515100558583,272.31967065895617,2
19.70410854562249,0.9394675165393358,8.945084353579617,0.3921018086401503,18.86769456865619,0
20.8132117742763,0.7722535714619332,4.12378035151281,0.6209665454649353,49.60555124910762,0
24.742816618651986,1.5751626485320536,6.992095371611633,0.48648073671458086,78.71299257396902,0
4.415141674799774,6.379598928512099,17.130150543608075,2.1073787473026413,183.04341325928738,2
13.3208833117264,2.4117495474101753,2.516997538101755,0.4775541886417731,51.76616489839936,0
5.217898965584741,9.340829439875431,18.624612625927654,2.0406325618340526,252.06554868012435,2
11.112084620363218,4.761140719818686,10.084406536603765,2.0288053598194504,153.64291780958874,1
7.601936753284822,5.805802741685568,13.362540402719361,1.8594866194411677,268.84374865873133,2
14.225771863265098,1.5495001785623148,5.972337195933001,0.5512051613514654,55.75050197272604,0
10.707011399340562,3.713673361942447,10.805239821083687,1.275285306213613,118.56753902169433,1
13.639196855001815,3.5697489669248683,5.649510498889894,1.1396883684400094,202.5040646324977,1
9.300257356787265,4.809571140911782,13.878433962119619,1.9224044918362717,285.7090517989321,2
24.752582938827935,1.4293948984099691,6.530780428340868,0.5712267812690041,68.6331753970754,0
9.239132233962184,6.282651088212357,16.87261357193226,1.7048374011875291,215.19939998478122,2
17.8643635947328,0.0,5.145993511946715,0.7170117269574874,102.62366238140633,0
8.024528534406715,6.5261039672014025,3.8154306636632516,0.9599474104007688,92.20081581531956,1
7.866927348387053,8.001091657086752,11.443014510228393,1.5767833108303189,237.5784217688928,2
10.181142029612262,3.242800772927238,12.33756273100241,1.3978022985207335,116.3207804724475,1
22.27376402502462,1.479675290625195,3.9857538798868193,0.5645467894366506,54.32781966416776,0
17.62475436772518,0.8674948717458942,5.1571540594383,0.28068988583777815,27.811530729543506,0
18.893456523354214,1.360713100170012,4.052270259680942,0.5451300490809746,104.50229334116081,0
16.984141644533295,0.7754599385065808,1.614086371609229,0.5852490559807875,41.33601921581151,0
24.794565487964206,0.0,2.493303613756228,0.6522966516501331,49.84589858175172,0
23.133562037130382,0.7987688911644034,3.8049796106167166,0.8133554792547761,74.97016173941016,0
12.59465198316246,4.390311397875498,10.445643710777917,1.1094800838124093,158.5488873067432,1
20.57140405196832,1.0080143387995237,7.690762495255441,0.5837392810687825,57.52740135732795,0
5.9181455428102625,7.67595150989021,11.044949534527012,1.7436497898975556,249.52363407918568,2
17.032066287632222,2.0333081814083576,2.7290666083796604,0.6731858167611279,92.43063803094526,0
16.992576164351696,3.4287249306665597,8.528163297920042,1.1151722017111894,135.81603332185628,1
7.692293887904802,5.8351850657047315,18.239184620566608,1.9795984164999698,193.67347364166147,2
15.098046083124693,0.3279519715665551,5.0545112647211585,0.441566393899795,74.37869630608311,0
18.91783975790322,2.320789400981475,12.389291099926332,1.69919588394243,204.23068589738986,1
10.165760090647245,7.562773468676627,14.469624851908666,1.5474514011616347,181.99394720725928,2
20.19544028130282,1.0324733529631058,3.5960166243864893,0.5005648623673578,77.20790877360909,0
12.574368408449805,4.882186278387102,8.625522014220358,1.5637430111886028,151.3395867288898,1
22.165630275490354,2.153373408760042,6.568255181729401,0.6465886888309054,73.66874299631345,0
12.639689021976988,0.9741755111604238,6.281085870149547,0.6184617302484271,29.185019382264947,0
13.89737474171962,2.010067282741746,3.8962837082151065,0.9837298928502378,80.65580784957501,0
11.624758404089949,3.3519827937159254,11.298455623795968,1.3801529391681562,157.23027616356455,1
19.317013442006772,0.0,2.0866371173518363,0.5367608906163595,31.952877748553263,0
16.696798999648745,0.0,8.195811720392816,0.502893409402805,66.2689813658271,0
3.2807568923976427,5.857025046810744,10.681410926714188,2.1800738865504434,227.15419630306704,2
14.324998165634389,1.8339932938715369,6.807064981251685,0.6028500496593224,37.42214520637624,0
11.716480373192757,4.3861162713566815,11.365624744304942,1.2508850420152924,115.95575926436717,1
20.409938568632832,0.6137379273544653,1.4376831710687332,0.26542979713133114,18.46661013088191,0
4.9783888589763965,7.3007335075251945,13.8595898521322,2.3966299242709357,216.86500641878285,2
6.15798038201423,3.892796961434745,13.33614052630962,1.0345452809691058,209.43408741339795,1
9.122083718367161,7.427328849572976,16.175811818577156,2.2386719787631666,221.6963569797146,2
24.200442384435657,0.3088390228633552,5.856625924946993,0.7348703570531238,75.25437271181227,0
22.335712741303855,0.7125663273703524,6.181309661384619,0.7663055370874361,103.5639902003666,0
11.31282983357493,4.510447728158786,14.537097392113807,0.8524292527361007,132.89090270952173,1
17.703669691650923,0.7750996120895309,6.158693519513552,0.8118040317814874,72.73437586091543,0
15.06437431204613,4.986810758425062,12.095197363988204,1.5350938282920386,127.94824979274468,1
4.858491247322995,8.449139283034482,17.68084268103686,1.3041128164388738,192.2895747752158,2
21.78480734515792,1.0152653022238143,3.951280088636833,0.6808225392271684,33.48912256723465,0
11.766617731687747,0.8798551597612203,13.76423451201296,1.5754586607641696,200.23014109619342,1
7.1033899890869705,4.863837002616668,8.86779644484619,0.8979158851174203,143.9756930884482,1
16.195262518448175,0.7265425438030915,2.9861452781097118,0.6071737979677024,112.7386160363879,0
11.064947322274659,5.39252626949741,15.970014062866479,1.6367793952041954,291.69988989809855,2
16.20433391670065,2.3978905583324464,6.864383128520769,0.564516706917158,108.51191329450226,0
22.00366931634343,0.21414058217857923,8.210711924723613,0.7835904516356835,19.680663026259747,0
19.178851634047597,2.867330864101632,5.58372352400003,0.7349197456722368,72.6315097300511,0
21.581683941552154,0.23394483598783045,3.821335537145276,0.5312042045848373,85.17723566729975,0
11.953903657059776,3.56118959832807,5.632255241602583,1.8311284430837382,190.73048004943286,1
6.739608934390477,7.024661392929072,13.30620731985983,2.089203958629364,195.55014445497156,2
8.992305450007333,5.631994324674936,15.944804207954052,1.7232629467776182,128.67675566479113,1
7.396157234063199,7.719031388227753,14.363033816912246,2.1336048237177367,245.25482279158464,2
19.267398115786822,0.714661492656103,7.361281824904289,0.5059029831073045,119.17660821781685,0
17.567093970220963,1.2904925021956188,5.62221998228639,0.31655260618557707,72.08582465577224,0
15.085830933910133,3.1073687330525015,6.557975451036013,0.9693175125318232,111.97750738738175,1
4.5655057551485765,6.327575970381739,13.451986455804475,2.20897644310365,209.42154484107385,2
9.340631451203032,4.599877793478033,13.322580744508505,1.9394139504755092,275.8695801343024,2
18.924445237780677,0.11477927300666368,10.14671960649972,0.6088827651021732,17.378412512727024,0
24.801046998955318,0.6294709103316808,4.177146785767995,0.773085110138362,60.503642561534896,0
20.490681263979184,2.2997427667756485,5.6461585462320585,0.5621469746810568,106.7540040446682,0
15.577181326056257,0.8280631757690118,4.383931431628517,0.7169490798404009,26.990572194565615,0
8.850581099370997,9.032339397282758,14.04857800162235,2.2749463291161036,201.53193265625785,2
12.354047892323718,1.4805140289036292,4.830090639042192,1.2719805833174778,208.50759525283564,1
12.082800758496848,1.598328204894027,2.854513948520387,0.6358870296166724,58.84481241224232,0
17.799538868253844,0.88237966125532,6.681468964259098,0.631170376102997,52.153690254197684,0
17.32499314568982,0.8203016611268179,3.2450905199937994,0.2393175711224415,15.79807688387829,0
5.396479097962203,6.898593813473733,10.197868234757141,2.080067512523631,194.5706546797515,2
29.258634266694035,0.0,6.372520380749027,0.35809261932155223,13.355027493295438,0
12.067538923193183,1.2669248717810988,9.628920431464651,1.0881773267913932,113.29335770129194,1
8.222466836610632,9.998294190026407,13.10448068558555,1.6187053773001665,244.63579770387648,2
7.133339510827571,3.063383250934173,11.554463496756116,1.9472552491998398,220.77671345949148,2
15.784658018542618,1.3422515161223225,1.596195539963329,0.5157993005336691,91.04740255812168,0
11.658059430053914,3.9865609942482756,6.286900556078752,1.083396481963908,171.1720633713812,1
23.926131501196483,1.2199301686300057,2.218211737482458,0.5276487637180894,38.280569833462295,0
3.405712664741791,9.620588716830271,14.409967723660102,1.7791728130280746,289.5458094267236,2
8.55028910122286,8.287904434936749,13.07098204223569,2.561735905803219,273.35833424646086,2
8.77596720605068,4.7748854204534865,8.475911921672658,1.4444622353624308,114.26891036886117,1
14.064615919358648,3.467671803751137,7.438530737486869,1.007044997391891,120.14174980477028,1
13.87595500206451,3.7968706740008504,14.057087637778451,0.4905433881625463,147.99485992627442,1
8.941569108554285,6.2316267292266785,13.709580631329123,2.182136973512259,181.71689877530815,2
10.799225577158483,4.195832829586201,7.839572199519077,1.4121052508872816,100.51008421362302,1
20.45308164215106,0.0,6.838457869150407,0.4997783871691509,73.53527024692733,0
13.752772554418113,2.6013896820241085,4.789216149125347,0.8671243819449963,106.07655618898266,0
24.563435946806457,0.056367153135417514,6.234126089470406,0.34771794674661927,17.248138153516997,0
19.171336439581705,0.5012180840120319,1.9836934209050345,0.764947046367723,16.9914185314626,0
10.122251946946193,2.826094074327427,10.366729013641198,1.0743109663436297,122.30964671052207,1
5.009300831307687,10.068839943284548,19.637153358669256,1.2956387225542914,209.02019939453587,2
4.690695630192834,7.0355125844954,12.772402223533101,2.27695499080171,211.27905581369453,2
10.55007404225493,7.0476758573059595,10.493288569387376,1.8462392037042576,223.60600451957959,2
14.454941208959886,3.6470868299336394,7.537483123449126,1.3322270263316291,166.8501506009561,1
8.949218222844342,5.048599853853911,16.32926020382671,1.761821958901983,266.0726027024803,2
12.786049723075427,5.120107545371037,8.914849036548206,1.2536009325657216,154.52736842061992,1
9.594499239240685,4.113312855657711,7.9235588488717825,1.5870541916335807,185.96818401772157,1
10.447399533260416,5.683097700451682,11.741259269402075,1.4641688682923002,197.736754544702,1
19.252379509758363,0.9617672981011696,2.877474734106819,0.5018439980830476,46.02470873957061,0
6.4230435942321975,5.140434700044477,20.333644226438267,2.37350100860161,205.60462888258346,2
12.265286795569759,0.03408333468290037,2.8588438406456653,0.7023934854685719,114.49573023452479,0
9.988961913351138,1.5477137612441347,5.780506537966284,0.5872636751256252,105.20578384833783,0
7.3239766873124195,6.577944196709136,16.985165624659007,1.6074346619146,218.960265347215,2
8.118542005494978,8.376339715679533,12.226711124314814,2.228894173675199,275.20320146840163,2
8.307729009284756,4.973803866083973,18.586172771639635,1.8665443310482621,238.99664593368595,2
3.9488401496322365,9.705472894431288,15.683425518021732,1.5406901947374458,262.9101386329239,2
10.172228262842623,7.057126758579239,17.694592396467876,1.7533600604947204,290.86159490312355,2
5.336615421360065,3.3646257807531574,17.027198049987547,2.224753117828673,253.14019156686973,2
10.809359764163275,6.99030760888144,21.86597864844937,2.3464403881720606,219.71712833249654,2
10.781459697188058,8.060588287601805,13.290389173313645,1.3843270131913354,207.73989835847044,2
8.806418668262463,5.5945086566199365,17.368939173876072,2.0624281391725607,212.88573698375225,2
9.17987557640361,8.544400579284817,12.339144447581148,1.7161185991796544,289.809408218042,2
22.84564231786198,3.490328160835073,6.616072378804143,0.4727901602954237,28.506023701934108,0
7.0670841876496056,6.367517849209669,16.896265838722687,1.4632954820219455,235.97365077106693,2
12.47129595193149,4.082416851580646,8.368269839460227,1.447755800948313,147.98743933637732,1
12.700785243784729,6.540163665956625,7.491415447887487,1.1202514903059022,154.193856443047,1
10.649239836665185,3.092795176652074,10.671780621839819,0.6160424140923407,176.2815822604133,1
18.607947654812644,1.1588466903170334,2.1312700656823087,0.6871533014798978,52.82251754461742,0
7.279112933649046,4.446497774400863,6.654260390869558,1.116506923237027,192.0931198480419,1
23.264291373575393,0.9406312171604874,7.174928348062994,0.7386242735783854,104.78599941660798,0
8.460729058504292,6.581444898914164,19.52920460924106,1.6350606840223645,268.3700294131739,2
6.836898409820442,5.05418269125059,16.480404690948617,1.724912324363605,249.76873882278795,2
4.961044336684653,7.532240244280959,9.348073283586409,2.155370011156255,233.1044658932752,2
13.375167029871205,2.6742703916301798,12.965826380497525,1.0856586909979744,188.3518458075161,1
9.396738020813721,8.47172173924045,11.595585620151219,2.2589957604818434,243.55258248791534,2
17.299371739612685,4.576817517064474,10.749662674491491,1.1127404489427974,168.7942479808865,1
5.870096946689559,7.943702947386675,11.429673825593142,1.9540963747531896,211.1610546706739,2
9.860060777842738,7.301571496422541,19.8731566981073,2.470529712610463,261.6748714083284,2
19.50152881523948,0.061926712917805826,4.973056356669684,0.6585784346347502,104.99022747659997,0
17.740072355871696,1.3385698995656141,5.6629705240435175,0.6212648788441619,85.07945266438728,0
16.021998691810175,4.17206769563255,12.344423856583774,1.4499481482077423,156.26395172364255,1
11.428424431139888,4.3496493474863005,10.981225654159923,1.2463945629709874,114.30159485541793,1
7.716469188028905,9.825716546777203,14.569072420137822,2.106054093119116,253.97507221995554,2
17.054351310969416,1.4636035212398832,3.9054403273249574,0.41579189713145637,63.29752837101235,0
21.974064140811514,0.8896295210054728,4.533806157925701,0.6822189493090935,37.74781172406874,0
10.125337010461365,7.717335910243935,14.986752901894196,1.66054423183091,210.69876300576502,2
12.874000929956397,7.1407280067663494,5.525719787031923,1.2363875492700245,183.43151343525648,1
10.567965424668497,3.284051567219861,2.8672905102186927,1.4100665733846867,159.5537976599419,1
20.764396272079612,1.037149238524919,2.2802877180401615,0.7119380349040831,79.74062734095725,0
4.310026662783182,8.624262150874587,15.079017862349794,2.075417604110782,219.20684197735181,2
6.173903022330349,8.98198729206996,16.10749283324298,2.298401465731444,213.32568390222784,2
8.40238702471307,4.537235519674014,11.633379608582388,0.8716516917495312,96.98063443211866,1
3.6704219971344743,9.014192973132559,15.150121121746864,2.287399218719488,260.2275030674532,2
18.545551151144576,0.954443501023146,5.615603537784119,0.34347474110150616,79.6826041808762,0
16.86698683065505,0.7423507870354595,6.62703443473934,0.41537035253490673,99.89444202213375,0
6.938842935177416,10.091868202690867,18.469742505137553,2.0664196650967583,206.96779730060376,2
5.186414568958133,7.394411168141644,13.153363166271472,3.0,187.24822425515123,2
26.359355912722734,1.459256976715201,7.7991892902915865,0.39868083772723273,61.279975024031266,0
12.333202419586899,1.9171192756628472,17.32536575598931,1.0595626398611429,152.32800973581075,1
19.554724604808797,1.2392685872168847,6.666315533258869,0.5054626057493345,119.51646219838565,0
16.17628573236355,3.6621655481628146,7.342213883605186,1.274866929092267,171.60525562309454,1
5.478532306445979,7.378597309978074,12.584612226537088,1.33309066402063,245.704568045908,2
4.431740934836316,9.488396882469244,14.905628255159487,1.6985467465774904,297.40082793559,2
8.007572214414001,4.281092850447125,8.735174244066641,1.3877911424966152,119.4358486613945,1
12.083282119680305,7.7327832691424,15.285405879197167,1.94689380934478,273.2248694662586,2
16.638433855178235,1.541153453195817,5.161583259443959,0.4978417259077982,75.47527059913418,0
5.033100473044057,7.473579133444786,19.518092731555203,1.757194675720317,248.20260551839448,2
10.403515459555651,4.045211445650305,6.799697335946017,1.270855246589367,95.42422307095542,1
10.378870983038837,3.0382192938027917,8.804664175031899,1.066007085955618,216.48705945463962,1
17.152943060042418,4.409415554804028,14.041477880225814,1.3890279474394513,184.33994035891695,1
14.30417139019942,0.7866781366124682,4.141511159402676,0.6882829904656079,115.66896730645198,0
17.83075226213269,4.066544002189239,10.863758863738001,1.1198425303034134,108.20333963108513,1
14.801431278224989,4.603878861438996,16.916910512101566,0.8953255861048364,124.75481258065093,1
5.031144158944888,7.448930721912308,15.831349563614584,1.8719116642094171,182.34351363563027,2
12.179558884139052,3.792938490982159,14.37036835327152,0.8145596249632141,136.31227290138588,1
23.965034632768354,1.8307021238121193,2.8233610259418924,0.4080944256220732,18.683334324121113,0
23.471060096683555,1.2264257643161731,2.301072857148953,0.6878255191287869,12.684085971219183,0
16.817771728236472,1.33951515028881,7.559037339520318,0.2674771740968903,54.30134332215138,0
8.404771448709218,5.8536198926114045,15.932998546845589,1.6378707721757495,181.19078485957056,2
8.788000781429465,3.0588148356396934,12.0654879236847,1.1296477394562328,164.764633702117,1
5.049878549159175,7.415890441549244,15.326553536609715,2.1964147943840024,240.25537149427498,2
12.318548758320649,3.234629568568077,9.826490162867218,1.5383364081334938,100.20853417240447,1
17.895350585810043,0.0,4.01687768280383,0.6517417502319427,31.606113745921913,0
14.472919030065782,0.0,5.508631253107421,0.4947374336803821,55.45139266830775,0
10.402847480880741,8.267280385037564,13.486858375383825,1.994342383336224,224.8480220197761,2
17.237576910819406,4.867209789865958,7.740388655227088,1.1659223514894106,192.2037469957677,1
6.352701910581678,6.659960095151921,18.76652036952126,1.8610627512385918,261.2785905553769,2
7.635675263949393,8.550470766518105,16.509314199502814,2.152245671702713,200.534690637668,2
14.040528240189829,5.268943767321032,10.953165205038802,1.188107376631526,163.97951542670958,1
6.479226801774956,4.475582000491967,15.546602265703033,2.1530379688925856,255.5813012255402,2
20.931442447858302,0.09191638302743055,3.351029388692977,0.4879608459941707,11.267861545828378,0
9.224908058284154,3.442229463752785,11.443514672737681,0.9036246499076943,161.55595043312567,1
11.467930354080272,4.232158445185887,7.096082828873585,1.0464654827624917,168.17008729591151,1
9.439886398465664,8.080536247590263,16.997838276849926,1.5313165280584322,292.9373936644656,2
8.246834317202318,9.909195324355185,18.36972324056168,1.8098671573517344,189.76704696215498,2
7.616256673073009,6.8842295858294555,17.62859116107466,1.8917793127400486,227.4719018219793,2
15.627263134418275,5.3142778671140505,9.614042544983908,1.0913181049522158,143.52939152942906,1
9.401283898478518,7.8428960399252805,18.881453236882273,1.6730788026196832,232.8221376740323,2
28.071631855332953,1.1730535052548006,7.10722479848732,0.4914805786694568,95.02136300637267,0
10.424615456733845,6.807173448422305,13.074935845184458,2.127326434062455,229.7372072889083,2
12.243676509450749,3.822374192158366,8.550480115225263,0.8076132750109869,98.33758279085983,1
11.256398822264204,3.4884089602698287,9.144416575924648,1.3596096976267997,175.01267738339044,1
28.140036437339155,1.2865653070963,4.442582151560706,0.6396405859592706,14.245071813194723,0
12.138725475054597,1.9717645388406382,10.226880335171211,1.3411796740510078,205.69103726571274,1
15.163205155041576,1.0453933466374554,5.226912080113105,0.627875644335413,90.48757999954667,0
26.454845076234587,1.3628274412111838,4.511686729418702,0.7446130752432536,45.97364777195626,0
13.690119125294647,3.136255630780934,11.9198790719846,0.8975467561845549,135.40443776019305,1
31.796377701234903,1.9957436645894293,2.2978512675839573,0.40163130648846446,101.14111576966894,0
14.08750013986695,3.088698180503899,10.357229704673827,0.4923963573958977,137.20669756998936,1
9.65758514526302,3.4140715303639744,3.8416527004884244,0.9825241971325194,178.68942897177885,1
24.818697759974818,0.5007210301394318,1.757211687755662,0.6650623831329519,86.44484312773525,0
6.209393168881361,7.580834601877316,19.53361024852621,1.7819036564765014,204.71185803748145,2
11.16116184028597,3.8473607392210685,11.418445209783497,0.3832637577024183,109.0902619795454,1
10.62419914143042,3.5250035479960866,18.315368828474917,0.6795072909162374,213.3622170669538,1
8.650372069957387,2.9121912574026276,4.09650963072226,0.8660201193622772,172.33401563953663,1
24.871836609222235,0.5894429083892831,3.564162218504796,0.5654213062229624,71.24634020210067,0
19.688909198942333,0.6351161202001872,2.9207321143504408,0.6631627485329709,109.64343289992364,0
18.375635484433744,0.0,1.2520598486351093,0.6276624854140467,11.679132361063274,0
6.958772948152199,9.163444972254961,11.633632189445942,2.239505749075217,246.44341032807955,2
5.400471744424203,9.570157013575859,20.006295186908755,1.6669030497248252,268.9485236564632,2
6.4090385309467806,8.363142220171644,13.399047938237484,1.2157039206991715,258.74107571597006,2
14.175480400210207,1.8279482529663782,11.181298726912123,1.7197455023086876,192.1969549200836,1
6.055175711783315,7.733179710673599,13.200916087476205,1.5870167217667848,240.96966434228085,2
11.855117988576254,1.0379947746013143,4.501856310693919,0.3490659148032639,24.661268389039044,0
4.532611671342901,7.378494960057514,17.01742505862361,1.602805806972382,217.30441406609677,2
17.130431345362275,0.7243307714122933,5.632136284803262,0.5150978125894843,104.0025530435905,0
7.09577756535043,6.577467518816306,15.175502865828317,2.0111506032484274,201.99070376268747,2
7.943260824015703,6.158470634581604,19.075145528501665,1.841351255823566,294.9047326820221,2
14.035648963863155,1.7501612133979472,11.5660619053323,1.0370395498870988,216.38034623951748,1
7.423584840371569,7.050906827702445,17.318530056457355,1.9583885733752233,194.15198338742096,2
6.513691102570119,6.6931272830943636,14.589324000743774,1.814515272191026,241.6072885902057,2
9.773561314570422,5.975885732793648,16.88975151145241,2.027970373535103,184.10357826849997,2
21.9657178108808,1.4558082857589176,5.390963463106582,0.5851732198141041,23.678042557395738,0
7.302867520321437,9.101604033440756,18.38403496913537,1.2119013932888016,253.494173814879,2
6.753376801867679,6.26474902693516,19.16809111469714,1.7431656350301485,296.0466483873972,2
25.347681750258854,1.946052581648697,4.785290418571967,0.7499128549016867,72.104970282681,0
7.942117901227842,2.250668694643359,11.020268234391711,1.026072732479865,96.72691235698315,1
5.287798345125539,5.567935249460616,15.200283145213044,1.7524361635556598,218.5346439669767,2
10.089808322675829,4.2085882302938185,16.923064683206356,0.9768900249284449,144.84159100777458,1
6.469676455531917,2.0508843316675502,9.896982892679842,1.5411620023959263,239.96287234633445,2
23.24138006214524,0.7842866997625113,7.213929532605283,0.6961779993616605,59.97799653744207,0
22.96785206611786,2.181326900343703,6.400485906724838,0.5801550834086305,105.26702784504492,0
10.131641188188226,7.931313123860121,20.348241306990605,1.8465342962296432,199.2863292119194,2
18.61291369293315,0.5313658212410479,4.556800611229922,0.3838527548212622,109.92813026594915,0
7.6752430610077225,6.95997829924238,13.028275035375376,1.8664572152992678,299.1185696703259,2
24.32022423655724,1.7542308113120604,5.97461047408999,0.7607894797817696,81.20763478104003,0
11.077283850096531,8.900205412665002,13.613690248803103,1.942491438440695,260.4318413656542,2
5.075729888434265,9.773807023703686,13.924915530171086,1.8190620459378166,206.44436286797898,2
8.734095470822883,7.361647587561974,8.538498450912567,0.5347172759543956,124.65151565905731,1
15.201209886538766,0.0,6.716028390604291,0.4757705590552148,66.41622165357946,0
24.070004916336725,3.130545880095859,4.408917519706902,0.6228473270364936,87.86186069527456,0
13.592404751018188,2.712171671119541,10.346790216039723,1.1910700534990795,176.50262304297303,1
17.94195314008686,2.3126605827283138,4.9241163409372755,1.4387143343596074,148.45838061507044,1
24.36193889963056,1.9599003870245464,2.818206820054463,0.719145169796551,97.8411421943659,0
22.150519611799517,1.3425489982484609,4.44001339625104,0.40814538956703206,28.20497521300212,0
6.028609187257687,4.15679113505956,17.238123301670324,2.0560315247434433,282.1495348207051,2
17.998455639518262,1.3508014156525903,5.157555455732667,0.758088136710968,61.39870956082529,0
12.509079473913852,4.578361392463471,7.722449361497487,0.9536140847781422,150.65707354663053,1
24.822512311811348,1.274508040813499,7.6477496075744265,0.43022757868009565,72.23051603953701,0
19.84177938457338,1.5452005578980996,5.056636752260922,0.6044634209243618,45.10105205675812,0
15.449145987679891,4.591803801086604,9.874359835104793,1.1719013025332166,126.41743544079937,1
21.320260003250485,1.4959410659166439,2.821839767704391,0.5766267788506345,115.37275331624475,0
9.418428396056283,3.913026736487158,9.53048850937237,1.034478644450312,150.29682343979619,1
5.565472188311306,6.828744598359279,14.169550763259565,1.8842164379930872,215.31004897061536,2
6.546801671970805,7.164005355396019,11.473453949111512,1.7756839851672894,271.0945511455229,2
28.295114731213133,0.370956757489337,6.381261139513519,0.4369139491883002,94.94643034826042,0
2.303863205798347,6.991415738642619,15.385418097185845,2.5719895576694345,180.55319231678018,2
23.647327114053482,0.46489917244558954,5.870156676371719,0.5541794956128198,46.10805982050707,0
4.976758336173871,7.390859809045729,20.098089481833966,1.313104053677631,247.0657336922587,2
12.816034074361134,0.0,3.9791155864668983,0.5434323189459828,31.635741405433443,0
8.594968230264334,7.020967935429527,19.749689507637957,1.616623692769504,237.94501463672276,2
5.112796568161338,5.243248498298145,19.759191180786736,1.5887674910775023,236.844744922717,2
10.569271213899544,7.604077283904733,17.87568541261931,2.2493427541150015,232.03441023753192,2
5.565587272397083,4.9102808739298345,12.804749852050186,1.6456269061873328,185.96024470809712,2
6.3653753342280055,6.420432639344203,11.085112257392822,1.4050253823916738,218.10697675436217,2
15.558401930815917,1.4536444139104825,2.33368537869269,0.9622186497987947,116.92058625946908,0
16.364478522439953,2.036316376952218,15.807583077041814,1.2407567704698872,97.21291246882838,1
13.928151457894451,4.86476707762872,10.232091190852291,1.4667790274276926,201.51412184673677,1
11.795392409001993,2.3119366809285307,9.771282948038207,1.649064082155257,133.61195937291308,1
12.29818226868429,3.009574411645713,12.204245787223025,0.7613313082436858,217.0344060872144,1
7.946128791904696,3.63984545580616,6.986986521118281,1.2380474055404884,93.00389086237243,1
3.7134619308594443,6.453036918824301,14.540011578028913,1.6641756403575976,219.35034616457398,2
24.09625010324585,1.4740215593609465,6.5567221523332755,0.51732214255072,64.80812504897989,0
12.09804891513145,1.6008795636058482,0.8698339074873589,0.6042686371774738,91.0845655352303,0
9.532854075253786,5.466848059053794,16.928379988010366,2.236418205991091,274.1353760272055,2
13.767709056585947,3.2667964895154182,4.218726938497296,0.6275169864327202,31.316804302569032,0
7.049727265506488,8.78015785597801,9.655705310643437,1.8239998775539767,201.25160331529005,2
7.387173990131397,4.839966163224729,15.843742715061648,1.3597847534885452,232.39575850729923,2
12.120923097990744,5.073916073878673,11.773271593975664,1.1530772163621592,180.0781897038505,1
10.61877923550908,4.71588681386026,6.455935106251464,1.14082480789431,167.47240744499157,1
8.887537569598644,8.386866798794276,16.69986274467214,1.8516617539941995,238.94198405155237,2
14.967920354934652,1.7033106592316318,4.912149734089756,0.7631180326041248,43.61341052606083,0
21.9152749928523,1.5436605481285128,5.298838947018393,0.5567411699549552,112.16887567566738,0
24.733295241772627,2.3391212709936484,3.0296111944253044,0.8107413493827179,100.63974170679761,0
25.06764459674649,0.43386442750497534,5.887638856292456,0.7161951080144005,62.15912119960577,0
14.42953818335828,3.8218847187229774,12.474105222358292,1.3757438950663967,203.34881853862274,1
10.525366758579286,3.247541662362711,4.695829842476808,1.2058637534394545,213.1883252090039,1
3.5394090402084966,4.3733370911915195,17.90071823224515,2.0463358052532694,191.3730145669645,2
7.675313595387928,7.6248306424435714,12.776455745189935,1.4893055542870368,185.57537726662915,2
9.575434025255586,3.701382737210765,12.62863922281704,1.2925092937895657,205.40795622381822,1
10.66482796833824,4.650271384571087,12.671146287295143,1.4429803477502507,144.49600094519548,1
23.904162877423786,2.1195891415778743,3.74269138985086,0.5583729571709649,56.982369106126754,0
7.601317908866916,1.1029223583633736,3.8918525455320205,0.6573195756594952,70.16070651724365,0
9.571000992968827,7.081984181369048,14.191126573355746,1.503807502141058,275.0501155888743,2
5.809151229513969,7.208295983800823,19.15993083892561,2.5390312798962875,258.63057970069195,2
5.928703854944551,7.480116343265605,17.24544319878951,1.9679564620725003,216.46337567864663,2
22.082757985690677,0.1363737182671687,6.994118712907283,0.7691025134033228,45.12485680235115,0
13.898455908327298,3.3882523252483168,6.676224321415413,1.4262042214183466,139.00919779735915,1
16.33471632370632,0.330463436962976,4.719249882189327,0.6461419002283795,95.30558263908993,0
6.350042811662664,8.792778103604647,12.421311419089648,2.3430736888930808,263.46195076169926,2
8.378379197396297,6.781648525385673,15.754426760921012,1.9339062130896485,211.07577994802446,2
5.83835870634446,7.191492024765174,20.073353656174213,1.6859494675008415,200.73064727888672,2
10.789212041821134,0.6440433919002627,3.2503592398477616,0.25854397371119964,96.35181982207625,0
7.835600674879244,8.477946503046601,17.17635374666256,2.1643237978758973,183.66290591220385,2
21.0502453160077,1.1548719290940355,6.701795924335944,0.5793942317400905,51.50498593595121,0
14.58099767825016,0.6792094928771224,18.144450818458964,1.6505637401388955,157.3062854235801,1
10.52651142288974,5.665704267347654,12.832649128855593,1.5426549235618738,215.24113918808038,1
6.597676623635462,3.53603896274283,12.319544538430412,0.9381288974020506,91.01983976128102,1
23.9112621987448,0.0,7.307180686633851,0.8079524095894265,55.186769099957296,0
20.0237526776606,1.686950809172501,4.211054613143958,0.6479388974692506,117.51820026244135,0
7.645864429676687,7.104321755054268,15.662139847812611,2.1045769009652178,266.82938539693794,2
11.910588654445679,4.6295016196571375,8.99179991048278,1.2806414803317692,141.47234245581663,1
22.338733127671688,0.7038195265069165,5.783553044693885,0.5008708856659718,21.128218157441353,0
5.714556812234573,7.705857189100446,15.122215750277169,1.3032897411486113,299.747742330506,2
12.429300622929297,2.802048330014717,10.809003366961841,1.1608916157061953,189.06931494716434,1
5.29424358025162,5.567521969804652,15.558866318680323,2.0407923377259682,180.43250878659447,2
20.267962868899488,1.4127513741632796,1.8749082862269146,0.5206420983980558,90.39030614788028,0
8.691670878539043,3.4782152645606628,11.599975091843042,1.0950089758946133,146.68639868084583,1
15.031283721086027,0.7400931024066091,6.245864539623928,0.8715491386084043,104.45392604224458,0
9.407144214178393,5.362744702589771,9.049961362197251,1.6123454944282678,148.8897531078953,1
21.16385892054977,0.5943930725839554,3.972198746702314,0.4201572903009186,65.18690826070673,0
5.013132801733769,5.913340359845086,16.868353218551977,1.4729989615355839,293.97445215696075,2
18.937812647926304,1.3867403904916826,3.9069852109824907,0.5226424395100496,108.33886810086575,0
12.986122334997349,0.5640622120328731,6.943645380345471,0.595356262404514,97.98407815420467,0
7.115245526319191,6.630169588636015,17.738743743954412,1.6387303538596196,198.6071665694896,2
22.618023010892557,1.074527023934122,5.350349898618006,0.45520854906006636,104.8028205624313,0
22.28802511320189,0.43621725151129287,1.9248304071016493,0.5782643131377853,77.82841759818027,0
11.930644807510355,0.0,6.627961720395483,0.6192926175607449,98.08999098457252,0
7.958154110994904,5.241740429460343,18.904088821589042,2.601646882458473,299.80618560097304,2
3.0465518466388786,3.8878962668161776,24.219046406264546,2.5371971320953555,294.04645730149355,2
11.51206713066857,4.406299709063634,2.759655489149572,1.3374046654469567,214.7906556758552,1
5.789872618556059,6.157601985434697,12.402152734107602,2.124874771412089,292.6525933217268,2
22.06606913759164,1.7783972362664004,4.249012227295565,0.7773529266137675,27.194866777974696,0
25.281656039135335,0.30045148132806543,6.255212595123663,0.55807388050552,23.93008380702118,0
3.9397381425133364,4.397033944610843,12.17238700029423,1.8899575569019282,234.2964060497211,2
19.890781841960273,0.2533856327414431,4.11343549761698,0.4672795928959649,91.10927851265797,0
12.694019177915282,6.298585699874159,13.825977364953086,1.8571520084214548,230.73641669385822,2
6.977794818754331,9.106458257748908,21.72403255293736,1.9778153000328405,241.11291501149202,2
7.839695367486943,3.8661596605677913,10.51627862839549,1.2137168387056336,150.37237782168398,1
6.3415908733421675,5.037671203155444,18.791532296608302,1.993422505356799,234.7317466070327,2
11.262029059792765,1.218823016913411,6.698285211864382,0.40882213390389455,68.6978624440132,0
10.708716903597853,6.410167613178039,5.582937815467667,1.4201851435092714,125.64260147649065,1
23.164127788172188,0.27249003616420886,7.805588621872198,0.38972234058115784,79.68826818369841,0
6.686110389445642,7.212664841199234,15.038446829002092,2.3187122445602517,182.80064193967766,2
7.928975211154468,6.460367475091552,15.12600398162516,2.0411178226027467,230.46124296918387,2
7.98623505443201,8.43379090978747,13.570718375200203,1.6583794989803258,277.70146759648566,2
10.419411801214661,8.162846093256631,14.886424146215422,1.616959052677553,288.6657937924699,2
13.412544566828615,1.4836738757620038,3.6483720579333614,0.3642632881981233,119.867222939722,0
8.470937018563378,7.044431712935374,17.901147702175585,2.083936749768755,232.3151986954517,2
22.631052704601494,0.9443741710061845,2.6260132233885107,0.7586721271231194,30.713277740881708,0
9.419194113212047,3.0191139107141236,10.545329874384269,1.747304859948689,178.82595935491065,1
8.331749163785474,2.9012412443698485,7.54085493139783,1.3008788853557687,204.3054433537782,1
8.736109308455553,7.7450524183635885,16.323939438655128,2.041225972464336,243.2303240765319,2
6.706963441976919,7.9279128214154255,11.069097573340148,1.892785652470052,180.01501665078905,2
6.193815420491981,7.131437732754946,17.41629007316529,1.9417670195390846,189.50004005704346,2
12.162439095637025,1.5861194885832663,6.710920017365289,0.793098658522821,103.01647992888975,0
6.723680754272054,6.073738307645292,15.410657526862868,1.9504818943957576,260.6210366165361,2
3.444048930595298,6.6637505057636055,15.494362252289326,2.0175659886826334,241.51937344407568,2
9.64480864962346,4.30096497817529,18.479751895411745,2.312439391016434,265.69473621932895,2
7.6720929869604575,4.11946911711996,14.654313297667866,1.2793441203219407,206.4369976429261,1
9.949942863162303,6.855628681082447,17.933754679213948,1.9222896888324141,188.97094160661365,2
16.1648861752529,0.0,1.83282322042484,0.6619498368206697,110.68189344172013,0
5.5863133073708,5.772881519041034,18.452457341968575,1.4146268062629836,236.58305825424958,2
14.203277558429,5.706907546342986,10.160152817437066,1.3884308909501115,177.35429826433858,1
17.461579858826575,1.7966017893450847,4.446202320407243,0.5961916430423269,17.969157657401475,0
7.841945565062933,6.976075409534845,15.534813865904564,2.256542489951057,273.01713168544063,2
12.784998063630015,1.2651767170647163,5.729122954710914,0.49797397854780734,80.93416477726994,0
7.082653663754006,7.832450747497919,20.030639519866156,1.712885189525082,242.94227311869713,2
11.862867736062517,3.473770593274022,10.845846621427153,1.673942087220465,174.6918914307791,1
9.720593604036674,3.147981468530137,10.389994677404786,0.8810891181438845,201.53446920167607,1
25.867493160618746,1.4314243607045412,3.9845333935404867,0.321088001108061,54.60188439634603,0
16.528571978096565,0.43989631751112324,11.529661743763585,1.4153216119976937,124.4693702882114,1
27.948244446797766,0.5752232817504284,4.329724437657097,0.6513506751734432,12.105935479652034,0
10.72849938538055,3.0812666115637746,12.202319007421746,0.7386876574409993,196.1768863314486,1
6.80650118933929,6.3573674049999465,16.78421350764163,1.7756451347597049,217.45940327922784,2
13.496743202893244,4.32935221313661,10.070155375468543,1.508158436472858,173.61098865123444,1
3.2410660721076674,4.304512529080899,16.486257077940326,2.1587171727753063,247.94293048768884,2
5.129205480035413,8.260851546687508,16.538998116614763,2.185845633167036,252.76553742888404,2
8.985821317063635,4.3951000745912,11.663992292106478,0.8008079538461936,93.64069153141959,1
10.42695415125494,6.887346829603925,13.765316249749251,1.4060127613045696,188.73325399447992,1
9.40009110634122,6.593132893724875,23.679697779305613,1.7191924939028806,284.8504550392537,2
10.080562082424393,3.808058938518037,6.881425972837072,1.1015474619476542,119.89864972788789,1
10.847455002879073,3.0854398617830823,17.75792552705169,1.325715220426038,192.68285395936658,1
27.73343899085743,1.20540063892943,4.9769698238467095,0.7545989712362339,44.457581453770416,0
14.098350271819626,5.390505801411844,8.630113642834285,0.793474180267498,190.89689643987182,1
6.722407198108928,3.6598577125641603,15.886339896934475,2.146290141793899,181.67769502074142,2
4.2544175005071825,6.244103980057991,19.934806089171765,1.6462199079691093,253.32110981450268,2
20.178430897737158,2.0056638147848567,10.188620369548222,0.7706308519725952,28.78950769368318,0
11.259245017531637,1.6888266178658786,15.361719893814005,1.0698028613352129,171.0461331476369,1
7.020134017045161,9.547688053563348,17.75935939100083,2.12532716290109,182.45741533492793,2
10.179126665725155,9.078156672484575,14.14120005968893,1.0545087141393463,295.146409715988,2
6.989710944523546,9.214334506741986,15.30003362189051,1.661558396354203,291.85223519692374,2
21.653739612894803,2.501436650046453,3.452421601792854,0.4133017945032874,29.975748848156822,0
7.92653913829504,7.425517674548279,17.280370579775933,1.6943581441934739,241.7423997946012,2
8.946801179731619,4.436523888073396,7.9458515369557965,1.2934326253887,203.37435314309351,1
6.8056209123531275,7.028888451026688,15.555150586217792,2.205338790710788,291.7893183622292,2
20.951044658379573,0.203241607373414,2.133352143238631,0.6181990924118441,59.70559491175056,0
6.74239834242149,10.730801151088514,15.339977652682371,2.1218205445069613,206.39762458778176,2
24.114730442785568,0.0,6.44722117445775,0.7001191172458968,83.14833938235948,0
3.521185068507771,9.12901934834127,16.353775230409955,2.3238752721375557,208.99953724494975,2
11.755096919966268,3.5600769161935073,10.556189969403285,1.3895701017473439,100.9142413992172,1
15.39931175874245,1.2773089572526712,7.91605055112865,0.3755701268885997,116.68007510971633,0
10.52842904240528,7.5835952506917135,15.12689215608968,1.355720861811666,104.25166527244717,1
8.255404789103842,6.563467790372059,14.004677886943584,1.7249318356311778,242.27945477185978,2
26.370679993131535,1.0154752566494034,2.6220731609300763,0.5925179768807823,81.30826494856042,0
4.7387761520988425,5.065724921048638,16.810996249484,2.0340135697812745,296.6619561824449,2
5.6963625697673335,7.173815113829925,10.738343779723635,1.9946384596817242,289.80321367108746,2
10.695615919883348,4.978713093515395,5.131075113989308,0.8359609919541231,198.27125512032973,1
6.328990900378481,3.952390768786728,18.0810767057728,1.6042160581108265,272.51556293824524,2
12.540274616433257,3.8838017199517916,6.7989111862177625,1.1638288629692355,146.25163890145149,1
19.922321576449068,0.7574561737325797,6.5998838038841,0.3575534087345118,42.69615884794789,0
8.144736090400421,3.6240149526068444,7.266631324389685,1.099686867989604,149.34652837383274,1
20.13089796616283,0.7864682303885432,8.585845182661746,0.6335932917134601,107.92838583195824,0
5.235881455921032,8.477893105755788,12.335056419118754,1.7523170879805865,296.5288797918986,2
4.950803907008445,5.660847635707311,21.048774593679614,2.0956684244829007,183.98073084422268,2
18.82637793663182,0.0,5.651681704295849,0.7812521726360344,48.84131778322284,0
10.888097351375803,6.933023048307065,16.279398872176976,1.8509123653680737,220.55952375743075,2
8.067640140503805,8.950995050148405,19.417882673420042,1.6141086925185377,273.88389541813916,2
9.308325560842913,7.328718007986021,14.61980683160333,2.1204996996299355,253.20820062400412,2
9.43945174584186,6.8265198505218985,17.016788154399034,1.8648687831732313,205.13621181662828,2
8.886284511777763,6.323669332781188,16.770241783118593,2.1229399796274504,207.22165146012676,2
17.292311998776164,1.4893410310726942,7.061999044991902,0.7396920178674298,94.83973813545403,0
3.8690536753716827,8.297698136739974,19.988091973643225,2.3426616862505827,251.6310162875585,2
17.309739202966778,5.09195504903267,11.920079855152988,1.3069237750603127,138.25263568958468,1
7.6447365380588606,6.935071592680585,17.389926013565844,2.1071424804512,286.6532430603537,2
9.3993462453496,3.964373451656826,11.461654583891281,1.430192208780746,212.6723771843043,1
17.985983352450805,0.9243009658805689,4.731688715815472,0.661816374153043,14.741011984315646,0
5.5157071524313555,6.970524981697767,7.881529000685191,1.745540226893079,265.5053118343912,2
7.3714215808317896,4.795315761047277,19.60861708368015,2.1740741728643087,270.50966213962994,2
11.328181727060178,3.903900402101089,10.839464787832831,1.2795865034351424,172.25234029560505,1
8.919868524644201,4.204498501111734,10.406554008375386,1.1331755360543936,91.23580631435374,1
16.057095814657824,1.4032372124142756,3.9394847632551184,0.48106907516064834,29.47115327044215,0
27.128654474144316,1.4722196952494304,5.4337220739658765,0.6663174997970209,26.77929472056875,0
9.98929991335969,6.534871993977312,8.975804040599174,1.1910600071415536,112.62833786295009,1
12.554276438365324,3.5599167057795733,14.126655740089621,1.030489721860052,147.88832040877736,1
3.776620830889059,7.540898348894463,18.070908784275804,2.1465106367544458,201.40500023233085,2
10.6977481109645,7.719049009957486,13.825953272770224,1.5955967124130808,191.71538875302292,2
8.406987045422344,8.491615421826445,16.053565904446522,2.6425941402808304,225.86631211474693,2
6.793743875297249,6.221461421622777,13.32704367413971,2.097041748552844,257.57622245178595,2
6.961961380822253,6.114762391319608,16.84767532145752,2.3169183647455607,202.56159189288059,2
4.537813881468461,7.488524640756589,15.779757317822593,1.8366523059774569,231.30265854723044,2
9.198174277745974,2.770618001181474,10.655198936232317,1.1192702043970597,91.20150089554016,1
12.73229533050716,4.328693304216615,5.4304826074784565,1.0405765796584725,203.06991384181038,1
7.491056344112336,7.837837229922358,17.772064134532574,1.4773047100144794,296.3942457380624,2
6.229506379814025,4.706358149631499,17.093733088083276,1.8155453862188682,238.5553254049845,2
9.24390098383045,4.693745172647913,15.833228430402185,2.0089295297983116,227.00821155421454,2
13.285058741314346,4.4701944492593215,10.06036338874258,1.4675101743208725,180.2557170366622,1
5.340286463724983,6.262180426328924,12.039824302276623,1.6142442816171272,252.17915435699297,2
7.371860590114332,5.5880602957951275,16.542220645985022,1.6777129998831508,282.0751973776336,2
15.352897324811872,4.602222459231869,13.260590469165507,0.6850507268568402,112.18366653777369,1
11.180936347752215,3.6394660747226024,9.101041673005561,1.504020579289512,90.56861769679121,1
10.322508494822376,3.4476318849107646,13.090749081908701,1.085988946113194,197.62856807937837,1
20.10155368216964,0.0,4.972324507811526,0.4965408338903739,111.982169174427,0
11.929333799337737,3.670506400296445,11.134636487931678,0.9458192169393618,117.82681930956645,1
10.680865318691005,4.175534852573624,12.833431396595508,1.3236327615411714,212.51951900932852,1
11.64485977483761,5.17830059592267,11.16460184065587,1.151232114757479,200.43729660504812,1
11.443543502276595,0.8832500511093587,7.655230903210611,0.9313775950033019,34.125244133252025,0
12.643389802402654,3.8843384364221234,13.712109380690798,1.1226826315241114,151.54474698234793,1
23.16743724155227,0.5434876558399098,6.704937286865901,0.41562246032993755,116.19934980606834,0
5.5637246824745406,6.076911511367684,19.159209152784737,1.9444608905883694,241.33082413877023,2
2.3280927623971284,5.777033327817839,14.796480484757833,2.157505369901617,211.1238985400994,2
15.61511870052574,0.9457028946404145,5.863263259275195,0.710951320217675,63.044775337105925,0
8.144635504306132,2.599378895382806,10.277824003679484,1.1146872422758016,159.53762194467333,1
15.40391909946317,3.1936992274420115,9.39004514374748,1.5366609999880105,139.16233587888107,1
19.380301592654895,1.560589028106318,4.443217658378043,0.6950041972265478,62.40806849781708,0
18.637605172360555,1.400114426491107,2.2861288606008494,0.6334729582121545,21.20666405535122,0
8.759975030599854,5.971846660840718,14.513018758243662,1.643074128111589,283.24240170044345,2
17.606296258625758,1.182861222014318,8.604329616862891,0.657465031810983,28.405343440116642,0
14.594846514034911,2.641452603486809,10.518526931849063,1.3398054690040153,203.2654779902613,1
7.8687538440567355,7.197423059909113,17.47475952277142,1.964204316910251,274.0958710330132,2
14.637042463671023,2.864211044813886,9.453518248426228,1.2843635047752195,208.0736121080186,1
3.6038160844059517,8.162402439133075,18.833390336885866,2.063142671938974,230.4527015135444,2
6.735148830113326,7.127196593539215,8.438684588142806,1.9050122154213924,280.79289805762966,2
20.119976954772703,0.7937364986911741,6.96808290580896,0.8593934513585966,90.99078886617636,0
7.215862786371542,4.7545051774334155,14.896456731535883,0.9220768606218542,205.80554626079442,1
22.790347881356794,0.3311266638242988,5.616019804434682,0.4045732854712882,33.67682025510491,0
8.323395833355294,4.161761707948244,9.94498580009887,1.164776909896539,107.83824010930857,1
6.614612410140395,5.662690280729777,14.078155669692233,0.7901365227293322,209.88596409863908,1
9.595826189212232,2.8633563866085945,5.675793437873731,1.0675923625455443,120.13273609015536,1
8.29216187527546,7.724981017938834,18.087159102535228,1.6695788933606894,244.87184472667943,2
11.711363213878263,4.310716513870828,11.610422407674712,0.8251305264227984,99.44870102667593,1
9.587978426583335,6.563254344360488,19.165163646827654,1.7997379005800653,256.39549421340587,2
14.221560459899985,5.146471595748829,6.067087492831329,1.670599769123444,208.17532237085067,1
18.602242691132176,0.3819450009950074,5.758306237452248,0.7845333263476181,53.29990723051863,0
13.004787077686464,5.905808713805145,5.900541038093901,0.7816750304223283,204.32425033437147,1
5.630740405644898,6.606947167237843,14.711968448515858,1.578067775770397,247.70999457155887,2
7.10868058828375,8.144437385070958,11.444734041972133,2.395574301060213,272.9066629387216,2
16.23175926570302,0.5616033450070897,4.571699378577622,0.7255731729497077,36.9807235471804,0
10.38750124842951,8.28503168397792,16.564606265268452,2.4505014865783563,199.38287067591136,2
19.195347856764208,4.63730215717114,7.022022953645256,1.0353584931668494,206.46270209052284,1
15.267775261062443,0.7977893959230518,7.058826201910652,0.7195052890606113,21.637617230007884,0
7.818547056377383,4.220943277993803,10.207255578172813,0.3568115050145749,207.15458585409823,1
3.345742120851734,7.031322594282199,9.819835149080408,1.6400452266973338,268.23552576246135,2
15.872134864611283,0.6477926364908797,7.576151449704755,0.602176349889398,83.04134508743626,0
10.99264218306075,2.614438793525387,6.8029519065413,0.6948802297157853,188.94437650308353,1
16.848305221470046,2.77820465744909,3.0634389911851088,1.0203780563081055,105.49041592026043,1
8.563267393695735,5.079744220915622,8.510260138780248,1.5334160776293777,152.39434415023067,1
18.919360030469345,1.4751413875381156,2.7911774449768307,0.7385955687876605,30.967081638189477,0
19.42536188041153,0.8679355479975631,5.063518913162902,0.611351031092008,98.15086890100004,0
6.560105782901099,4.76446220753051,10.850134007205288,1.1238422768564786,142.4579596459398,1
10.018591440125112,4.285456924239578,9.696012931545729,0.7997517732752324,174.96346984854327,1
13.34732427207116,4.383607135091262,9.266124750876175,0.9474681276963373,190.89515779375506,1
9.718198006724583,4.685129192730638,10.355050196965532,1.317465352578028,200.11609945317213,1
4.3087441633437065,8.427328117118629,14.225069079209435,1.8978288059651391,203.0934726433489,2
12.009180350215718,4.701547542984089,10.713488622275008,1.343887595865472,183.9163449929137,1
6.334841786228818,8.7671023604219,14.620027743725075,1.6165213908061593,272.0746283157712,2
19.63908934377516,1.6248586140931622,10.077382203474972,0.678592900066169,53.89029742571433,0
5.2277746973046995,4.57046520172506,17.53914360223075,1.9741864376883216,190.53137693746632,2
29.103045190268816,1.3249813480399426,4.136115596783256,0.8789950509730395,79.03138880924698,0
9.910996584157886,10.245964499952372,16.18734092998939,2.0651720781104794,281.54785057498407,2
9.997847836919615,4.432157141533075,11.252377094089498,1.224343149554886,110.38002685355029,1
14.060322211510066,3.22981431526679,8.291945729256588,1.3775004149079393,133.66879986386965,1
10.171549136092677,8.583697357699858,15.027783448594654,1.437690079269861,255.99044658587871,2
16.3017435424876,0.0,4.345965364780458,0.5679814830974342,29.693480118574218,0
17.932612467304686,1.495226357270826,7.784077503174183,0.6166694062944768,48.88252226412167,0
8.813296771618566,7.42043693794886,16.87745256382689,1.791279269893576,194.29778321671128,2
9.15412646944071,2.8694534855766287,12.636202834142995,0.7367180036707335,146.983260829866,1
7.431136584130655,1.657868219685784,15.556872862212655,1.110943531880409,130.14969518851967,1
7.857455986588136,6.693539187099751,18.030664613442145,1.8672051228291877,298.9680649862563,2
2.0194365832473427,6.000280109554779,13.703040144263866,1.8153521392037606,245.17366640583845,2
14.84207765116125,1.04675958456452,6.825240645080881,0.6632575399504645,38.37334574655907,0
9.620498823370955,5.047311347480917,7.786734259501353,0.614876339502778,181.92567981276954,1
15.57599674659685,5.600403689377545,11.010433817162394,1.5252483050864596,139.45777872957495,1
7.8065974861035725,8.350388534830849,15.168996450988415,1.9457005479481801,184.9775835473343,2
13.383294239089366,0.1724229143859698,4.769159397595175,0.3624588098369704,70.70116068875853,0
13.467702040650106,4.566243937452011,8.849746174093205,1.1017099688070118,93.38384147622753,1
4.9694914533074375,7.255670575619449,19.33149183727473,1.5191043201696095,198.88970407106132,2
6.075768072400288,7.081503489198089,11.991191090345938,2.3877933880019193,181.16710501574332,2
7.909345481885161,7.827097514167363,15.469299728527472,1.728478425332443,294.63439366193944,2
21.50940281105292,0.8556081688546929,3.4416966961434055,0.5708502681869507,77.87731677295814,0
15.772839337729952,3.3598570650689195,6.920123551347463,1.062558903047484,94.34111663256147,1
17.486060544415814,1.4819817675515856,3.5819325766705896,0.5234345921359549,46.32365713586473,0
6.994858272629248,7.616718546294402,15.989186445659652,1.9525195140380167,206.37015172608807,2
7.835728052398881,5.710318537042756,11.513853452653823,1.4129564575731428,271.7867434333373,2
21.31015321729461,3.7158867198580086,9.689450934811406,0.8167746155602845,216.26850956571093,1
15.094961323725524,2.3092970767713705,11.334687685029653,1.455215818338194,124.49806530564472,1
19.239036622347136,0.0,7.726457950264501,0.5544560890652999,91.34221192725248,0
8.481278097717025,7.800679211380062,16.588727136815486,1.6299560856418314,197.1240431795221,2
11.827345589285521,3.311783175375486,11.837922827763123,1.4037782642666143,209.53898175866823,1
6.762092902575054,3.7813098109857535,12.065309559624005,1.301934906641769,148.89312176815682,1
7.734093585859936,7.419717781453533,17.33512809968256,1.983676929150233,189.15522519766958,2
6.146474342322864,7.467093036118028,17.537749458065676,2.0767069238925764,283.7468988362588,2
5.8029093663279285,9.380698677181575,18.69500273983198,1.7636413082827775,288.64718795148065,2
11.19396636742513,4.417208250693999,3.460634015829264,1.182948944337915,141.98163036783802,1
4.935106820447784,3.5728350463801792,16.680201405553607,2.4654909137245946,225.8575160266522,2
18.476946384552782,0.0,4.663399153656715,0.6898654997795391,83.04815333198175,0
15.320332657158847,0.0,4.9449701898987275,0.8658377395004615,58.053577287669754,0
14.462768637329127,2.9061880375877536,11.027556913421524,1.2890245442934474,218.90725063634167,1
8.99647821166068,8.885155896210001,15.105747690045524,1.7449352091747639,180.68258682352524,2
10.91047332380155,3.7402975460339545,9.590733549167151,0.966507434098049,212.95977317815294,1
6.744109395883255,6.1622176307630685,12.632838443583971,0.9614721556084942,159.09077447446367,1
13.153103149550418,1.894083768260502,5.012426493591723,0.7509033033407102,129.35819818033391,1
17.77687838238583,2.676099153435592,12.742778634382368,1.5481205487802026,151.1650934816587,1
16.232076961262685,3.628347025832113,8.276539883751173,1.461510775679644,134.16289069869097,1
20.93514364716299,0.0,5.661760464428914,0.7250293442413387,68.62535652064687,0
7.986964637943771,4.797001710011228,15.811816363060908,2.1808295933732746,282.8868203504618,2
12.508284251726845,3.943275544924683,6.558080548752965,1.1354256425713825,150.57567726419776,1
30.218745303608465,0.48624427797258307,3.2933933863473337,0.6127926350240027,16.27296054039813,0
24.335683866142432,2.283273002781792,5.844217186979812,0.8335322754820038,40.213245676669594,0
11.814671813188317,4.196113384463358,8.208163192461257,1.3849738056921812,160.9246650769079,1
8.167690188463972,5.387897981913087,13.808839787799528,0.8264548272119743,150.70992453931862,1
15.965642976479407,3.943529751070736,10.549725731376155,0.662804702112986,134.8450710187002,1
19.868986919136006,0.565260183092988,3.5743084346456713,0.6159645341537845,95.30803783645116,0
13.867881119436964,4.782673840140034,12.904360231721856,0.6343026155217029,198.29740236434776,1
9.795986718969422,5.147122986796915,13.550647307744814,0.8506009954462815,163.21575201826096,1
12.625146937558863,3.4391367096454464,3.2105596277345683,1.3911874365041967,134.235747690424,1
24.131855788611222,0.8440438332568333,4.26233954081492,0.6602656923837861,98.29076407752815,0
19.033001444426212,1.6240562379128511,3.739562893604786,0.6104893900710959,56.87333617474538,0
4.986818578418937,5.311142309508192,10.18236304995995,1.3059657545492385,202.69356576389328,1
7.443279309778641,5.989150677386141,18.23282747983819,1.888222094837425,214.71651805248638,2
22.488279961224194,2.0631466556283278,5.773617041378405,0.763647063777895,71.97348857839042,0
12.309724976097256,1.6361238478712816,9.271593138064148,1.5173305941906712,186.70248651546223,1
17.392655568791362,1.0379189370531312,3.2791732694320954,0.5423166683655262,16.971246752004454,0
18.657076020321114,0.3684437118072098,5.866979434897045,0.47908986618752925,32.687732521976784,0
26.00303916253724,1.6801773936907942,4.302695731184282,0.5476113443522357,14.033856962689727,0
9.436409282625176,0.7412497059643168,5.220779278215394,0.6761131391749933,90.15219126602629,0
4.687326200946513,6.4770848817355535,14.681125700396855,1.5284517942957079,295.4143937170272,2
10.085780894199644,4.833999602665318,11.332349278505244,1.0390637654931196,182.02596399073133,1
22.478755686448448,0.0,7.36836203273443,0.7554235891707756,115.15780647086795,0
16.55454778820181,1.676313106622458,0.6041731088519784,0.4676159382831706,118.0285116499194,0
10.453682125692128,4.031923745504276,13.033189263678704,1.1751300027848524,137.00673463464025,1
7.921131757203088,4.627385180748185,22.727293472382815,1.8317262041944469,180.35761569387972,2
6.01661678248058,9.093345804557904,14.031427790091538,1.990667213427353,195.95427249191604,2
4.464719406706393,8.3338255240718,14.33376703895098,2.178285667184586,298.5897278875091,2
23.783552626218558,1.8588975551260574,3.7383088984182873,0.5553199792564708,39.971390243640556,0
5.178083649113444,8.975319757702723,16.24525823939347,1.9130460785811405,191.17151982516205,2
24.47273206860283,1.958914087196371,1.7579834308473221,0.4953256067619153,98.98755245750795,0
10.234979828076941,5.08957570936616,11.938136030286195,0.867547591054576,177.14160855800162,1
23.847948756287366,0.8103904239898978,6.499800478847421,0.6418901757324789,78.58558423720709,0
22.594545338883844,1.7898471194053003,7.243706378853696,0.796581573703832,40.05854796980303,0
17.772884908626533,1.0261110693526971,7.2747621952578285,0.6599204058903277,27.32506028833842,0
10.57926204054598,3.8501770978879972,6.819052029906874,0.716910553346652,218.6897938657422,1
21.480847559766964,1.467451333148248,4.799048558856589,0.5913913945497686,39.479699357281575,0
14.323969907670225,5.783675251994051,6.658763438734376,1.6035055968814742,130.80431855288944,1
9.650901604203284,4.390726817732107,7.898016693810108,1.0814628215157935,199.58641226631323,1
12.879153272764666,3.354430146302665,12.806372094546328,1.352493886848757,95.40747431334104,1
17.457231570587417,4.561089894978588,13.416731834440142,0.5322193746125766,212.53510514607535,1
22.17393261185511,1.8279367416644794,0.5837868966522457,0.6541167637010142,106.49205948944191,0
20.293738076964477,0.7308970695116768,7.564726948231208,0.7631609764850621,23.24263366679979,0
11.323945544867401,5.999995911073028,7.9649961119935195,1.0157569406258447,145.30605525332493,1
18.287815743295063,0.406074530304662,3.593312396585185,0.27905690158856405,96.3693557532315,0
21.29087424135236,0.3382152451581416,6.038693028482345,0.8299108369503866,115.83898033219961,0
10.799156186391196,1.797355826768913,12.44340019824552,0.9217469445870421,98.88528828826531,1
22.196923186006593,3.107377634919967,3.389781520227415,0.7436823342265464,48.83554307603326,0
5.915361828630266,3.3017590100304797,10.798262809069076,2.00101689447895,242.76496015378467,2
17.598984599576355,1.7579518568373111,5.582068002524364,0.504666038958804,58.41677431135614,0
16.00677289883578,1.415034413961377,6.727056485043042,0.6257203976385586,45.219928417128244,0
16.034838473438715,1.7364785941694527,3.477140491148832,0.5438201610919075,82.10609690307238,0
11.433205284995417,4.34017417069181,12.32253855562968,1.061935722276885,149.6007893189441,1
20.31454076126436,0.0,6.832655349404963,0.6519732713846988,60.0213841197245,0
20.12999945155145,1.6444750679961406,5.1508354852249205,0.4462607900121348,23.956011086940265,0
13.601942392255992,1.8661567269209831,9.289443852633465,1.1597406932143641,184.9990992409289,1
14.441710132945616,0.0,7.045140864019281,0.9659628609508909,76.86956020727891,0
11.444202255208925,3.270113022322553,10.934169813089282,1.3408789449883203,132.02208191272092,1
8.594504597080068,4.691417617644297,19.684983131633384,1.7088923170381416,258.19825933808596,2
16.08029770087102,0.0,3.6637139033444663,0.6290069177886238,65.40609373611892,0
3.4454724026207066,7.714016200098438,12.079535976516555,2.4274816473625833,197.44993801111377,2
11.823501437605433,3.734881930072465,10.573372701509177,0.8550877581307783,209.25535719587737,1
7.377340895019997,8.408543736248719,17.862992697618207,2.7229338617391234,182.83852477179752,2
9.369400016538016,8.064738982790896,11.243798089182874,2.0492934435590175,289.4851936476862,2
14.708034428097745,4.388358967015573,9.936002855106738,1.704798874394434,150.04237967002206,1
11.258311724819855,7.219458961810319,13.78825998887193,1.9325495017789287,251.50018762808668,2
11.922804732331942,2.8072223432670516,14.494253085117116,0.9202509041013125,196.28729110370102,1
15.969680843324737,4.882289733147547,10.618260953515,1.3800195979057084,216.1381852573378,1
13.905987585648619,3.8587992373685758,8.63359883125078,1.2734871279516011,200.0213416615136,1
15.042764571345772,4.782237823231714,9.413674378621348,1.3638995118005253,103.84262922701183,1
6.597627659698166,8.991250368183131,16.87779533722249,1.8776183832643736,194.01048432139666,2
15.010097678187437,4.658155928248685,12.476243793469255,0.6821358114126331,100.04815410956056,1
12.75399378137548,4.01022528728607,9.959011229980247,0.9961457053273179,101.8841513848873,1
8.18590161885026,5.871648195208836,19.0792581314038,2.5954306781391403,209.9375873558122,2
29.29879565729367,0.576842589820241,6.9146096451870624,0.5840864046987869,64.76560985657511,0
7.732654967082154,7.781016650620111,20.20029943548344,1.711701191191991,294.8010644495389,2
18.729731889691063,2.6919634054316246,9.448918100870221,1.3011029402696972,218.57968051158159,1
3.002788866888986,5.753017886311576,18.381837410896516,2.2971281614036805,271.07052454875196,2
9.41566971160714,4.116986726828436,9.320013388828002,1.3947443163211262,183.53521515620957,1
13.566491611165253,2.5127060235338905,13.006807817855538,1.075780670159903,148.92896602405057,1
5.4690375591158285,6.934681491881679,16.518675054363076,2.468672431968568,239.5649769567425,2
13.012837777665556,4.810902257811045,5.135469725233502,0.7980743238941981,149.245655821103,1
10.139455078482154,4.521393121910846,18.30947239381182,1.758720040652098,198.13201910095182,2
16.327186508596025,1.5127686393624769,6.330543012580189,0.4468405502689716,34.16950251214366,0
14.863738743318535,4.441236703869854,10.002572002737894,1.4556598539286556,160.9116502559657,1
21.829198035339,4.648029036387092,11.70254038386884,1.3785683315502606,165.57765243659475,1
4.518157030365695,7.842207966807635,11.222881663415183,2.332640278812638,192.20122757171902,2
11.272000615718632,7.09635027842893,11.629770894922821,0.6577231052455627,177.0348149515903,1
7.628102137248505,6.448415918687787,8.786454746074915,1.1445374468416225,122.85202176218624,1
14.112759285062761,4.371831933241217,14.903826546487796,1.857660732025301,214.5157137579365,1
7.287474875641713,6.373264721785928,17.775735718733763,1.8942540728795976,231.21551232757915,2
20.288147445134978,0.8302328240790786,3.096163079955529,0.6116220777778294,28.977626464099828,0
6.474301867679254,9.210606367114254,8.541500296835931,2.236016991369935,264.35051976743614,2
15.245858184155598,2.5910560430270353,4.955827370016845,0.4827743305089085,87.23807615131437,0
16.94696337382993,0.0,1.7449151242336747,0.6072127419992073,22.63205072131239,0
11.275740493445326,5.131619090281285,10.083773328038427,0.9738090344128774,134.97642341491337,1
9.548896105110419,10.440515614573174,19.800529192901337,1.6030200170271576,279.17807291772857,2
16.25421579340396,0.05292588715866464,4.830281910021295,0.6260701747316008,60.69556087966172,0
9.224536586070215,5.410722122958735,15.023637013284981,2.0187414822190624,222.7773798177399,2
23.480270922755018,1.3965455103780837,5.3008378102871525,0.6547441503699338,64.689224040927,0
22.727811885179854,0.7517865947252351,5.648332704976884,0.5804785418448473,114.56678616313117,0
7.144256516951562,7.482686083655012,14.63553534834047,1.9733526367165477,255.33749148840064,2
11.393695218204492,5.983298746980255,12.11189741538588,1.442646120683355,168.5996527556788,1
14.603416378627337,4.2728860947899445,7.330465687176575,0.9117661325265329,208.21684247424582,1
7.717349412102287,10.02054752430228,12.858177879726881,1.7974162564506242,182.6566995530575,2
7.173389142971068,8.114493116408728,20.587303020019743,2.235256164632382,247.364282066204,2
8.106814872956303,2.245467453765502,13.028757903673581,0.745627947282433,111.35427628368112,1
16.799845742409413,0.9491803403077159,7.474876269368279,0.5314047517369815,109.19514314008515,0
5.938219499002985,4.170631762169572,10.901142810873656,1.1856510461406258,110.37156521347325,1
18.2903682302021,0.5578833813223956,6.927700637430723,0.7460336171280186,80.5262396173827,0
4.145250065849872,7.792817640683445,11.444428614311803,1.8953468890559881,298.0768269818849,2
11.315033746984911,4.739025757780103,9.957192467216327,1.141052489976222,93.20528724189607,1
22.009998784517162,0.28740090915818906,2.146346846437315,0.6104005742573022,45.15483688859982,0
8.56794628598523,6.566498172098174,16.378767618141797,1.716142601597678,224.69808390049303,2
10.559356697602801,4.322620943681191,10.628046572004067,1.1864867645967228,195.09983763202928,1
5.645829153096674,4.725013106924117,22.19033661336622,1.5926129624383696,287.9403312157856,2
7.139204147276417,7.301819456289718,18.686917423489188,1.8889779083302256,218.7134473729701,2
11.785980004498791,6.063720151515419,15.326243725464067,1.2923205806485263,117.99296857873509,1
15.633196495442743,0.6903202380204791,6.391075515131555,0.7273653166114715,52.27905423765484,0
13.234697157492846,2.87031619719757,13.362901070843133,1.441672410841852,155.4649965240169,1
22.648813335784748,0.11549959862844772,2.0868240534812728,0.8798766828427906,59.13575939191314,0
8.471361527519466,6.14470960345277,17.31030325333149,1.9342697933507067,210.26870628923427,2
5.6837730138166105,6.6338566567621875,13.755176035666913,1.7739207906523513,236.0830472672617,2
8.569054520951276,6.149207273477349,17.92970625565768,2.0169595474197153,200.4059871481991,2
6.30455287693806,8.596275929392931,22.34515504642661,2.05250951324005,221.73715795031,2
6.843977423547398,7.940542998878828,16.000986171004396,1.0402510197320232,263.6910549786666,2
9.330198826130381,6.571100282899787,20.218780537522708,2.119301273520057,221.8924938539497,2
2.487172203299976,7.8672974616806295,12.320859184730539,1.7623349572282687,241.4667668937047,2
10.515106347327897,2.7808054825983652,4.765718837184096,0.8834027524222621,189.27411422801856,1
8.680967528768672,4.121986913879235,8.367176701226386,0.8766768195208969,169.75406034075735,1
14.151970481780365,1.8137717178755608,8.325772203142314,1.0763688150080284,138.61613370605323,1
18.596602279694103,0.0,7.7394022153083695,0.4370918126822871,82.84553741625524,0
13.005163055736514,4.677746927089178,9.363730990238723,1.3626609020727145,155.4172241777006,1
14.837754312215125,0.8853928677086459,7.1930942364605075,0.27131192232520784,78.15408521097955,0
18.457309476088607,1.3476021168730445,5.480411687892446,0.7879699237152364,93.84062623134903,0
13.747862773714985,0.056432268393775686,7.870174798444471,0.5479046566563235,63.25903353797482,0
14.332254366097391,0.0,4.5677912576333615,0.4475213456726096,62.90357688927339,0
15.930584568162901,5.037501750102125,3.5119629684564115,1.4763159384143774,174.25532999270848,1
9.63087692371436,6.8932659523064075,17.02967715615101,2.0079977918262024,266.66263349708095,2
10.605939232427579,4.34570862638479,15.762613449819359,1.2143948161339837,160.58305599433936,1
19.582203125850114,0.8649426214479915,5.140104326226362,0.7742817453912285,17.00050002153066,0
7.333718779785351,5.90131918604302,17.191799006864493,2.1358288960313123,225.77940120563426,2
6.145793967395746,8.231354958153787,16.222571712038654,1.4783443206646707,289.2272639138937,2
18.822720453634084,4.402210580920835,9.335279234227125,1.6172984415613116,196.27252156171824,1
22.14534412952826,0.268247254990978,6.24109643192347,0.5758593934705405,25.127303856059257,0
22.76094720152109,0.0,3.53697319220734,0.4465206733022558,43.433676348053005,0
15.851929722448935,1.5950525588003666,5.224209893649034,0.8616958759888023,27.749908116092207,0
22.482990221117696,1.8321508518342018,2.1919974072378046,0.9967555185622737,111.4677712021737,0
19.92223143640181,0.25392667475113506,2.4101150510402802,0.5842322242880379,57.72368141617704,0
20.9010564689902,1.5541782040934877,2.4613390069066017,0.8553771987194407,92.76376705341667,0
24.953132285734544,1.0170172613888493,5.617666025197927,0.8553322416952857,74.93824595046502,0
9.514790334755247,3.093850721861778,11.466537669438964,1.9153793400994408,91.00071438411265,1
6.161373938031047,6.251972464095431,16.959296540445585,1.8451900684234337,271.12741101563597,2
24.359619836363322,0.5430528207326508,5.087657598920856,0.7433704117668721,60.10518647411423,0
18.106594370158785,6.390513288996944,9.606665983958552,1.0267397207942361,125.19538521482522,1
18.345577866313423,2.510150125872152,6.113106249067516,0.39967776463501625,37.81439300751223,0
10.789506201167308,4.9864504047147316,14.375298110280333,1.2244128096054598,146.24352247852465,1
19.365849230334174,0.26558475068882803,5.184753583279848,0.36530668089962937,37.88431285829094,0
11.880287065232842,4.191613314196985,6.900591279764295,1.326770149402272,217.45835682273105,1
16.632024880953598,1.1062302520616518,8.016024547579553,0.5219341521911833,86.27409387719484,0
23.532439108588637,0.9377302423897583,4.639040172818749,1.078966135176729,21.602106995229363,0
3.3549313126267966,5.368099812056387,17.146393827672412,1.6027907471391303,286.81711721758654,2
16.427518905483108,0.732146202084213,8.120760282265758,0.6192826500106622,33.74031302465275,0
9.431745383997267,4.133522223000988,12.022744925274296,1.654904239739759,175.99197995131732,1
17.397429723512694,0.6102996929882432,3.8152121515222617,0.4704013845480276,29.07109548242303,0
14.258126080818554,4.939924260324076,13.834198314296284,1.3574602733655925,133.4542387212972,1
16.85009878044898,0.0,6.983500690893112,0.6268605797185792,113.60961459864622,0
15.332259517243926,4.906221968564732,13.253432574571862,1.1364331406405273,109.59521294854113,1
13.444330386935484,4.4023119939392465,12.512371607075536,1.2500345815966927,195.1067255238534,1
19.485814826992172,0.47865990227486743,0.6112350603599515,0.8399206410170683,92.35393927760899,0
5.046447104333556,9.322116332246296,15.015894085543382,2.139531048365095,195.0037938730347,2
16.366204013178574,3.2943777771556397,9.440280240833905,1.8513578583187484,192.75398254149735,1
14.594874617513028,3.164456700505694,12.774873683517278,0.9257858037478446,169.33359917473007,1
6.882785848435056,6.6389461422290355,17.35464247371852,1.97995649499346,208.36847507437375,2
11.194893602587857,4.097549710050977,11.453774136517824,1.2802426166694183,193.42543247326245,1
13.34379202013817,4.389564148515283,6.39522753497965,1.331985421020933,127.08613960231438,1
22.393320695231417,0.0,3.626127164111498,0.8088982332426077,43.304436837916754,0
10.122680868804672,4.275909214501525,12.333392892633144,0.9803101350788734,158.72916097824657,1
7.111479546652736,7.997144634586544,9.282032000307325,2.3633000460913705,234.14940640385382,2
5.646059417877406,4.843596195832667,14.610861219924844,2.2708705371779616,204.55842355755925,2
8.295349117996867,2.2580925057401355,9.727540499873843,1.4972655364813043,157.0961959463233,1
21.670694793935148,1.6775976701515667,5.349635537617555,0.6246982733037854,92.31914390323138,0
14.257450131222654,3.2942696812908285,13.267816740793297,1.3146101117148032,157.04570448862583,1
12.791457257038022,4.289291294563954,9.43877719023184,1.4497201615771678,200.07109403555214,1
8.340334524260927,6.952906094400964,21.726328820133208,2.1081476238568055,193.54605821902172,2
9.502950256235737,4.420420384966596,8.829386482119235,1.2017142331658368,140.90824451980222,1
20.128572587858244,0.0,5.044678478637216,0.8540320700120507,17.457603541092386,0
13.982171473376964,4.280873573073176,9.111009152053946,1.2271840805174326,219.57913604823318,1
22.433631015196905,3.212783691551414,5.198276678836249,0.4737432080942986,51.79769868619341,0
16.741620827318243,0.5629927694991674,7.4424713201339205,0.526926296603144,53.130293459502994,0
17.994122306566105,1.0042963030688026,4.0612036751290495,0.8297463699223555,66.8865398512265,0
6.937289425247948,5.53569114608981,13.602954677759538,1.9812869797722201,242.35285145668155,2
8.105046465732922,7.4079911868120405,15.192960013455377,1.7051053402061203,265.08314288400004,2
7.188352938347284,8.110500133834718,15.356492299527343,2.0653379812260866,219.3343282994108,2
7.964079594439299,8.08614130375914,14.587508870488655,2.0624138117905715,256.8263045240406,2
19.392859619857667,1.4706537651876612,5.561983735470065,0.5065950720269109,17.83075133062519,0
11.628848489584541,4.891758615829841,9.556551204772687,1.521273883012376,217.30227623125808,1
19.16391560139456,1.4267880614596222,4.366469788128706,0.5966133088358373,18.97585920053222,0
11.730231599840494,0.9287039683897693,2.3910609989902936,0.7004508823245057,18.344966091953033,0
16.190734477044813,0.4584038892331749,3.454681109458352,0.7245287717793915,105.21186214894239,0
6.194946002786594,5.812070859980302,15.63816049108934,1.5940454537549429,246.24051358623814,2
13.097289092271408,5.395875706168933,13.258926263309057,0.5731350920647879,164.97891016667015,1
7.280586851401088,6.015134554979618,18.722835433140304,1.652733268189764,208.6530009983472,2
9.78431546039218,1.7474559289914189,2.266242603169158,0.5662851897160974,50.453528596501855,0
15.510782494104262,3.3438590129011483,17.812475059736848,1.4604634855156666,200.89176266843032,1
8.815721275408983,7.026121373497347,17.456781760132007,1.6385468217000527,251.26311179586318,2
18.259111068797488,1.6004694830686212,5.391950067729205,0.6475469126660109,98.53974545255825,0
13.115296698841103,0.26708678673492525,7.093349654561875,0.7140320244495176,43.45040995684122,0
7.197996115249594,7.253872392613994,12.519348828901627,1.8421248482409833,276.76211709665205,2
8.45995535971714,5.236461632666792,15.175115769394047,1.348411400415067,184.6535840078065,1
5.543564950388911,5.361394707932806,18.562802684735086,2.170813944485491,289.4642745629919,2
13.215106157567138,2.9853373883744636,5.1692106436245995,1.4259569849197646,91.77578484658797,1
5.690031022782562,4.797967526848973,18.949535442997064,1.903717022858202,284.2508917926067,2
12.05375321466575,2.7005991249003456,14.402146031606478,2.0886641593261634,164.03393900760125,1
7.0526825774948705,7.28271848663423,17.512957046693682,2.015746445929667,264.11784072261923,2
22.92552101029997,1.4723376490011708,4.715706926118908,0.6508030976882535,104.435710000671,0
11.484568608591978,3.8240418711476774,17.047325674075097,1.4849667204747876,160.65362950212239,1
8.237932042714451,2.8012763485052905,10.817900542958244,1.3026676738273035,156.9473753842848,1
24.332204972701106,1.8430416416279223,2.244661264085818,0.4593262440127316,99.0297271026365,0
9.142637274854321,3.1819120790621582,8.66444376352526,1.1227832201145207,135.09141142075563,1
19.985589843637726,0.07330824864596575,8.006796603534301,0.7316043435863506,71.56135518356055,0
19.47198458858291,0.36942471622694617,1.1426371302743155,0.6917680573503995,89.24770724483558,0
4.6254917083529445,2.823082187604955,9.65902947250288,1.6797369722510203,178.40793367988874,1
10.6694267555988,3.8426717084505997,14.780571995828446,1.3921520045871278,190.5574947314734,1
24.63244349400027,1.6333301551703487,6.24823963410431,0.694251826389642,20.032671335355943,0
7.342946380895257,6.363999264597689,18.828809223271776,1.801647087685008,268.11277606510396,2
8.167746003656905,4.44900704933058,10.594888101143361,2.006392873142223,141.82337357552993,1
5.788111674305818,7.05885708222996,16.25106945993066,1.7953234820676962,216.40024588739846,2
17.03389751090609,4.128743039315895,9.119705793060062,1.080172565704195,139.3550220629275,1
8.144171365108846,9.427428587436417,14.676233171469793,1.652807452476765,206.5736930292187,2
12.194874414750448,5.305277454603155,14.44412499620685,2.0551000907541805,284.60956526310684,2
10.935436280777353,2.769669483196359,6.771980086855614,1.418382416709675,144.99187801142915,1
16.86982517906208,1.5394243749974201,4.770311961033953,0.6232554935393277,30.975649273003324,0
11.9224855658516,3.7700489012110987,11.776373874236045,0.5591004865092049,193.5804718740799,1
24.727564371839847,1.3847264741991163,4.59495154587034,0.5207554430005531,44.507343723287185,0
8.736320963672226,3.1789093833817077,7.882733313318406,1.1218175002998125,157.18407730978112,1
7.52925743010286,4.175697150211124,13.484509145445928,1.1445369731264203,170.05970627476066,1
8.2352413301693,8.833517884701962,14.848169133809623,1.8594609978772894,283.86900752365455,2
8.891321325641167,6.818489195135675,14.853526413843031,1.988453068945803,253.23693378481153,2
20.02871386763177,0.0,5.32097924794696,0.9318796559095863,23.194823590406678,0
19.164183379103942,2.688108465668498,5.537067972929617,0.8269513899005982,17.310965835389933,0
19.979581697738944,0.47406896503129314,4.491691294660301,0.4549900622783325,48.578076679129275,0
11.230686438324367,6.926239323594171,22.302748417704734,1.8899787456991364,187.97299581814804,2
8.328172457540443,4.798342989017114,10.360264883884,2.3150470493312567,298.88346790790166,2
5.971148363476514,5.436737789352334,12.036298787008924,2.19595420114126,291.5636998398535,2
14.379360310542161,1.400826674813876,2.9150302515457227,0.7916890243857247,89.72434486816375,0
13.628025065873324,1.3523797903683192,4.960724402146638,0.6828734931625722,98.65918047526739,0
25.929197944611648,0.17401682568410215,4.695404043011706,0.503897454493834,116.01994273069985,0
10.600652424279392,3.7224708815649086,9.902555950174344,1.1343785961147541,143.34388726365023,1
19.58698095940381,0.0,4.648291191135858,0.8492205248592026,16.36288943918767,0
13.731787101602759,2.258904485687185,7.525117940226277,0.8397543000494878,147.39743054641247,1
11.327277133355441,3.746998337614504,16.706282304270882,1.4427932711793903,152.42254744174664,1
16.196186467622113,1.5567456807526798,3.9667716024797843,0.44651201649366234,56.02944468930039,0
7.436221080965219,3.1138899928673633,12.006756629031166,1.021121734636514,172.9701920268263,1
11.810931067860329,4.259063149642717,14.846475831670242,1.6467273048333464,162.8615526825552,1
12.665743144051639,1.2083773992567048,3.2421059935042935,0.6444826982146958,82.04352150240537,0
9.005698019293405,3.968302001095545,5.145642488819387,1.1461594926972087,135.38260824423065,1
14.856049635987924,3.8530566237547053,9.455577392931795,1.5233212253076618,139.5486309880872,1
18.597158221506014,1.8399953339604544,5.677783196437043,0.5498795327310235,70.38005948040788,0
8.0121282757861,6.026567821544527,13.340939568067785,1.7869898540883309,217.78532711012997,2
10.647779168091745,1.5979527979293597,8.046137605050454,0.9095614206443019,116.1131956399155,1
22.488828576173606,0.08893350577538461,7.078223574840537,0.588635357019681,33.73147470940995,0
13.467391669947864,4.0662047654457565,9.998174553033131,1.5589881362481726,140.38362397897816,1
17.549221416489566,1.8415160458124835,2.9701303873807166,0.48582204227782866,24.264687604665887,0
11.236876748920315,4.884204548926215,10.444172241672444,1.0070548769632033,106.22629697543954,1
8.786111853422073,6.642074457234092,9.540971684067635,1.9861301912203777,210.4411381914156,2
6.968268163092973,5.668297929493519,15.735219309594877,1.838872145951674,233.1984007774896,2
12.476049970856186,3.5246992407048774,8.866030762044346,0.595433428370287,178.62469681716746,1
7.066031753869719,6.749295873755746,16.438705837067083,2.077386876788042,273.9505983529074,2
10.425993658303907,4.91343084724181,5.481751268793795,1.074673462523755,90.54563090797348,1
6.327128844775987,9.399556301572154,13.750672374904568,2.5343630386903904,253.24646165843626,2
16.811598201803598,4.815257647614287,5.34692145405004,1.6515587996637118,155.4166071097453,1
13.699622961244968,3.2218369599770353,3.5306638689849024,1.0886227887988817,136.94295328144068,1
19.741245579869926,1.0582992784124123,5.146393982003389,0.577463551680261,62.302328675600705,0
9.314578484708075,3.6167185415024674,18.780651251664928,1.8736220527248575,288.78367585433875,2
19.46276503411781,1.6486466185278257,6.586977441104426,0.3377202040142729,50.82896657813903,0
16.913486710332485,1.2373026557409403,7.010285146556036,0.5621429934803325,96.06240324641008,0
25.47451848838851,0.20079501395211485,0.8791139251818221,0.7636450011779129,56.22745619882961,0
9.232946012814246,3.0167358034014513,6.4331766458399535,1.3325281948948438,113.03721937676113,1
22.014944184849703,1.4659167679872502,2.858811323528796,0.46653808473201464,49.6150048218671,0
8.963579673138138,6.486993597586411,24.807924623914328,2.2820021656154923,283.2961443998655,2
14.256361904525889,0.0,5.562018500563613,0.28011065607677454,58.47313717667229,0
20.751098313625967,4.574616241399092,10.055470176841467,1.5938064535348944,209.14088532658735,1
20.769171912567582,0.8814216979265836,3.2430343269038597,0.3881196354868496,16.390114728838476,0
20.87644240013764,1.0617158287065012,8.244386203098857,0.8926713072446691,65.03063887285364,0
17.684146979223318,1.0509507149212929,5.943922666493218,0.6208823112967354,76.17730021609643,0
13.684333382579855,3.4394311620185314,12.292988842391157,1.317819282114597,193.59850354654188,1
14.565604523244787,4.317148252183901,13.941346529715423,1.1953585077819782,142.28032963971577,1
11.317269831670144,4.311600691324211,16.68420060295957,1.8144772771282753,274.09136406958174,2
17.662875361878015,2.8417431078993425,10.71621377587407,0.8178488024597387,217.57267784799757,1
6.07318333100299,7.167965149121126,16.91886295193919,1.1896182203699124,235.93433031213107,2
9.912190792647856,6.390838796615133,13.004208730690197,1.0627928793107126,188.59797440998236,1
16.038359255694893,3.049101505800434,10.493507770130517,1.1324683785960492,159.20297833632333,1
19.0482258106117,1.2152192545100267,5.487274094055042,0.8080137099196729,53.620905018895954,0
19.97775882540772,1.9428101518387382,2.2531942220605017,0.6779853209293129,69.81657774309215,0
18.499214478704253,0.7458279225950127,7.563287590007537,0.6836536591087686,73.61282393623966,0
12.363774598595462,1.615652115024806,7.236762564221161,0.3947219785912175,103.66328942453933,0
19.553964691428224,0.35602681531795133,4.224600167182878,0.5379576501555535,32.2523344074024,0
4.808452133780104,7.833552609309375,12.057853470531704,1.6603663831905244,253.60442037142116,2
17.352854140926446,1.6819466678369792,3.4149585231345987,0.5827895337799651,12.788581775700326,0
18.496564356619672,5.265544754184782,13.074322336845185,1.5505741092820144,128.0033304668397,1
15.972263350836286,3.6497453751584668,7.162685061780167,1.1967772360047615,188.06887421823825,1
5.729386931263592,5.554751409225923,8.844973606087065,1.845667131278647,260.103356311578,2
8.724712328940033,6.422865995183932,15.740627738280988,1.733389522953136,271.4640927511299,2
7.25184764097091,7.759954682363504,14.797403994970892,2.289889385591032,218.36033654815077,2
24.154424276835265,1.074526670159794,3.9780216596085456,0.21696756059161526,17.750674543365413,0
24.717760482885147,0.6246594783162361,1.573730941818245,0.803080856124812,116.69058375960635,0
8.158250774285014,8.21910349705286,19.433984378798847,1.8893012039134494,194.44377141362756,2
5.829585337121992,9.578553750453846,21.63234410787839,1.6694497140100768,243.75725242671544,2
15.159364357571409,3.406602431422027,6.004757546805472,1.4823199654355792,199.8935658629435,1
5.7990603671936025,7.852365566708185,16.04247843855551,2.423700708601896,269.5160169463302,2
2.2036738094982047,4.887352764447459,6.248999571412883,2.5336267981758724,223.41688416425882,2
5.499482384616527,7.882355191772588,18.165763757225115,1.7044887555345298,191.19614140287044,2
22.85898259955578,0.8130207537186196,6.414915421728762,0.7165397538532243,76.73915377604553,0
10.185957449617767,1.4955169051485804,9.117630458871492,0.8736487356859141,103.41597554775869,1
16.253495918661255,3.1605876226873844,5.748770326234533,1.6365727922461393,108.33777393399862,1
12.30516962541531,5.797614124365313,9.061490580845433,1.509275801510072,205.5301179220238,1
10.712453129317037,4.095995026292298,10.364509029456803,0.9132736926532066,166.88296367685882,1
12.57066966553468,3.5444506039877997,12.571475165269865,1.6573915789448268,156.3341440086844,1
15.750811379334504,0.041373291402273416,6.727193318493181,0.686946484398397,29.977536453226293,0
21.00824137082111,0.6990940952206913,8.498448405054308,0.4472625533507658,38.62602577837523,0
12.863046131027167,6.010155927628271,9.886846150703226,1.4270181008560283,162.95673490285301,1
21.23220215801641,0.686681146062567,5.538253882490214,0.5485211586753884,40.33443250764927,0
19.867080037422156,0.8335065141819682,4.742924977122138,0.31772264317535415,73.49198754080058,0
7.2783369234652415,5.934576944273383,14.125857499440174,1.9460282141156167,228.27735854089946,2
6.961047069397309,4.105776606060877,15.57167514048792,1.4966978583565325,280.3611834943005,2
12.423343490116778,2.1700180718271285,9.59866188243628,0.94186845957995,165.63286442110234,1
12.839244002099953,5.183300669773254,11.939348105626783,1.8933777014828637,101.94054383979613,1
6.70580403179103,5.714113027063131,9.76826786764719,2.0722390152601076,209.07373921415507,2
28.344188198148455,0.1881924054513182,4.277074466612029,0.6624669057152178,23.810476888832483,0
9.329376189972074,7.409371172849884,14.575018938527505,1.8624130386075675,265.6616939554472,2
12.432092705937679,4.021742173151045,15.346072338104417,1.0893350691188928,193.03684822555073,1
16.749816919512057,2.68423794356665,5.069775894178817,0.39367336656468854,68.14426215811866,0
23.598399501733002,1.2458396167012875,6.62572423767792,0.6944443262885418,41.02380298284371,0
4.790738015163023,8.001263383722607,14.127034070205106,1.9809246812475758,197.6642953317491,2
23.438339489374226,1.0638411872469864,7.279111072050938,0.5418957053170783,24.706521983937982,0
5.860204161175789,6.569623636093486,16.934886471174188,2.108319802644171,257.77324906515497,2
7.6652415695620775,7.15260580875989,10.957661125268045,2.1242830735816147,225.78246626271843,2
22.30580538048969,0.0,5.369941150146312,0.6679134528115042,55.587279371374024,0
11.619369909280058,1.2033391137969618,4.481499114839549,0.7850530382064054,37.35856998463929,0
13.064584933964994,4.471605048229823,13.524986086754744,1.1764986325871656,122.12885910393813,1
5.889749688392776,3.7644449121649743,13.557385967843873,1.7289773982446037,246.79270778163522,2
16.422669507646322,0.4644718441339586,4.590129924373509,0.6010302382408556,10.843043591414785,0
14.914237073017079,2.4456896551994554,6.43734049967488,1.3736729454207401,93.9516639254984,1
7.692331642109562,7.102590790954994,20.615184953314834,1.8623899042007472,272.17645555378454,2
6.278590999100853,6.67046943246424,19.45880253092432,1.692599541651167,265.9553196584206,2
4.420424626678006,8.798818812396345,17.424967231541164,1.9545256923466372,258.24169526027407,2
8.118854509131165,4.561471218102026,19.265901702974663,1.6452634890398268,185.73497806441458,2
7.584071443461816,11.123173623865098,16.199766480708764,1.9185364810688943,242.6712485434819,2
8.854205931663206,5.93934912118568,18.879471858227106,2.402187432899817,203.05714184358652,2
14.39236772913505,2.056147357758734,5.595209885594245,0.43734431873143154,99.58223127359896,0
7.261884277387394,6.023215100633237,8.855249354054738,1.3230777206942321,162.12948474830904,1
14.613287610554615,0.29552698716231474,2.7388953906368663,0.6201643323942032,98.24166788294437,0
14.100218088978721,5.534093074314265,11.493190328676976,1.0411963428992006,173.425815825823,1
9.196218315304588,4.09310246738367,14.190280532195473,1.3334904946128527,102.13265563507743,1
8.755759857782138,4.403016717664083,11.549190003359737,0.8264846329488015,106.66989314949063,1
22.728277960250526,1.1009423229295738,4.555050206443469,0.9070293293579337,99.06425398924783,0
24.898337750504574,2.2987172498392363,1.926104079947359,0.6401626836546693,52.99965954960661,0
11.292059703399161,3.412067174831245,2.34992112545096,1.3158073856125678,95.82612038720495,1
11.91498046390062,2.2942423754121695,9.635440965399287,1.637604401237617,159.7610263656142,1
26.34258597154293,1.6236533817923053,3.02642790852091,0.8223033740423685,28.35462218686281,0
8.723297724646306,8.040276496338109,11.73377401772252,2.075745189240235,202.7393962607823,2
6.242031851883618,8.214668908842137,11.9653396576564,1.257184046080436,281.79295208006744,2
14.670781594401603,5.268987135162614,11.112726371905861,1.130013431476082,103.56828955076777,1
8.249923033237188,4.366841428899733,11.654309614526635,1.4177463444116392,117.046065054615,1
21.922978319071937,2.197368325956785,4.010069039263854,0.5253641252536179,30.267351672994167,0
12.446320213503277,5.052532150302359,11.97654742338173,1.3881876039375278,123.34246842785376,1
7.885506642618209,7.0628770603579385,15.754172552824507,2.4812152723538152,273.22971591054073,2
11.967182844119742,4.527811463767393,15.029270253532221,1.4178107997688,158.27285269144915,1
4.129708814259958,7.575310703436532,17.013885449840135,1.8793990436497177,252.93278686528825,2
10.6269690210347,5.2857711163054715,6.670749616335177,1.2969741562600685,159.61836475042793,1
9.113659218397427,7.470670559741672,15.504613557497283,1.7058139562700485,260.3581346764332,2
10.935791623402869,0.7193774355187567,4.544560770328494,0.7073239645154228,51.078905025997905,0
3.9034766635383296,8.164131059293847,17.763505365597368,2.0755210607375116,273.0497417959708,2
5.588391889768701,8.134963697660407,13.423467165103123,1.5753525592516013,251.76220378039642,2
8.090070949175951,3.458048693552645,7.0739989669293335,1.2382704699161735,127.55064603311209,1
13.827716492669259,3.601762165813625,10.974344782330343,1.3439819223444835,163.25116159567074,1
5.529652876253242,6.767194130699863,18.359189059147404,2.105007647049111,248.91200275210775,2
16.435125999572996,0.9505279328314533,6.705191606590206,0.9180852180645752,54.81020766341156,0
20.856374976520815,0.0034089770304095435,5.346361851702364,0.6577976069593255,72.70672870983014,0
18.810495683027575,0.8028932779883615,6.972753011811874,0.4932040159111616,61.87890017147878,0
13.06897748871918,6.331553721813378,12.350859491622487,0.9464499006479885,151.54692281897567,1
15.68851275449124,0.449025866861668,2.4914022741284962,0.37936368642186025,17.558504549635707,0
4.180374194644514,6.940714230752763,17.080594408999648,1.3540784080263475,217.9802567892349,2
8.848195881932456,9.254046799516296,12.154443527861282,2.34383843004093,204.9921385521083,2
12.429606577489146,2.213687226445116,12.361100415849542,0.9642353630775096,163.3643518235096,1
8.16557170806424,10.021291483531773,12.5502567564975,1.8307187987652234,229.3232534243174,2
13.07650758493773,2.1554710335854486,6.772127120492306,0.579438326843722,48.30810137256304,0
11.3617799458032,3.011879086051919,13.902719360641559,1.2176413037208804,99.8931372583371,1
15.435055132621088,0.689790573834782,5.80292828373399,0.38212524043684537,56.57826853897717,0
22.047115914601978,1.4949806704835726,6.470682308395592,0.6092862156044995,101.84524525573285,0
16.331378034515808,1.5358464784074708,7.117561346980494,0.6297197476703813,57.53278604821223,0
18.28279110193096,0.44606321610091515,2.1873650726563323,0.5875341641056958,77.18580781833451,0
18.18757652807715,1.7157788117177102,6.803246752118728,0.8532663233619197,76.34651321352418,0
8.292372024273055,8.287087338318946,17.902229983117703,1.6015587275794236,181.2867363473262,2
5.775212430557371,7.184790492047196,14.671685329941411,2.194101601065329,254.16389810173646,2
13.180485783470704,0.0,5.2816568530555,0.7650896410141965,51.84406038674506,0
26.994303656234134,0.6874144684734491,4.532975084830203,0.9957262884930899,31.154735006278557,0
12.22606559956699,5.389416221751489,6.079043622592218,0.9862202754264622,143.12787724298562,1
11.303606241593034,3.074323341467927,11.152527644012991,0.6153109085344274,175.95481696515193,1
15.845774775856462,2.0339434994696663,6.180009522208943,0.981058664652215,91.64211100332457,0
17.78412580569021,2.046973343137826,0.8554146276551222,0.4572119789656174,50.40745668050079,0
4.0201275907195555,5.104192658899425,16.979143023536682,2.308311208279842,298.33182161762386,2
9.583144573491463,1.1591585174371957,5.873477103467019,0.6606442132442546,46.54101364271651,0
8.560637951691364,7.359788975605397,10.58394401171742,1.3128606953580348,104.50148795509145,1
4.517401454518087,6.141287464282613,19.768664033324075,1.9425634127885485,218.8256829955981,2
5.874595668466993,6.0139275131973156,13.399964135940147,1.6721628040049008,259.02077366308754,2
19.002521499310074,0.06956587977231843,4.173152458727118,0.6048594320525368,58.852430569294704,0
5.331247376490524,6.906229347734185,19.12332344957369,2.095902381492971,295.48563926724466,2
5.493471576525716,8.656394600891002,16.421277602334502,2.030624695819282,234.65395735681682,2
8.796247665162518,8.118453749204205,16.464916055669416,2.1301673882359866,273.53080369770873,2
15.486023112813632,4.938847324350596,9.754867923575265,0.9033788044740545,99.21332108513357,1
4.711490367470759,5.981943801832583,18.99814283917837,1.8627614875546887,221.4248521002399,2
23.816340408626512,1.9747841718973493,9.404027849319231,0.5465861927071417,14.219771026677211,0
14.656731245085135,6.138021743760222,5.905971022298375,1.184257843181085,206.31235920549253,1
8.621786051509009,8.406993017636793,19.113912687113107,1.980616899634878,250.13297569687631,2
2.835056046594657,9.030152594361626,9.309609241256158,1.82085153087981,219.06215779575183,2
9.099355422107946,5.417875764258509,8.381805695398082,0.6298530881946779,171.4118269591943,1
6.149503308540987,8.256750516286663,19.98157366840536,1.8020390189871014,190.7183425420515,2
21.916012573571034,0.31095233624231355,9.357124347983323,0.629150019500735,107.86561538288315,0
10.47307041482789,0.6458955208696966,10.11610688427269,1.436414725295121,153.3877969464429,1
18.728956423930416,1.093262809609971,7.143031871162077,0.3740198954714401,16.196660557916378,0
8.570587214070096,6.295546767596501,19.287968368736095,1.538864402141314,281.38178475223424,2
5.262646169038054,6.654015746697927,16.18549501605436,1.8745278029393937,231.11109352296924,2
6.392273141037739,6.673517318292825,15.0564988199494,1.969500981705618,266.90738847682036,2
8.756582001980131,4.646532552302739,4.1174476065013215,1.3082882663175153,158.43376935133415,1
19.369104166983586,0.0,7.065200808035954,0.3284803012505976,18.55081006614833,0
20.60561219180693,1.238761451185152,3.434802805162822,0.7060548539416177,58.73439742986769,0
14.33893123230325,1.1748272339287564,7.018943577191937,0.47325878421097556,63.086135922767276,0
13.59102870501174,4.365390642016174,6.827455989119706,1.3870026902024486,211.24864730686528,1
7.085263022716399,3.688483933828876,13.634282510897291,1.0483658371039417,198.45321546607232,1
7.299595496791548,4.181740084332575,10.280883584365917,1.024891529171423,133.66106106190819,1
25.10786154435275,1.2704187848813666,2.585956704285569,0.4387031410426143,54.29740930940162,0
7.416914434104733,3.645032270168927,23.533397643070025,1.8940205315028265,295.26617793657124,2
11.35613800384434,1.5700559981281397,5.234892255248253,1.4166080875069331,167.02323260215024,1
19.080481714214454,1.5025120107845356,7.540251093151431,0.4772288674436413,59.743973497878784,0
19.320590569289077,2.309391969464512,4.633398580947605,0.5970308483218938,100.13380540631421,0
18.156670640812948,0.7012562439870554,5.007761233360814,0.843326237830478,110.29636236199485,0
17.67993466938526,0.07486734660491456,6.700158664835106,0.6626521128359101,115.90058422472529,0
21.25791788993362,2.470480566369309,2.664931569374608,0.678082958659864,33.29204482576615,0
5.328120447666983,4.584745303009848,14.898569286858306,2.2368908114757207,181.3523335427278,2
12.571823827988112,8.472732916657906,12.488692727507495,1.669818228292005,277.82662250545417,2
8.116519935425966,3.017995019996496,13.973447877523212,0.9136352067526565,137.82013354856412,1
20.737236256312414,0.6639778181646699,1.1906506130690726,0.816661829258263,49.99725941090702,0
22.288229766856578,0.9502471864005512,7.248706719741005,0.5498884153530089,30.739466632417624,0
7.705764629572239,4.986000605122268,20.024696445942702,1.7363361482219277,195.51556454056288,2
10.098100123109992,4.68684032989318,12.545613842025963,1.6812294666597105,113.98955659576373,1
7.402205296206714,4.3231674274748055,13.448462092031106,0.7276974846804111,201.9111536456483,1
11.358689255812953,2.796037802829404,8.922605115673376,0.8098649313234259,139.9640736346086,1
7.499184952148767,6.779242528227345,16.05761026289664,1.4448238418283683,281.70384041544213,2
13.870577396477575,6.166500215703737,6.406126112978014,1.072028624150828,192.98890514171072,1
21.029013684446006,0.7244182329980378,3.501168026086053,0.6506649148581902,86.43028028588928,0
14.06377334030266,0.8332254315676737,7.41321630972783,0.3709248215115528,69.92811938037082,0
21.422675794252918,1.1532619169552718,6.012481978611852,0.817095854908771,31.1225706049979,0
20.191845783926187,1.2654750906068124,4.152447177103938,0.3573955574837148,75.29170289166646,0
18.0260070247175,5.4102693466814,12.405457870603158,0.7514201819995725,217.2845820668243,1
16.317880451506408,4.5098777798869785,12.92237010788779,1.0524541528551508,125.69440102163281,1
5.082592541712833,9.731450837899345,22.639833754033912,1.961496744192673,186.96366742603448,2
7.889942586238765,8.018879778550316,13.863588964866121,1.7952311573753896,234.82788850973887,2
6.474235053929248,7.347109526916124,17.39488493651829,1.9683841786187828,249.1644731826653,2
11.7374329303895,6.587823346299899,23.151026142214608,2.3271651070468202,286.8057491848729,2
20.165302529082474,1.3544017043579002,6.9030995411480855,0.446825631365955,39.86412027969824,0
23.937289593906335,0.8288089246195929,4.901072580695134,0.7012229238249905,77.47525281317785,0
5.995784350340605,7.465263740774257,19.342703040227814,2.1031091409402416,267.10376529917676,2
3.8739621974071006,5.11323916599202,17.165755867097808,2.4238876601980275,212.31414237704513,2
19.106148858696596,1.5712003952736735,5.94647524914709,0.5890756631014691,115.99819747981782,0
10.44453478197405,9.229226987715016,17.355100602927816,1.8329804750973726,289.81198891294355,2
9.92817437555003,5.1624941305494945,5.487259986865537,1.2735636520405063,147.70917074605018,1
13.913612629469322,2.397391150006677,5.103567702397907,0.6865190735870725,76.55984703945923,0
26.00942820838411,1.0592758243358202,8.257231091142584,0.39298478126776626,104.86000796214196,0
9.4483038314897,5.745446153065309,14.302003011191383,0.9340082492386206,119.37827953599401,1
18.6819847974555,0.0,8.702108353699533,0.5607448509276245,113.47039991047252,0
10.579631221035909,2.7032086845109005,6.369454284708153,1.4092179978585835,113.87600004164514,1
7.254770199653995,5.032362183287025,15.996758328235012,1.7187903128663786,195.05497074491782,2
13.531606135353709,4.242086385755253,11.591107566996397,1.1641323730120812,181.36177403157672,1
6.739972053489738,7.062521810825364,22.633999085804597,2.240477284479759,204.90361624953627,2
7.4620308291524795,5.615263385788471,14.433605740158407,1.2610301654778224,219.36950614766,2
7.087710195399484,8.220839220308495,14.214550665200655,1.9987513066795002,212.2840258531093,2
14.327932699218483,4.617371284638099,6.648971313309024,0.5507589698960998,200.66668758814905,1
26.56158912373216,0.054781470668298304,7.902509313909226,0.4890878352595964,12.237519007039541,0
24.475578391722678,2.0195427413500653,4.656652692150433,0.7647727314077728,74.44493555807136,0
19.30949080023672,1.706927949989338,6.304645756826839,0.3635411764523626,110.35996801783601,0
7.503738896636051,6.3749620198063965,15.337437159611346,1.6277857141710037,276.55469298484854,2
21.998740441211737,1.3776018167354196,5.151910535832175,0.7114023627539583,32.03102196543885,0
7.490859421927558,5.194832505244435,7.355698884319013,1.2270929397619303,178.26290515648708,1
19.66646289890283,1.1485540717928475,5.394654525190422,0.4780908064622352,78.60136561192927,0
8.300622394992686,8.287688263958547,16.752829579709978,2.0098167746382374,299.5392355460009,2
6.854460087889739,4.9911082996367835,15.049943727782589,1.3178305089153373,95.50354296732397,1
17.120041867112242,0.2607497541271476,2.4929879752564768,0.5677567742881573,106.057979236084,0
11.791864899179012,6.270414123987635,9.9325930699763,1.458862852169922,148.53447515456295,1
5.408090439595086,5.9198469763316695,18.66869102517147,1.9320742638309816,289.5271951306077,2
12.04536978475366,4.403587563185537,8.876131542021835,1.0559491247378296,152.6527563210537,1
10.073311657479955,6.1577319678332625,15.570500999093403,1.586669140957666,205.35377261985,2
10.849676724159732,7.429023711451937,13.452929703753894,2.3396138282495555,229.62486272921865,2
14.535819891126287,4.72453776346355,14.545954282971405,1.0374680291965195,142.5238935426998,1
15.84838490651694,4.093608902174629,6.076670304557018,1.0964687709542429,127.03084795937977,1
16.43849176695969,1.5020889700739604,3.1863845479462816,0.8358459384278666,55.73522810886166,0
8.48169503962472,5.565729200852091,12.812037934287101,0.7410922688995036,112.43615322640537,1
14.72259690237809,5.308293140389678,7.99270971958686,1.4411959487671506,147.7635717207861,1
11.244699518788893,3.713865199420525,12.522755909591307,0.6961720141845862,136.59229103019615,1
19.19919498279852,2.1193823600569273,8.0782846916213,0.835859731540549,100.98739632703857,0
7.157470995105481,6.914721685692285,9.620902005831583,1.266840630515658,125.07834892784226,1
17.490228658093997,1.05844655371965,1.7525228357655407,0.5445134295814279,30.945484562740123,0
14.859528762988061,4.946890241679892,8.112337981457912,0.9879879694880982,157.76480799712854,1
10.922008542010362,0.8325467067028,3.1946228123558544,0.6508766368703226,57.334807084663,0
10.109571509572959,4.688850317060836,9.670407630694193,1.1447739398952241,180.39146345117,1
6.640547270428395,6.462432852651597,12.303062421931903,2.2281296942285462,185.9816248937345,2
9.414851498313297,6.4651863570358215,13.918910522606787,2.163779171549968,211.72141412720356,2
8.867438463407929,5.017514504026338,15.59718206790537,1.1032353869320135,185.81336775274602,1
12.358370020217361,5.427033966512736,10.861482632808324,1.093008451758287,182.2775197395839,1
18.983586183857785,0.4696746621761081,5.056157548095981,0.6156341908692611,55.777704104677355,0
4.339415287370526,6.723595790430839,17.183121536177342,1.215096888272539,186.39969478063068,2
7.897161758503694,9.336518907733364,19.303658742183124,1.6475477623265404,204.8155639629128,2
12.165605261385549,3.284911071024344,9.007911563671678,0.5915180878263627,193.82815376799215,1
22.771423023271247,1.587710036367464,3.0283923826643466,0.5573767353106804,83.88797451684668,0
9.205205569413582,6.4224698955666835,7.8996011411502725,1.2966722642647226,214.96630150776025,1
7.085814652335383,6.9959714112051365,14.444693104367488,1.7260434455610014,182.02406180818303,2
24.422103731831935,1.9496242444483043,6.277460444058369,0.42854926309042746,53.32508462195743,0
17.672871866431784,0.06089602847282194,4.604124542030636,0.9101859507245328,56.022848671616686,0
20.54638958235501,1.0203082223778175,3.56685302315179,0.7214391653957828,101.26081858882212,0
5.050801388891926,9.336065498146366,17.801202847873316,2.5576407130756564,245.88635278292028,2
19.745705843255514,0.0,5.151152745340076,0.7573296212813043,112.2857530523267,0
11.258812610660376,1.9150693811363126,5.806600780490563,0.6641425922377173,77.30141221135436,0
7.102152608930156,5.72017282278718,13.99470090805369,3.0,264.8281082010865,2
10.764385802270596,5.258082247769952,9.729326206299524,1.6826664280239414,116.14085349278596,1
10.052770999300083,2.8826016870676483,11.43188802642827,1.2652540487816355,113.23361679676668,1
21.168789179533363,1.5380157586728167,3.4379821129036316,0.6389824852378946,76.4591331989851,0
15.065546303856376,0.0,6.498027910148262,0.8324011390156589,42.88187651081665,0
7.915343222387172,8.747735685841782,14.833693748711255,1.5214367669924544,244.64069999779474,2
7.891608676031826,6.117791060550083,7.6771902327878365,1.1329000284589668,104.59545858275825,1
16.93254384798179,1.0544578153988968,7.057537982846961,0.6752527567753182,81.22717751271794,0
10.8998469942719,3.5837632144904674,12.575119695916381,1.3095543120907938,206.01540307968511,1
20.735197491973718,0.6684881664278138,6.713992489832527,0.622682751599271,23.472955853532696,0
6.671572431917012,4.16721488092689,12.789233679956752,2.1384778053021836,244.1854578561108,2
4.156661903881935,4.043918077231645,16.678947858695437,2.0489039233211477,209.71753404547866,2
9.501577390725773,6.065760438170149,17.17471511165526,1.9738511291087715,216.87059773545732,2
16.582026149047785,0.6775473055706223,5.544473450654776,0.5914094383766846,34.84695542269335,0
8.613110204600504,6.871614753720143,12.168330321798319,1.2565837025925035,103.82733729353153,1
10.341285184887603,3.416313376209504,10.590973468350375,1.050722776606741,150.2424611601845,1
5.9967066424070845,6.633677439736497,11.6058799551473,2.239886849441841,280.40608385695475,2
12.86064057098502,9.768701980557896,16.157866390051783,1.9480432494746123,214.54083516921622,2
8.794196342792793,6.305107160201478,18.04247262751826,1.9160356497281907,189.4577566972841,2
6.574042686899578,6.61546653572028,17.831319997950548,1.801181063211237,200.756342952369,2
20.100843470160328,0.0,5.328589530741138,0.9294334713229198,59.00695959424773,0
18.59727388848485,0.8166271587571263,6.62772781624721,0.4589379338148146,104.12661149169143,0
23.744224671744064,1.6215493623452133,5.060952827841258,0.46541204907581146,35.474129041789936,0
1.705775783889636,6.4545847956369835,15.59033039165361,2.284322917627354,215.4737232253015,2
18.446612246795368,0.7555047111453497,6.267322049548118,0.4952700488083425,56.805622519902705,0
2.7801843274610674,6.575582536953461,17.678224702616244,2.007665684551325,224.4856276374853,2
5.67465189613098,8.488161131727267,15.335955494833964,2.06559080901547,188.7018595605075,2
8.845357324979517,2.826694718749542,9.845256228353266,0.9684328874442136,161.28315980887345,1
17.847055256035382,0.8913162268894044,5.572389518096044,0.22522596181928234,63.16237134629577,0
10.052561445723278,3.522152891536932,6.7906628706725485,0.7378766808148957,170.34487820800442,1
13.965234052891578,4.394669844072449,13.052594271791879,1.0611250861541017,180.69252696824634,1
17.057880229640933,1.98887454016835,7.182620241188538,0.6913707181360765,111.98956014273979,0
14.21756011011167,0.32469046918580813,4.313597526737664,0.6686514681643259,115.95447933846725,0
6.826611692829244,7.062507133209034,12.45567621526807,1.8801934042161912,231.98623622134141,2
9.194106844950156,9.484963609654942,18.44646799689903,1.9503172148913874,288.7800331816088,2
10.43243721177109,2.2586752162399137,8.781545750278589,0.9159051703147956,197.88934402830463,1
15.607418087876614,0.710550928613946,1.3924371564436435,0.5467519073830068,109.00915013181287,0
2.978685349438246,5.726408055810637,14.70467701620105,2.5430453163557836,295.6150394445537,2
12.096794432313759,2.927400135233092,9.452245364762675,1.0336220278702344,168.13998387083103,1
8.228211610579368,6.4602393088294185,18.687552640308418,1.9274440017932706,184.82013767406974,2
4.451641968433998,5.811044884079052,14.333269699365385,1.7644096455420173,299.8964491459812,2
22.787817618042943,0.732944408195192,7.346249275173283,0.6554463288297141,118.24144795315107,0
22.01304090610202,0.9722675442099147,6.457637275319272,0.6888832961893153,13.610804870116414,0
8.918839173466052,5.119334391727685,9.687812987168556,1.9091755888608253,279.1800800376874,2
13.233430599958929,2.831901569794656,10.733149381591542,1.3701740546572565,195.43281960798947,1
21.184739218924054,1.30017356572573,7.708038284743046,0.7033336398737444,26.725342416694097,0
6.9175360145262585,3.159140007351088,11.877878946343492,1.270219797316704,142.0773986336854,1
5.548664794233959,6.944173212004339,13.967913313834693,1.9628062990562842,201.04413630484527,2
17.5803729442873,1.3982306475342219,6.074824005640761,0.6963451852516763,75.63952891168388,0
13.266874893790188,4.164147040092395,8.922600933108766,0.5866331241187155,130.88728438718368,1
18.33349877753815,0.9495015895110014,5.791597697419494,0.6395326217932177,57.61239131628895,0
9.413079191508956,3.2956501480284586,13.881453072444177,0.9673552053946759,100.13776828869783,1
9.220460235660756,3.3597476490123017,5.456757812805638,1.36461014291847,123.66979908865295,1
6.261445939956512,6.132753721636544,11.451523375079384,1.1873004313019362,128.50008087430155,1
12.607150111796086,2.1316586959522263,10.119141465158904,0.7731369276565336,110.45920693295278,1
8.58592321089095,7.853544305889638,16.39456819023447,1.8473860947037057,210.2846971825765,2
5.921374152778043,8.404759909085511,9.280625108901637,1.4670654132466565,272.70023588216475,2
10.45809451238526,9.357951978081426,15.44296122344715,2.0117915916289597,213.46039358528355,2
20.052007567511627,2.1628272617258535,4.470686333524088,1.008025374988443,31.476728657784896,0
5.28295181315107,7.650478996238864,17.6394618372332,1.4388636331917193,218.28327220480193,2
8.37474648447501,9.15632012639897,12.53614429738682,1.552215280230747,219.57037107453186,2
10.880823997008253,2.6978301482052007,9.540748800971034,1.3251987904981317,173.16720256489833,1
6.755595697918513,8.815573913592644,15.727237590628613,2.3482015743122635,226.37951890520674,2
14.363188972300758,4.040484753919362,8.396417230187657,1.2277533926946427,166.27812356988045,1
8.777677639079984,8.35373748333677,18.857771523856133,2.0163482026026873,249.54293206966932,2
11.287154721074279,0.5764264291943934,3.876315801296602,0.6719041430144134,66.34866202638867,0
18.82360610477747,1.2166692126671637,5.866945663284745,0.5237156620086478,77.79198231895592,0
11.90102909151825,3.379164413029321,14.170999550596514,1.594766180113835,197.47459429151667,1
9.066974585536718,5.089601498446326,13.919610914960705,1.3535949372573577,186.2832449033289,2
16.364921316768108,2.3476198676827615,6.684594654027805,0.6034793967836062,109.45250265274557,0
12.491614205209368,4.39556023936935,7.264653136994075,1.2778259973789476,127.8924874352828,1
5.489517184319535,2.853517761872137,8.049483183741525,0.802139163190893,104.43603034794678,1
7.887473865512983,5.913904249703218,9.963170399493473,1.2851783662814165,119.68162259360255,1
5.181260654727557,9.393969602555897,18.79011159166984,1.5854282595255251,291.4162382874188,2
16.009301709037405,1.8293174635354046,8.80311851022734,0.6367229060841809,109.02905223222774,0
15.833629563125916,3.552669046642296,7.82525753870351,1.4120865029761627,170.103280608911,1
7.061697334107015,10.715393700585118,12.272307991600883,2.0584809816745313,275.2726447838347,2
21.29189801447067,0.9511968225156932,6.00048093887314,0.519959954034125,46.76119855904209,0
17.493131101640138,1.689914777906207,6.906250090752174,0.6769628130145939,42.40813359808125,0
7.717472287993233,9.670679126938609,14.387780863288558,2.132387690582545,288.39853263231055,2
14.7148861244826,3.72903190110875,14.3092885586766,0.9888251023753366,151.87248828120414,1
22.354610717529738,0.9328581961018597,5.666480073044857,0.6254767045873545,68.03467705993822,0
8.631811977968967,7.977750598253579,18.48937244232076,1.60848173192346,277.4525446636908,2
6.0769737294901836,7.5771258006502045,23.064134193232277,1.7244379309289195,192.8084018417517,2
17.884089167743937,0.15475388579179772,7.4461661341906495,0.5611718399445252,23.18802028199833,0
10.113421999490843,0.36248379562361854,6.15414425436108,0.5695431920935511,101.3681348566502,0
25.820084891052655,1.0024673014600216,4.641579050749223,0.6123769048984784,18.019201890469386,0
5.482964407234405,8.974083940314442,14.652879421802558,2.1715969288225856,264.2333789489506,2
13.356291865352063,2.4116615218131523,14.26113954408505,0.9532993585941828,162.12487857561325,1
5.260022038287209,9.128593768588722,10.454451340438823,2.034669935844259,222.4352994108579,2
10.110341287281855,4.41749929374506,15.341915798433124,1.7488687788963717,178.71855462475202,1
5.985431670667324,8.165708421980408,20.576411265079734,2.3660901185896193,211.22198052984413,2
9.964515808538334,3.6334006443356164,8.207856816864572,1.233125414083836,133.80049374532499,1
16.66682016703004,0.489378427442282,5.218815198040117,0.6113639014797569,50.725540425303436,0
9.34402070334582,3.0728357324162796,3.93699303737127,1.2509834133154447,110.04028645129439,1
2.2188843899595154,7.599173713294161,22.61435682736345,1.7470636459388547,291.95371290675325,2
4.579934065037867,4.8916316342391974,19.416807462933846,1.6008125466706271,199.3968402804929,2
9.386936857094415,5.639299525356467,16.63203223237639,2.0948658668350846,294.2206256359992,2
12.022052024759098,2.700591365357988,4.224213362237544,1.4181367444456479,99.31457985009301,1
14.477605176401395,0.651075646794012,4.4847590289780115,0.5895549820049838,34.3957441126901,0
7.896277454813415,7.63114479653757,18.790217377906693,1.3868672949615521,196.67198753285453,2
8.968592890394092,4.914356491315286,16.61623981137325,2.2627259194042013,203.21155100159478,2
14.357922296596382,4.706598341850337,10.50090287000249,1.638204099638741,165.15828758907566,1
5.970270675192436,9.967976931322756,18.358361642794737,2.439263453405796,200.72772491372936,2
11.780678093973185,3.0510748970975756,13.047811670690669,1.0789860762093952,144.3898339027253,1
16.126772281957223,4.101529292455533,15.200360399814405,1.0135013984857448,146.49830793333894,1
4.591826099657607,5.407790540614559,16.3468623712643,1.6102385097234708,271.6378360695065,2
9.946317514628927,4.591849500496247,14.821745686139433,1.4904566492962141,291.3165261663824,2
11.889333140793287,3.2988459643834225,5.152070998848832,0.9394210708092876,148.67377427003265,1
18.54518753559794,1.0397368450402116,4.882470575446542,0.5242474724448996,99.8320767521786,0
7.062736832199417,7.095306932735226,16.72778781146038,1.7218812418942773,257.63120375588227,2
18.471091045735392,0.45560324505999505,3.509353032585819,0.49804001585994295,55.22587701279858,0
18.558106383181617,1.409132400743963,5.63494386946218,0.5952122258034956,94.92137239409894,0
14.54200897606273,4.2773286022161505,5.02191262231069,0.7729394577089306,90.46136894242026,1
6.97243317602654,5.82649379340037,15.367381740431707,1.7899115216415493,195.1173432983002,2
21.609072308805192,2.056796631632568,5.216028241959002,0.46400271822685607,87.30121292185456,0
22.336525939275248,1.4910930769126243,3.5108789192139414,0.5378441007442224,26.019151137596577,0
12.152741086606419,4.204481192874413,4.342406146407372,1.0882313158287256,118.90136719784942,1
15.257948683335975,3.5900239652219246,7.000314123255699,1.8580807846830214,212.00086760755562,1
3.9971108561807256,5.059910819473079,9.840520582832253,0.783014475784853,142.15792760247274,1
1.0094662184007674,6.957813514087248,18.377185118247205,2.1983554348085432,219.42421399154472,2
1.0,8.494280006642958,12.461328934949826,2.1555594777165306,218.97514449459788,2
6.536901012109409,10.250326052224468,18.408849779558487,2.0344294640053073,203.46684131469468,2
10.297658156314945,6.1618340893986225,16.066522300262136,1.7493531406697662,126.05885573332918,1
10.652440956922268,5.638513437637803,14.430748009916021,1.6811316765557225,277.3962383957648,2
8.208357512777667,5.161630091044701,7.5655553890464855,0.8451553493087133,125.07348752600734,1
9.170271712068667,2.8894537022811306,11.709704189327926,1.4591483186065648,217.60922555316188,1
18.50781220537705,3.8011824053063576,9.800901034686841,1.1767640978201181,122.13271679728729,1
13.717846176170482,4.544114187066819,10.205389193115188,1.7568983140087462,171.36259424999784,1
9.595507423574483,6.887739045810113,16.798345074586436,1.9757969037096772,276.4108282917795,2
18.15472296546066,2.977158251149599,9.183536867082285,1.570002654135239,173.34553045675733,1
6.339894529511998,9.332444091588648,18.774478637130212,2.2442561849896725,196.24349541123092,2
4.7196056044877635,5.035909081850084,13.276024773465638,2.0042576482080134,278.7858780853259,2
6.949573906005048,6.788051656291647,15.449845048681265,2.1031266281021153,191.17311367205528,2
4.832668333143813,7.103235486556974,14.321037457524513,1.8459593186770444,297.5601756506879,2
15.133158155629737,8.114692573609856,10.345456943321427,0.8064789923264626,194.46378818204033,1
3.9952220366209654,7.160779697173624,16.99900638834712,1.9979689047589164,279.94392148842036,2
9.662842787079928,3.5862218431992456,12.594547669896743,1.2449418920823256,191.92803137770224,1
8.264096954242111,7.843433376850616,12.080175920040595,1.9932929035042668,261.24488221772606,2
11.658525683077569,4.519567513652363,10.491772190780289,0.9772022502682864,114.61520407188162,1
19.874243318500895,0.32125709264734825,6.1462556264824,0.3321200262098833,98.41853795318227,0
24.200196166213708,1.2597265884020148,5.285981269618433,0.341098407199985,59.55901929737836,0
4.6098588729698875,7.08027141147034,16.192307694850676,1.8558190517461164,267.8711139010148,2
7.1396055916734555,6.932945776387323,18.352784708507276,1.9419634671319033,185.56852302949858,2
3.0998441469512388,6.994963569940028,20.4535622975461,2.7671928971197413,182.32986718518788,2
23.867041850435786,1.2644587141003487,8.267896367047296,0.8632163317269876,118.97470727723424,0
13.771506956385835,5.573059272026436,14.546438997062832,1.160914125214825,120.57022410109421,1
22.733315971244277,0.8325489443365107,7.145956095532023,0.954580874192904,39.57388658204128,0
19.08788788086048,2.151061103563378,3.2194911599026925,0.371637795859989,103.98394646582483,0
15.627691941671813,3.970856205195969,14.9168815827995,1.4724067987608573,219.15520285144206,1
20.76366609657484,0.9709355135661266,5.293870596773376,0.5216802644970011,15.996020515509155,0
13.293264220911306,4.782229323418721,8.576528665754884,0.7979946816229344,156.0262472390661,1
16.574605926875183,0.5106930106443527,7.237264668308423,0.6019565061565428,36.548467422124986,0
12.09850742730392,5.842757174573238,15.349343559977518,1.2223220015778442,154.82118022461685,1
21.35041064830081,0.670498427102026,4.024787551855013,0.5351162718270568,28.069237772409224,0
23.83354327936817,1.0413287814808638,5.458149376411405,0.7611477019073342,107.97243010080267,0
8.755819595506004,5.151702300530343,16.750785212936417,1.6186232522190747,298.1377779765976,2
7.868534538287506,7.384244529479237,14.04310178651631,1.7404315771410142,263.546629800584,2
20.9715280526011,0.0,6.106298312758418,0.517769955274984,30.435465016857858,0
24.206372162686666,0.3251640302036234,1.839496126512946,0.6024080127965896,108.95320306020253,0
6.2659172078350895,6.438933813408005,17.797275301344865,1.689341951532818,187.32332537189038,2
6.580098936435518,8.440755782615186,14.552295973866768,1.8496111776020616,291.6589946251721,2
24.629385246894266,2.0292778955180997,4.668943697293345,0.49809231452904745,29.99567539390981,0
8.4377268390814,4.9968020598278216,19.77820540897637,2.117200676500005,218.58596496152546,2
23.124695426442763,0.22689274458543962,5.522353613949019,0.7534801460021979,23.982153995372638,0
20.44214126989576,0.49894777905359444,5.98812783795104,0.2,38.467164920097645,0
20.270112818751695,0.0,3.9112345509496347,0.6166383884564799,76.82993370915823,0
5.684916832273466,5.062235098733783,17.998074566634816,2.146618535291805,291.05419107342397,2
5.007910119660216,8.833291270160192,16.130270226449234,1.4992925434920772,240.6076541015995,2
12.289131369342108,4.657047784202864,6.614945987467667,1.5790617032389525,139.59860030584045,1
12.125458043686017,3.1637607826560963,13.377270547096304,1.2369152359676339,102.68929976986198,1
6.803109371646503,9.014512125604197,18.62234224545358,2.1206329858612474,188.06105175190274,2
2.6500414576203255,4.062390438609573,13.91219939004651,0.8858550516660127,188.74303840880808,1
24.782125552346837,0.0,6.009163628954781,0.6939807545005413,48.57069606028616,0
5.271276995148499,8.38251447921635,18.108210014828277,1.9649681641414876,217.976943796543,2
17.934281424449715,0.8428267332575222,4.588281138239319,0.4880132480189642,17.813837794840232,0
5.830817108689958,5.733864908507313,21.193295080318066,1.9353682218290027,191.3585256472367,2
3.268320489593128,7.042703410657616,18.937107476402552,1.7070538008396663,233.88350947031245,2
7.002321973441745,8.037557670411982,20.061129519929533,2.3424081956037046,195.90874407234367,2
20.668148002905422,1.3339161045871337,6.117301830027621,0.5738774085376169,40.31234539400963,0
12.622626884666225,2.383857205461479,15.54360098710631,1.5571588931153029,96.72371473210495,1
11.475866886210078,2.5043916476549515,7.520525872869296,0.9399079630702343,203.82492766680286,1
21.675039840509985,1.1764668301898886,2.4580965578154346,0.5432130385180268,66.88297239426115,0
18.706082312493493,0.07326946194176776,5.395298605799014,0.6601037755628559,56.081598727221056,0
15.68273851520137,1.9051169025080847,6.47131224298754,1.0152792999085332,105.14015735591218,1
9.43101361004616,5.4193138039861815,14.30122729322179,2.1120648763799954,272.50748199354985,2
7.858043489669582,4.494485364479229,11.575507939786505,0.4834405612566942,208.9260768494475,1
3.6457022450011305,5.4710738274851956,17.6922732981442,2.5517315864676484,251.51649112654314,2
5.864630543848687,6.058080877834007,16.121170380335634,1.7371909037786875,243.4270154920418,2
8.014944625461396,4.198738150116067,14.122407472450329,1.1156930408171837,150.04950814338287,1
28.226174259318164,0.09528925173926739,5.947264153622909,0.46104283050276923,29.71785813132088,0
16.285927632043666,3.327201975567206,6.830255693268298,1.3484356305990293,96.66114034903521,1
12.13742390559479,4.082556254007628,6.964656472831498,1.1015804387416517,182.35039416697873,1
18.897191228316533,1.752556915058146,5.992329811195873,0.6066401960023671,17.322120070564516,0
6.789819546706682,4.406167726374534,10.446659811861311,0.7454655191251558,112.0766449664455,1
3.688530979004091,7.943306881678755,17.774874169853977,2.3661499426887036,181.52727380279046,2
24.007299414727747,0.6019433292918343,3.4359930149779263,0.4860445323779569,17.500528174200895,0
7.828230934583511,5.677618880479399,19.315332711412573,2.0581155067787833,196.74655254762772,2
19.9907768505167,0.9906835609326775,5.480228995443724,0.6610360088784948,69.7125511767482,0
10.23492893260308,2.9345449773565875,10.931687451112833,1.2657716752471013,184.17985502268354,1
16.307067015556385,0.0,3.0482534940453343,0.7580462694911759,72.30451043265869,0
11.436321810888451,8.296087080421268,20.10231712948918,1.857914047495545,272.1127223349878,2
15.460508549344631,5.395088401825408,11.306638956977093,1.2499455817731442,197.00137877089446,1
13.6754535623377,5.402315911354587,10.892345815671847,1.3173953298631607,104.5747742839655,1
6.329433050965326,5.0966911110913315,8.94652536066349,1.6182810250180901,235.60759759272,2
6.339642850459624,8.563010491540402,15.256955625710498,2.095443174012253,260.14818152818316,2
13.524537867156983,3.299436679696022,13.769512353820335,1.537039415377153,152.6019416265438,1
12.596663866067061,5.454712069342497,9.172269362793909,0.9108718204873448,200.68703052304488,1
13.38108689436001,1.4310385270154098,5.302220874569615,0.714791465754714,75.21241985589212,0
13.569971348185765,3.0392915891822736,9.071470342218312,1.257601271090603,201.96242007379846,1
11.306511673896983,4.976363378370682,12.171918232208103,1.4696709629607327,97.73840559333692,1
20.682376814323455,1.6684523186799232,3.218313315097845,0.2512920507821398,114.20116735729968,0
3.00590512676405,7.146739737778401,16.52310276330491,2.278449697240715,219.8723662495854,2
7.973353372138439,7.9013033705852616,16.239066344334194,2.307903020950585,289.38588579662076,2
8.342342718103216,5.423302396335748,14.862371410220325,1.8496493702858707,217.96191453156388,2
5.1031924825118455,4.095851265124271,11.63204481491924,1.3084797102436507,204.77508986387394,1
23.82107694882882,0.9690056840083656,3.783298470641325,0.6888795460976642,98.56311296301314,0
6.6329628284956765,5.208541388094847,13.813090298293421,1.101877970740864,205.46312834918973,1
20.531878696587505,0.4399033480486614,7.390093257849685,0.3715219642824338,15.031623719376412,0
17.871310175026217,1.3083784563655618,5.825961131050094,0.5560568076354683,12.213389403838145,0
20.690107131692358,1.4086903913186541,9.889165505165012,0.5186576493356003,73.99103121633053,0
7.011767555700747,7.193504137020676,9.6984570512986,2.0958641114416863,262.8306431294545,2
20.392270158155778,2.0366974254904116,3.5623352247825393,0.7117507969315922,47.95921200645571,0
19.622512999858476,0.9312854002257667,6.625378851287991,0.6866865770687265,33.486250294173914,0
7.707358751782096,8.075091471576014,14.761842162415707,1.3831832555303933,231.47591708241166,2
10.154654594100947,6.241825717966728,12.730590867499199,2.0955800203090083,220.68841033427356,2
14.432166476193075,2.363281662447294,4.769780612153522,0.5481121006429244,39.17513747529421,0
8.997572417871918,4.735247543241363,8.250665568740672,1.4810259790591278,166.2635916179325,1
7.121472251162609,5.84868024815477,14.3720173030778,1.7774989958062948,266.92836003814693,2
22.082007532307898,1.3408825047867177,5.081228173931065,0.8148879177337944,35.619202251442985,0
16.67504988042593,4.794767370841963,7.928944401621132,1.1742408297606715,193.68791543367252,1
12.998447802978191,4.239635435950477,7.631338943451037,1.4212917600179642,205.48000716690171,1
21.17180733407534,0.03872944948758583,5.9063272081211515,0.6349769285692287,87.60463171280863,0
25.911576178966065,0.5853838253810821,3.3830127942136246,0.5247364434623195,112.26674175768304,0
5.0201693739529025,6.68426795419445,18.052314972804222,1.940374985443674,221.49913965428152,2
16.46336608022493,0.0,5.119535674746565,0.7424284376941512,87.80068030962339,0
8.454705164537721,3.910412159682206,19.073965570853304,2.2435972797096686,241.8623899097252,2
15.344569128960702,2.465297827726709,3.5334698130272923,0.49952949628862076,90.96389404686721,0
23.388316039940136,1.9780007319095043,7.429018570610696,0.5865716084628141,98.62371682450585,0
8.647092239683946,7.02582937409584,20.000915685579482,2.242436373496381,255.00275987177906,2
9.088750261312416,5.440588548128478,10.622261754884299,0.6473906468282794,100.28880687616723,1
22.502032067324144,1.708185186391193,3.815288088695893,0.6185321543933373,60.024077680792715,0
7.161427453452894,10.511083917288516,17.056034773272593,1.8358968488235352,215.28356857861252,2
12.300869167521116,3.7432534849749404,4.562923880718641,1.9891845029555615,119.0542608532592,1
13.624145080706803,0.8317424035969161,0.05688018337147849,0.3486312324845249,74.03592830962162,0
5.372056408218977,6.085145939576197,11.663169397670313,1.91212868195004,271.5827844863394,2
17.734421635141107,1.6652934289443229,5.4189401672955455,0.45231989242770476,112.16397633260416,0
12.226165407703045,4.404392608115872,15.094039484510464,1.1604189855318738,132.6864558025367,1
8.695275630138855,5.574641918282152,16.276363846218914,1.3568731354808916,289.8297923424137,2
11.105703328251213,0.5855447844199546,4.398039375213556,0.5052844458775225,83.01077967633323,0
14.106829282654735,5.764518763615046,8.90831863147323,1.5646441780903895,118.79513661100086,1
6.4636047388171765,9.441078871886868,14.494259490584012,1.6957246578035903,224.1047506382619,2
19.36864996063896,1.2466336509110567,3.7992286142577885,0.6209480534348026,108.31516065381393,0
19.702266283599815,1.4965376780405424,5.355402001866508,0.39969834619348477,106.0240419464049,0
8.10979585401573,5.789610520764573,13.226928604424563,2.092425930660015,199.01871878187342,2
18.161372910908014,0.13612604177481036,3.772824789274411,0.629436141100008,49.76942065392522,0
5.59653503236491,6.614087664785571,19.173291087011748,1.4581717501307063,287.3373666704184,2
8.838372307353907,5.41098896908776,18.1492906109722,2.2467198136362674,239.82313489756774,2
9.840723465819345,3.798302818714221,15.929831001641816,1.3579385440235603,212.35881256238775,1
1.9655392467393291,7.466219104074932,16.319549728971722,1.95632044458116,208.9561970705957,2
13.742886884170805,6.400751118657201,9.5932355709135,1.5039569413531166,97.94338434325846,1
11.161949258829235,3.554882675670798,9.756420447593591,1.4506000306094506,100.09656203118595,1
13.939235751205791,2.0934994139556196,8.289935427002568,0.5626445940665432,14.03515231796577,0
14.961226208727854,2.082024178252203,9.484077382343731,0.9180944051456089,150.41385430583745,1
9.100563986795528,7.161849547401154,15.946774496456866,1.5785263178446907,234.84303365771274,2
20.957909846823586,0.374385890473914,9.44539125827015,0.4143268583869326,28.481562851934974,0
6.661236553082847,6.41037042431098,16.239687858889145,1.5632772514595468,242.27775042279345,2
11.504689591962851,7.485022984455022,19.19621830538227,2.2926415673350493,250.4334677896142,2
18.852031256836003,1.9203896400266816,4.499527668685851,0.5523314679131534,54.21471170767415,0
9.93266460683463,4.561228124630663,13.93181773844039,1.5513305915008677,90.6940884560595,1
7.766684279410256,9.555960657598051,22.189550257946742,1.8164295704129538,276.2748369577633,2
13.883041253623423,5.99757018635953,10.791266754467728,1.0323601283812978,111.63385696042218,1
9.098001402130802,7.495162015172728,17.8259690159024,1.7966539705137763,227.9087003603015,2
18.539036090040614,0.0,9.071747070363585,0.6703467117222701,96.23690355561484,0
6.550019689442687,4.948051844955664,8.632351793883942,1.338622276769255,150.40151921291078,1
5.782934454912006,4.184838210020305,9.751906764944804,1.5408574123927625,193.94522373326038,1
8.071308102704949,5.346873152835903,17.102587142684236,1.5025416088449282,261.2921621335561,2
12.956425018884767,3.9748947551403075,15.68836982876304,0.7917495065096762,97.0901558877696,1
7.166076399626607,7.633177172356693,18.695038375226588,2.2914820612024096,197.32374706436093,2
7.5745358582415845,6.943127982800846,16.295578074716165,1.8398665051968324,249.72194834979234,2
6.7394837851265015,5.190676475238973,18.16742173272747,1.6467006264758,183.30818890030147,2
15.665124418559861,2.6294623156976638,6.504500152723527,1.0168760562305599,138.66369998057615,1
8.021419741917938,7.56702347164033,17.26755443302481,1.2303131931764448,194.08848748363198,2
6.777717349609697,9.03212011847776,15.431370557124977,1.9614107572713755,209.96596963620033,2
13.02267712288697,1.4657955820510087,4.86805075821838,0.6675983333001982,48.22706748451301,0
17.179952576966365,0.9553847378738352,6.116653825043445,0.6114008087118618,29.28332365934256,0
8.466496945126007,8.950464318683045,16.188729191784354,1.799850377661945,273.16409541588666,2
7.376780629813094,9.042553179898489,15.950700072397723,1.819861206807228,214.97419771744887,2
12.740718190249835,2.649762606714732,6.733919768570973,1.3684417889478397,140.79326749310113,1
4.689848758079721,6.9436917979416375,15.010770523390397,2.135753923946845,263.8631076635873,2
12.153154520230045,4.83587961214905,8.752551370364037,1.478360629642564,133.58748122033117,1
9.465837087696277,3.790744351115319,7.320251507444807,1.1897456013508532,106.76184970457624,1
12.985689345562546,3.728822145587125,6.134945742387876,0.878847559609374,184.47828746177066,1
18.084650175966384,0.3097793887655035,6.386957823827988,0.5411981040121305,83.99732936297877,0
9.66397844610886,6.223236513823458,7.842566530038322,1.1708388989220662,142.1876614038005,1
11.519776540175085,3.7079076369185104,10.169531945396669,1.1625235214029304,200.53883575433292,1
15.627359429851786,2.904951979095312,7.226320515387497,1.281705746277589,111.2319132628601,1
1.8358816584730633,7.321868389363223,12.146647413152138,2.011413729285217,195.90585349258492,2
13.773483305904385,1.4848079610765117,2.439141295007434,0.8632191272976546,70.72518989371783,0
14.46043078236918,3.4387135793697015,7.605381770925538,1.5055612282951183,145.45187105141315,1
18.76529036130087,2.2359878363058927,6.034460100554774,0.7900270860850687,22.44097133662047,0
10.102645818147401,2.4328001131177244,10.05792258767839,0.8456608610284051,149.24456208843202,1
26.271184524785888,0.3123999681598585,6.050380780675456,0.4293289260519548,38.58109517343294,0
10.622904980463298,4.698068037964607,10.656154798424463,1.149955577790482,201.6760228618653,1
18.661441864563567,3.790166037187982,9.387278531004485,1.4159329558433096,189.47472638753388,1
7.236435742597514,8.37515240608656,14.73926222238629,1.4210020595428565,241.95791866189415,2
6.366584135348171,4.5101982246133145,18.521090798664336,1.8172110710634997,253.45312912876045,2
16.85277337241446,0.372403142088372,8.59850209137239,0.728834219498981,110.27345759893578,0
4.21088097334785,7.151013254648401,17.848077126243016,1.9869009436414422,199.6446981766103,2
23.476618369987587,0.6355683791809035,3.2215183435433516,0.7432950837356629,40.97776463161949,0
7.539567858799872,7.017390788988057,12.922169980901716,1.9073942134631627,236.45655012900363,2
10.726205501933572,4.477165002131535,8.611790056010987,1.1078854977224695,159.3339549360344,1
21.078677429588282,0.8159548515228938,6.415431082499241,0.7083810120435116,102.92615509285764,0
14.903436632413605,2.8932111324787164,5.542500281358449,1.3334166786222532,124.08230172641001,1
8.5026881484991,6.228212395419007,9.947392273949642,0.9836091748627629,195.7346327758641,1
24.872778847017024,1.84589464430258,6.744394000145956,0.5527369903208836,89.79087602583432,0
8.598405438484285,7.545837043225081,16.022311416429744,1.9612764827971076,191.1914637490715,2
5.250639397321448,4.63538528828548,10.738051537773462,1.969321322344576,275.5244585836275,2
18.190774723003692,0.0,1.8321943530285534,0.7140621984216445,86.44800747391967,0
7.235688652282601,5.440047772574423,14.164260842074537,2.0785471971654186,238.20632017145672,2
16.55496847370194,4.607746295809315,7.092547801782021,1.2072763661660972,201.5778736219038,1
12.693339813148537,3.195188516313882,6.265831609243701,1.1681373924843002,116.27096094706705,1
12.109859779074668,6.0233117852067934,10.118381741392314,1.8623995959992903,153.93547190191927,1
6.955599553129351,6.976679269534638,19.204483104627954,2.188408107945644,200.70380408245305,2
24.93900765617918,0.174435806324452,6.190981795278515,0.5115157865305664,91.24006587366598,0
7.679016026974016,4.672138842801347,13.552120714639422,2.1684510064433704,226.01113599766884,2
17.43466731958174,4.6948915610506035,2.5265157755456196,1.565017047749384,140.35334471137003,1
12.824430008528438,0.0,3.581958084739019,0.8929888706289852,81.30568156886306,0
6.7982781538419506,6.340422460933564,16.74680383558335,1.9505352309797481,252.264014799934,2
17.41276541123368,2.5642861538785517,12.062643143863673,1.514592212736193,177.29935877710176,1
7.688267409656131,7.93539929057802,20.75115263691862,1.9986300554323173,184.60188611104888,2
3.4499096720484523,4.653498880952354,16.16258152376821,1.244346221710958,140.3269661662493,1
8.747477636182664,6.903133182020868,15.897392225706305,1.6915261667331654,256.54473996881717,2
7.622597234860783,5.805218038444686,17.042547394680728,2.629608092554037,291.176544547159,2
25.686331426690696,1.0134600530302484,4.073872111531965,0.2,103.36443438094457,0
9.948942854912744,3.448122588813706,10.395910005836726,0.9438837542353178,104.78912012248473,1
4.853158115442165,5.239593850500731,16.28234624049769,2.045323264360664,274.4858910498967,2
9.224121360066315,9.507031126139692,19.081574680121243,1.8949596052066777,189.34725187141885,2
8.019326215420246,7.717614525015665,14.585072264094524,1.966032947138099,250.22667450096554,2
6.263158414276047,5.053647805689211,21.22097188725139,2.042208858447792,183.61695812670337,2
3.943316835674238,7.838792486063,12.652658929522076,2.2327682607802624,281.2894481258682,2
15.757039086894025,5.3637466891898145,10.309353777151614,1.0645663829025198,153.0211478117581,1
22.420894804073022,1.8923466379049076,7.105583113805427,0.6335622479361459,41.83834737814367,0
9.382470390361483,8.606286396868724,18.56295201752135,2.287524355219789,191.3073706729041,2
17.640362808536974,1.6754265824779342,4.650110867997376,0.43951570063792444,80.83522373923749,0
24.543791383775286,0.8768018678417346,4.676090366117345,0.6657619049244967,71.67639295132481,0
12.05810198246194,4.699276669993076,4.583295238044391,1.5002893770866947,199.65272406585717,1
6.196973734194189,4.636167207163734,12.717088358219769,2.0305564224793202,271.7461757124588,2
25.79528043335086,0.7479344576728613,4.5171388705500135,0.8200173835348463,97.14089321027696,0
18.54470724290462,3.5606892245107153,16.030452550267402,1.440789210397085,169.6711206152373,1
5.9714620568587184,8.349744244199435,13.838834923598586,1.7333798801672984,272.9160141336181,2
14.46804727972243,4.40238070767677,10.54091515401251,0.9131592891124383,191.5266720933468,1
11.18578481950651,3.4432624366187103,13.63210375944255,1.194818028585548,155.67154249795522,1
13.37754050200459,3.6465068314000053,8.912597080721724,1.255647300095547,196.74639358307337,1
5.884449274962474,5.297538752651114,13.801560516688902,2.097837557331806,250.98778351250934,2
6.3818794828460605,7.122845012801187,22.092860852047448,1.5115078077711739,296.08506383738376,2
6.672544094364659,5.779817914406527,11.514236445990395,1.5286499589563978,216.92306923836878,2
9.55404828999642,4.975507721067934,9.154106534712382,1.2321974649402356,198.91734359006813,1
2.2337756378281535,6.640713524633397,15.886321504615932,2.2844486197760236,209.56456783535782,2
13.713094393191442,4.7543193916364554,12.0979011991537,0.9227303954042418,194.0070730336783,1
13.94423403364052,5.691885586322703,15.663059737024133,0.8321797420660697,134.41008812075353,1
16.563044824027195,3.4007545548170146,3.503143018456595,1.4641739012563053,195.283933955014,1
4.671990179993293,6.818262926213935,18.84659573634052,1.786226227668622,184.55405835130577,2
5.545068587532656,5.169378683783373,14.71419328915387,2.2206114940403854,270.5546139318728,2
9.747838996521562,4.951253221280398,5.57002832944584,1.5173403022625755,122.04212824497571,1
24.81837831747356,1.1460304775061405,6.253909496512265,0.5584420349581363,31.03663419837335,0
7.359046603074923,9.773407927842788,17.213224462214253,1.1762347546240566,218.95496687741334,2
10.386064413534134,4.559733516208314,10.237143406450837,1.1135531908466647,216.8778055210185,1
8.566232173980673,3.437382875125811,6.313671552851098,1.1372205865006773,217.66580096222992,1
5.491463677417073,6.8098250400419955,22.45219206548815,2.028591130828378,213.06989569893102,2
24.75806017066017,1.9368965048271418,6.116583349511593,0.5759443499126328,28.40927354604591,0
14.802935213012313,3.4811185752664464,13.818730651742271,1.1810707341136961,103.67840163843715,1
20.616192310807087,0.9661052715666617,5.133185143503336,0.2,110.09231739756905,0
27.01277920826234,0.7078779094414294,3.3190140289866172,0.7030857675592932,25.98146107203653,0
15.993519960420338,0.7751197656912361,8.595373053699046,0.6961264291900514,98.06453690199912,0
19.962845753728736,1.2455848581489901,8.626815397030846,0.5485681707663653,118.2082741530067,0
22.20590510095809,1.2724713731203974,5.781391841856288,0.40102918075333754,87.1253553859221,0
20.012590907625306,1.9839922947509465,6.965366285539883,0.38998939152254863,48.50075553204966,0
9.18505082935684,7.899161522959388,19.2972191876619,1.4901260111808665,197.63255951352153,2
15.271416507170981,5.253976594159833,7.186139773465323,1.679594278077333,141.33097767247818,1
10.705633066320345,1.4558953418557907,7.791809039594457,1.1067187450946718,108.93173600830869,1
13.529627948720279,5.48466597146126,7.296207323260354,1.0511649665455427,95.21921010373624,1
10.987493801527606,4.6746274368222895,7.57129783946238,0.8933071031856197,165.03629069637446,1
21.278098683131823,2.322893814793828,5.279774465678255,0.7494177322366693,68.80151410719395,0
7.874949328843227,6.3305008042718525,17.128893337573196,1.84028511539777,265.09040177086194,2
14.669570855356483,4.504919875022304,10.361825642840737,1.3986920689943902,120.87095793895695,1
6.4400677343869415,7.169123407115125,13.7548504579269,1.5170145399266015,268.7380302745593,2
19.839368197422626,0.0,5.2562088298215786,0.49784225137876786,39.58927448786075,0
9.365554740944166,9.045334816413593,13.129004543979205,1.9578464651085798,237.23614693151333,2
13.90573660981187,2.76850914963652,11.83070501708199,1.3424226314519672,127.98298443966584,1
4.633211651140861,8.035142196404024,13.64317815662661,1.4305315242892664,246.24920355374974,2
20.198314081938825,0.870924630678565,2.1746631636579457,0.7819974613778462,17.88830777324161,0
24.745844149321297,0.0,3.7231751626609215,0.7591629942238295,88.77809919953722,0
9.83678220601285,2.5584677214905023,4.889253519181126,1.3602856137623527,139.13845510729502,1
10.79377122168045,4.437551624730461,11.671293875712987,0.8725412672891522,201.14033534643926,1
12.519592928126242,1.8092617857224242,11.365439142848555,1.431818513375818,170.8448109891413,1
22.18838952468015,0.8382458780528848,4.56463759354556,0.7648165277980785,92.59581745706471,0
3.6415838198924315,8.462660714933213,13.802851763214761,1.6277510857792024,186.01265118059663,2
14.803964122009871,4.443910735605268,6.648018973206296,1.187552668626786,127.62266699157365,1
17.856794147790808,0.0,2.7669511201026817,0.7853717430010407,16.224422176138717,0
20.57947065863022,0.5081817078744653,3.5834230747966735,0.6514222743603936,52.222277134947745,0
10.313227429414514,7.32186753056833,21.225584864170123,1.6305071703229888,238.76631046091399,2
16.935516677557317,0.09754995615384487,5.619789558761269,0.4089621677105101,27.032553411220043,0
20.181965905323008,1.4466691385693644,8.71329487312391,0.5277351043359787,90.64764159504796,0
24.15355502293845,1.4043392745733594,7.618945792701426,0.5147786505248498,116.09243192908927,0
23.975128858121757,2.09913150816916,3.295226467851793,0.6713048416038015,36.778687844195176,0
20.129016916243827,2.4532849308443785,2.9923005459382295,0.7252124583964953,45.68820514985728,0
6.658814670419862,7.611127051977963,17.91828412657765,2.1678521662957886,274.91011203337547,2
3.463472980997028,7.876733182971193,13.177068216151849,1.4835122705545443,254.72318911439706,2
24.83472804334121,0.9729881748818767,4.321739458144202,0.7750177489804811,46.662984585757755,0
8.672194240598499,3.677856926563883,9.682845925896709,1.3517430796930978,203.79278074292804,1
8.847725142318259,5.003261022261039,18.45587105047145,1.2943840830162405,229.48845080839106,2
23.26679407085428,1.4949295677679457,7.572537226809202,0.7593314776370568,103.41152167218512,0
17.326472547720144,2.22496477797068,10.41895502264769,1.219507389356634,121.8001156267946,1
8.198927837250348,7.8571444273697235,13.070720224925381,1.9202619337209839,204.0890619798892,2
13.051499315374194,5.659788602960161,12.586334137101204,0.8377186477300617,136.9934958954822,1
4.493583917516258,9.659084652633828,16.2552134175959,1.424099477460433,275.6957388447148,2
21.52381134277365,0.6440418956302645,3.197009786211688,0.690505975942098,50.3394099453179,0
7.640014053855948,8.49522443430823,16.00034393131108,2.136276542008335,286.6843252959842,2
5.507304213206239,8.244600821481054,14.582398044153926,1.5421268562200254,227.10024147242615,2
10.078103309592112,4.380901928204549,6.269244766578396,1.4875595883895845,115.8591857858392,1
14.322873174493079,4.850723741282461,2.077643093273787,0.9500416792392379,91.43365095495705,1
5.320405185302598,6.233342181506822,5.094399317379693,2.5276295714853725,200.99358165095853,2
23.85350451697729,1.3302247415491988,6.64412031998898,0.8845189473980921,20.304224461090172,0
7.228338166976257,5.165039428320245,14.458011165014984,1.8165596985130548,236.0349958254493,2
23.586354616944075,0.0,4.994499517931636,0.6031590297546539,111.27605408564816,0
15.50616838269371,3.705631016574637,11.868307375682651,1.4470070488431517,150.21985286317374,1
20.212237251730475,1.6922318049082,4.046247078712328,0.8515673805280306,79.3038035296682,0
25.67361018414633,0.7292513721481446,6.392272483939136,0.5911097966099488,63.50093109076624,0
11.710038271145578,5.935336279236447,7.902267807312774,1.2179888573087119,162.21595580251594,1
12.501008765087215,4.880017608613817,14.100240210083191,1.2939429069400596,158.32029504634312,1
7.233360240584851,4.479026460257751,9.932771654805396,1.383720048239404,133.11973271754013,1
11.003617087776243,0.4536061357191018,5.118284244544845,0.7689175539023071,62.71000653927041,0
9.876081158980792,3.014183065017715,10.671520518349709,0.9461299013410477,178.38347361313274,1
17.90833614399594,3.1185594179823624,6.165105958453997,0.8548899907909902,145.1764055514853,1
23.072828866526947,1.1723172043650303,6.016537279349179,1.188935655965449,15.526731080528034,0
14.558417701670324,4.889672909802386,9.133456483804093,1.2194306368858896,211.03289627922922,1
16.871531232807772,1.6589194398527427,10.27714437699691,1.0800910527492027,213.38262156069544,1
14.827433824965409,1.4579122489405405,5.901206825725078,0.3195275490701754,55.891276042103414,0
4.827178093288763,7.73733687910388,17.512771733452453,1.8054423820229666,219.21068103984183,2
9.218198930953438,6.842841982477698,14.459534908677838,2.3028242809950297,281.48702794945467,2
5.155951349645636,5.926261129187875,16.380311803426338,2.1259993515334634,192.56274819403853,2
20.829145005805863,4.869389272458073,17.107861902434493,1.6186302246597555,213.3316393710935,1
21.593792182048002,1.1963232489646494,6.406626122915184,0.5816514926800882,69.66252162094827,0
14.499835851310298,4.717786296957647,12.875175854851342,1.681683414972563,163.42566154120368,1
6.797142213639687,8.709080395774244,14.569061832031787,1.7150389218615232,263.09345774898566,2
10.231990306244459,4.281064496319472,10.735830796652822,0.8634095640151753,186.1234892093699,1
20.70218331956203,1.326809878701941,4.627255211273817,0.5393001265039431,87.89892975098097,0
11.797660324334453,5.432334106207105,8.973085469652553,1.4706273934764804,210.4719755640818,1
23.59017428121518,1.904175817469985,3.6513140928561487,0.48841709020116236,40.94130199083375,0
11.487863996230436,5.003841856696494,7.172191113959489,0.7295817721643253,146.60169192750794,1
9.83358235011341,5.179660178414742,7.674557066646753,0.9898120889284271,107.77035968357472,1
10.90265776409398,3.9140971685273453,7.348231150514964,1.2429254811083983,198.47849445520922,1
16.614262794164084,1.7405377676021774,4.338450207953895,0.5234758779524674,111.28320961602071,0
22.717493131826014,0.08096477187307505,6.332625001818424,0.6693886939280926,56.489211671497,0
8.125633306539108,2.595204963759773,11.785969863677993,0.7782420942403603,207.05269141345875,1
10.180963252145716,6.304564218085002,17.345575835776117,1.4022490937400187,213.4380408627382,2
6.45674404051206,6.000442888442947,14.646289763299267,1.8550028647660697,194.29131962241058,2
14.92745278009875,0.8653926924099667,5.136743131935318,0.33802999116314497,26.219930916874837,0
15.316237215644946,5.087709504881251,10.309219125772263,1.1195843512316128,143.90972004155222,1
13.416421207276699,5.091339535827922,11.023703115050282,1.7634832055232559,205.07976794745244,1
15.909658598911633,0.7576308985005592,5.047790193972599,0.5603743485126998,117.3356700403826,0
13.981262807823935,3.8231678382924543,10.094281028061538,1.1476236827316726,155.18154221739218,1
27.528097985900136,2.0763360369239825,8.186373253278795,0.5233176485353223,112.78037162459164,0
7.679636612761763,3.7549008255048264,6.895326943932648,1.4981069028901912,124.7421067592368,1
9.393235472009641,6.432709472339063,17.44264796180148,2.1094493265252674,287.62538901959374,2
3.9497887179712787,7.199749734044058,17.00537839922099,2.0093805411114496,227.5286224700028,2
4.583296101008802,6.003578538288519,13.893108360426293,2.0578857606045937,209.57910300843366,2
18.37185474829288,1.5490547655653608,5.211788906230469,0.6876619470708726,58.02756087456427,0
8.19928728145007,8.907545187283837,15.550101126487418,1.565373998940938,226.1855353061178,2
6.335604567716134,9.139351387119646,17.718175957989466,1.5606730764493473,267.93142336580195,2
17.56941461850611,0.8901512273688963,6.9155832289458115,0.6311405027100938,26.691720424835765,0
